txHash,timestamp_iso,slug,outcome,side,size,trade_price,bestBid,bestAsk,spread,mid,microprice,imbalance_topN,bid_depth_topN,ask_depth_topN,spread_percentile_60s,spread_mean_60s,spread_std_60s,inv_net_shares_before,inv_avg_cost_before,time_since_last_trade,crossing_estimate,fee_rate_bps,taker_maker,fee_usdc,markout_pnl_2s,markout_pnl_10s,markout_pnl_30s,markout_pnl_60s,time_to_next_sell_sec,realized_pnl_roundtrip,inventory_action
0x98f0899e2c5be2a6ca743a149b663f0abd7a414ffeb0da3618bad070e110b38c,2026-03-06T17:48:39Z,ethereum-up-or-down-march-6-12pm-et,Down,SELL,45,0.85,0.85,0.86,0.01,0.855,0.8515116279,0.3128934924,4768.04,10470.5,,,,0,0,,CROSS,,TRADE,,-0.005,-0.005,0,0.03,,0,FLIP
0xe8869af85a948ad0b0fbc530ed3d8d4921ae6eadcc4e370ff244eaf7ab3bbdcb,2026-03-06T17:48:45Z,ethereum-up-or-down-march-6-12pm-et,Down,BUY,2,0.86,0.86,0.87,0.01,0.865,0.8616639972,0.3049777624,5080.53,11578.16,100,0.01,0,0,0,6,PASSIVE,,TRADE,,0.005,0.005,-0.015,-0.035,156,,OPEN
0x205eb2ecbbff536d007387c87af0464ea607a884428caf285fd2ff49df06d2af,2026-03-06T17:49:23Z,xrp-up-or-down-march-6-12pm-et,Down,SELL,35,0.98,0.974,0.98,0.006,0.977,0.9786091794,0.6879474582,1488.45,675.16,,,,0,0,,PASSIVE,,TRADE,,0.003,0.0035,0.003,0.0025,,0,FLIP
0xbb3cec1cec78ef80616244a5562f491089bee026c8470be379a40d28b06146ef,2026-03-06T17:49:27Z,bitcoin-up-or-down-march-6-12pm-et,Up,SELL,45,0.041,0.031,0.04,0.009,0.0355,0.0348852012,0.5642520294,9918.93,7659.97,,,,0,0,,PASSIVE,,TRADE,,0.0055,0.0055,0.0125,0.016,,0,FLIP
0x7b541c6ab393c1e015d64d673724440a7a844e59a337e789b8b1f60554b3d32b,2026-03-06T17:49:43Z,solana-up-or-down-march-6-12pm-et,Down,BUY,25,0.78,0.82,0.84,0.02,0.83,0.822081554,0.5168014565,2259.58,2112.66,,,,0,0,,PASSIVE,,TRADE,,0.05,0.05,-0.005,-0.025,2,,OPEN
0x1f7f6a65ea29bf2d75299c9daf28917f5195ea221d11438977ced3736fb15b00,2026-03-06T17:49:45Z,solana-up-or-down-march-6-12pm-et,Down,SELL,5.940475,0.84,0.82,0.84,0.02,0.83,0.822081554,0.5168014565,2259.58,2112.66,100,0.02,0,25,0.78,2,PASSIVE,,TRADE,,0.01,0.005,0.065,0.135,,0.3564285,REDUCE
0x71787dccbb2be0af6257db8f56d25aa990afa72e2f07d598432809371f10ed17,2026-03-06T17:49:45Z,solana-up-or-down-march-6-12pm-et,Down,SELL,1.333332,0.83999934,0.82,0.84,0.02,0.83,0.822081554,0.5168014565,2259.58,2112.66,100,0.02,0,19.059525,0.78,0,PASSIVE,,TRADE,,0.00999934,0.00499934,0.06499934,0.13499934,,0.07999904,REDUCE
0x888c35f6958e2a2912cf308e88c485e30e4d4735d42554130d3f2add584ec1aa,2026-03-06T17:50:01Z,solana-up-or-down-march-6-12pm-et,Down,SELL,25,0.84,0.76,0.78,0.02,0.77,0.7673791622,0.4428416338,1660.2,2088.77,100,0.0166666667,0.005,17.726193,0.78,16,PASSIVE,,TRADE,,0.07,0.04,0.03,0.05,,1.06357158,CLOSE
0xdee3318ddfe8dee05746a0a13f75c9c72f1ab2ff008e66978c522a327b3e02bb,2026-03-06T17:50:27Z,bitcoin-up-or-down-march-6-12pm-et,Down,SELL,16.326529,0.9799999743,0.96,0.97,0.01,0.965,0.9618402308,0.4338994139,7879.34,10280.03,,,,0,0,,PASSIVE,,TRADE,,0.0149999743,0.0149999743,0.0244999743,0.0044999743,,0,FLIP
0x258ec11d4db0207ff8d3ddac68775009454c63b358def4282c774b38a2649658,2026-03-06T17:50:27Z,bitcoin-up-or-down-march-6-12pm-et,Down,SELL,6.05,0.98,0.96,0.97,0.01,0.965,0.9618402308,0.4338994139,7879.34,10280.03,100,0.01,0,0,0,0,PASSIVE,,TRADE,,0.015,0.015,0.0245,0.0045,,0,FLIP
0xf1433343b80afb011f6ba79385114f1f60371330d00755193776bee721bfa1b9,2026-03-06T17:50:27Z,bitcoin-up-or-down-march-6-12pm-et,Down,SELL,2.617754,0.9799996486,0.96,0.97,0.01,0.965,0.9618402308,0.4338994139,7879.34,10280.03,100,0.01,0,0,0,0,PASSIVE,,TRADE,,0.0149996486,0.0149996486,0.0244996486,0.0044996486,,0,FLIP
0xcff1d01fb72a812f590863cc2250701c6f187c1fc756e0b1772cb89b1a8ac53f,2026-03-06T17:50:35Z,bitcoin-up-or-down-march-6-12pm-et,Down,SELL,8.19,0.98,0.941,0.96,0.019,0.9505,0.9543025275,0.3974065573,7027.67,10656.16,100,0.0107777778,0.0031135903,0,0,8,PASSIVE,,TRADE,,0.0295,0.0295,0.007,0.0005,,0,FLIP
0x782e1ca026c5968fb4ebffb89c025c210f0c3b355e910ef808e42ac68bdb09a1,2026-03-06T17:50:47Z,bitcoin-up-or-down-march-6-12pm-et,Down,BUY,25,0.94,0.96,0.97,0.01,0.965,0.9678577227,0.6038886819,8590.86,5635.04,80,0.0113333333,0.0035388995,0,0,12,PASSIVE,,TRADE,,0.025,0.025,0.035,0.045,18,,OPEN
0x627348af7e72225266296a8fd81d112873848e0de9914b15600410ae73fa391b,2026-03-06T17:50:47Z,bitcoin-up-or-down-march-6-12pm-et,Down,SELL,10,0.96,0.96,0.97,0.01,0.965,0.9678577227,0.6038886819,8590.86,5635.04,81.25,0.01125,0.0034351128,25,0.94,0,CROSS,,TRADE,,-0.005,-0.005,-0.015,-0.025,,0.2,REDUCE
0x5b55ffb3eff7f1085e7237208798ea76aecf5fdb0e4f4142ce1a0be78ea4d0a8,2026-03-06T17:50:55Z,solana-up-or-down-march-6-12pm-et,Up,BUY,12,0.26,0.19,0.2,0.01,0.195,0.1922199413,0.4915652931,2096,2167.93,,,,0,0,,CROSS,,TRADE,,-0.065,-0.105,-0.07,-0.115,396,,OPEN
0xe864f196e7a1c3d10a74ef30f91c5f02b78531b21984d81d506b921c49d19894,2026-03-06T17:50:55Z,bitcoin-up-or-down-march-6-12pm-et,Down,BUY,25,0.93,0.96,0.97,0.01,0.965,0.9695108575,0.4817075965,8305.27,8936.04,82.3529411765,0.0111764706,0.0033398221,15,0.94,8,PASSIVE,,TRADE,,0.035,0.043,0.045,0.055,10,,OPEN
0xf131c9f825904e431937d78f296e24be9c61dcf252e7a51e8688e92c167d9418,2026-03-06T17:51:05Z,ethereum-up-or-down-march-6-12pm-et,Down,BUY,0.07953,0.81,0.85,0.86,0.01,0.855,0.8564264888,0.3439644219,4466.55,8518.95,89.6551724138,0.0110344828,0.0030993405,2,0.86,140,PASSIVE,,TRADE,,0.045,0.045,0.075,0.085,16,,OPEN
0x006be36d85f2883cb408ca7f54dbeb8845754edff1d4cc56e2689e5b21ea2273,2026-03-06T17:51:05Z,bitcoin-up-or-down-march-6-12pm-et,Down,SELL,45,0.96,0.97,0.98,0.01,0.975,0.9738892928,0.4710425686,8389.97,9421.52,82.6086956522,0.0107826087,0.0034106321,40,0.93375,10,CROSS,,TRADE,,-0.015,-0.015,-0.0195,-0.025,,1.05,CLOSE
0xc70a7ef7fba8ed02a9c8876cc4f1ec0cc45341056e21007fe9d3c3ba34f9b618,2026-03-06T17:51:07Z,solana-up-or-down-march-6-12pm-et,Down,BUY,42.74539,0.81,0.79,0.8,0.01,0.795,0.7989791752,0.3488829082,1272.99,2375.77,75.8620689655,0.0124137931,0.0043549417,0,0,66,CROSS,,TRADE,,-0.015,-0.005,0.045,0.085,40,,OPEN
0x2851b547a64809e6c03fe7320ab66ca7bb00b3935a65ac0e19535b1eedf4f065,2026-03-06T17:51:07Z,ethereum-up-or-down-march-6-12pm-et,Down,BUY,28.17571,0.82,0.85,0.86,0.01,0.855,0.8572996383,0.347461821,4493.55,8438.95,90,0.011,0.0030512858,2.07953,0.8580877891,2,PASSIVE,,TRADE,,0.035,0.035,0.065,0.095,14,,OPEN
0xe20f6932ddf16203bf3f74dfe037bc02bb595364a2242857fc3f10811a5ba76c,2026-03-06T17:51:13Z,bitcoin-up-or-down-march-6-12pm-et,Down,SELL,45,0.97,0.971,0.98,0.009,0.9755,0.9733656818,0.4573361222,8009.14,9503.45,24.1379310345,0.0105862069,0.0030533031,0,0,8,CROSS,,TRADE,,-0.0055,-0.0055,-0.012,-0.021,,0,FLIP
0x0050baeefac591c06c51a8403cb8dd4b7ed7da1cec4a5caebe9798337a16222e,2026-03-06T17:51:15Z,bitcoin-up-or-down-march-6-12pm-et,Down,SELL,2.040815,0.979999657,0.971,0.98,0.009,0.9755,0.9733656818,0.4573361222,8009.14,9503.45,26.6666666667,0.0105333333,0.0030141429,0,0,2,PASSIVE,,TRADE,,0.004499657,0.004499657,-0.004000343,-0.012000343,,0,FLIP
0xffdcb2bb5090638b859864ab3c64569bafbfe2e88eb5e86e06df5b52c987ebf2,2026-03-06T17:51:19Z,bitcoin-up-or-down-march-6-12pm-et,Down,SELL,22.95,0.98,0.971,0.98,0.009,0.9755,0.9733656818,0.4573361222,8009.14,9503.45,29.0322580645,0.010483871,0.0029762501,0,0,4,PASSIVE,,TRADE,,0.0045,0.0045,-0.005,-0.0115,,0,FLIP
0x57fa7c8e4151646082426f55392e327c12bda14f425434531ac6fa163886d26d,2026-03-06T17:51:21Z,ethereum-up-or-down-march-6-12pm-et,Down,SELL,25,0.86,0.87,0.89,0.02,0.88,0.8880644776,0.2820354065,5069.97,12906.39,100,0.011,0.0030512858,30.25524,0.8226178837,14,CROSS,,TRADE,,-0.02,-0.025,-0.035,-0.065,,0.9207953,REDUCE
0x090bfda22a460d711c3f88d41390ac8e9895ed927b0cc050aa7ba19298fe202c,2026-03-06T17:51:47Z,solana-up-or-down-march-6-12pm-et,Down,SELL,4.932583,0.8899998236,0.86,0.87,0.01,0.865,0.8647916667,0.4320754069,1635.09,2149.18,82.7586206897,0.0117241379,0.0038442587,42.74539,0.81,40,PASSIVE,,TRADE,,0.0249998236,0.0249998236,-0.0250001764,-0.0400001764,,0.3946057699,REDUCE
0xdda037545e049a346474bebfa1eec590381ff18eb06a99e03becacfb44efcda0,2026-03-06T17:52:07Z,solana-up-or-down-march-6-12pm-et,Down,SELL,5.747125,0.8699998695,0.9,0.92,0.02,0.91,0.9193506494,0.3873699055,1972.29,3119.2,100,0.0120689655,0.0041225082,37.812807,0.81,20,CROSS,,TRADE,,-0.0400001305,-0.0450001305,-0.0400001305,-0.0250001305,,0.34482675,REDUCE
0xdaaaaae7b2d78c9ef5e52d04f1c6c90dff388afb7a54be098575b4e2fec96200,2026-03-06T17:52:11Z,ethereum-up-or-down-march-6-12pm-et,Down,BUY,24.94938,0.9,0.91,0.92,0.01,0.915,0.9104250797,0.2148563318,4435.29,16207.76,92.8571428571,0.0107142857,0.0026226526,5.25524,0.8226178837,50,PASSIVE,,TRADE,,0.015,0.015,0.025,0.015,44,,OPEN
0x949d75d8283f1e61b97353e2b32bf4dba2d3c1263ef0ac2ee7d5c4daedc9c6f9,2026-03-06T17:52:13Z,ethereum-up-or-down-march-6-12pm-et,Down,BUY,44.93906,0.92,0.91,0.92,0.01,0.915,0.9104250797,0.2148563318,4435.29,16207.76,93.1034482759,0.0106896552,0.0025788071,30.20462,0.886536444,2,CROSS,,TRADE,,-0.005,-0.005,0.005,-0.035,42,,OPEN
0x9a7b4acdabd499d69f11a56c30796188ca68892374aab24fe85b421521e8ff76,2026-03-06T17:52:13Z,solana-up-or-down-march-6-12pm-et,Down,SELL,36.07,0.92,0.87,0.88,0.01,0.875,0.8784158065,0.4293651245,1813.02,2409.54,75.8620689655,0.0124137931,0.0043549417,32.065682,0.81,6,PASSIVE,,TRADE,,0.045,0.045,-0.015,0.055,,3.52722502,CLOSE
0x4bdf82e9825ce60b5411ed522db95e2424d50dc2d930a6a5ecfddf42dda52421,2026-03-06T17:52:15Z,solana-up-or-down-march-6-12pm-et,Down,SELL,5,0.93,0.87,0.88,0.01,0.875,0.8784158065,0.4293651245,1813.02,2409.54,76.6666666667,0.0123333333,0.0043018307,0,0,2,PASSIVE,,TRADE,,0.055,0.055,-0.005,0.065,,0,FLIP
0x43f311ca48c52aed6c2682cc47369cf509816336e0f585e9b93a143ce366da90,2026-03-06T17:52:15Z,bitcoin-up-or-down-march-6-12pm-et,Down,SELL,25,0.99,0.99,0.992,0.002,0.991,0.991,0.3638823605,3170.9,5543.18,20,0.0067666667,0.003460948,0,0,56,CROSS,,TRADE,,-0.001,-0.001,-0.002,-0.002,,0,FLIP
0x66abf84367b7ec99bf8ba9eb204680426fe2be1c91c4b02b99f05d47d0760d40,2026-03-06T17:52:31Z,solana-up-or-down-march-6-12pm-et,Down,BUY,17.41,0.9,0.9,0.92,0.02,0.91,0.9046874034,0.3845219394,1706.12,2730.87,100,0.0125806452,0.0044480272,0,0,16,PASSIVE,,TRADE,,0.01,0.035,0,-0.015,12,,OPEN
0x2031c2fff71675a4a20cc86164be969af7fa50fe891501a661d78dd462f54276,2026-03-06T17:52:33Z,solana-up-or-down-march-6-12pm-et,Down,BUY,2.41,0.89,0.92,0.94,0.02,0.93,0.9215669069,0.3792030944,1721.51,2818.3,100,0.0134375,0.004825587,17.41,0.9,2,PASSIVE,,TRADE,,0.04,0.04,0.005,-0.015,10,,OPEN
0x9e58ec35723701bc567efb8e299df9804c25b39214a9bb8eae6af42a36ccad3b,2026-03-06T17:52:43Z,solana-up-or-down-march-6-12pm-et,Down,SELL,7.06,0.94,0.89,0.9,0.01,0.895,0.8916573521,0.2866902057,1494,3717.2,57.5757575758,0.0142424242,0.0050189037,19.82,0.8987840565,10,PASSIVE,,TRADE,,0.045,0.045,0.075,0.045,,0.2824,REDUCE
0x8c3c6d8d58ebc383bf9cfe007c362fb5fa5bb5204b6cc2d6d04cb5ed53952ef6,2026-03-06T17:52:45Z,ethereum-up-or-down-march-6-12pm-et,Down,BUY,25,0.9,0.91,0.92,0.01,0.915,0.9113948075,0.2036957278,3788.27,14809.42,96.5517241379,0.0103448276,0.0018569534,75.14368,0.9065490485,32,PASSIVE,,TRADE,,0.015,0.015,-0.015,0.005,10,,OPEN
0xb53ec4c43974e5b3aca63eb8017d731395034f349348491a81223a465bee97d9,2026-03-06T17:52:55Z,ethereum-up-or-down-march-6-12pm-et,Down,SELL,45,0.92,0.91,0.92,0.01,0.915,0.9113948075,0.2036957278,3788.27,14809.42,96.6666666667,0.0103333333,0.0018257419,100.14368,0.9049141354,10,PASSIVE,,TRADE,,0.005,0.005,0.025,0.025,,1.0245116,REDUCE
0xc9da67bb22f9196018fd1e83c4115700254e01b88b57fcfc6787e72f546f02b4,2026-03-06T17:53:09Z,ethereum-up-or-down-march-6-12pm-et,Down,SELL,25,0.91,0.9,0.91,0.01,0.905,0.900770416,0.2217423988,4575.12,16057.47,93.5483870968,0.0106451613,0.0024973104,55.14368,0.9049141354,14,PASSIVE,,TRADE,,0.005,0.005,0.01,0.005,,-0.25,REDUCE
0xeb2445c18ad60b016e893e374b7d3dd3c71916d1f5ad8baa569791ecc798faae,2026-03-06T17:53:21Z,solana-up-or-down-march-6-12pm-et,Down,SELL,25,0.9,0.87,0.88,0.01,0.875,0.879,0.4326491299,1662,2179.45,46.6666666667,0.0153333333,0.0050741626,12.76,0.8987840565,38,PASSIVE,,TRADE,,0.025,0.025,-0.015,0.02,,0.0241,CLOSE
0x9b145c6a8c7a296aa32828950fa99f1749538ab4b700bc6083a81a0243e43191,2026-03-06T17:53:51Z,solana-up-or-down-march-6-12pm-et,Down,BUY,10,0.9,0.9,0.91,0.01,0.905,0.9094117647,0.4370263979,2206,2841.75,62.0689655172,0.0137931034,0.0049380397,0,0,30,PASSIVE,,TRADE,,0.005,0.025,-0.02,-0.015,102,,OPEN
0x5566f29a64a56c45b03cfe8afd16cc7a29be3460a3320935da8b7c39cb35af1c,2026-03-06T17:54:15Z,ethereum-up-or-down-march-6-12pm-et,Down,SELL,4.11,0.9,0.88,0.89,0.01,0.885,0.8818033827,0.1961953549,3482.96,14269.55,85.7142857143,0.0114285714,0.0035634832,30.14368,0.9049141354,66,PASSIVE,,TRADE,,0.015,0.025,-0.005,0.025,,-0.0822,REDUCE
0xa1e7ff1d48f18083f82d9535bf65489e033d8d6ca958cf33827b2ba3ffd64f68,2026-03-06T17:54:37Z,ethereum-up-or-down-march-6-12pm-et,Down,SELL,25,0.86,0.9,0.91,0.01,0.905,0.907952381,0.2374365092,4804.58,15430.64,92.8571428571,0.0107142857,0.0026226526,26.03368,0.9049141354,22,CROSS,,TRADE,,-0.045,-0.045,-0.04,-0.035,,-1.0206736,REDUCE
0x12829587df2aed1db29deb1ef6a03b02f6b7ac3958d220b79a578a495f4852cb,2026-03-06T17:54:41Z,solana-up-or-down-march-6-12pm-et,Down,BUY,25,0.88,0.88,0.89,0.01,0.885,0.8897336175,0.4673321016,1947.7,2220,78.5714285714,0.0121428571,0.0041785545,10,0.9,50,PASSIVE,,TRADE,,0.005,0.005,-0.045,-0.03,52,,OPEN
0x0b8b5e1964f24a776d7f506aa07dec9ec8ef5a5750af3c5227d253f2cd4cb6e4,2026-03-06T17:54:45Z,ethereum-up-or-down-march-6-12pm-et,Down,BUY,44.90888,0.9,0.89,0.9,0.01,0.895,0.8916666667,0.217530338,4712.81,16952.26,100,0.01,0,1.03368,0.9049141354,8,CROSS,,TRADE,,-0.005,-0.005,-0.025,-0.015,44,,OPEN
0x49bde396a78aa32898c1ec61748343a189547b08c23e9a8b79b67b01c5fb04fb,2026-03-06T17:55:29Z,ethereum-up-or-down-march-6-12pm-et,Down,SELL,25,0.9,0.88,0.89,0.01,0.885,0.8887351165,0.2302830773,3038.5,10156.13,96.5517241379,0.0103448276,0.0018569534,45.94256,0.9001105651,44,PASSIVE,,TRADE,,0.015,0.015,0.005,0.055,,0,REDUCE
0xd9c79e5b538b5e83e6d82a30885911dae8e36c79f94c9fb417dd3a6a3bf2c869,2026-03-06T17:55:33Z,solana-up-or-down-march-6-12pm-et,Down,SELL,5,0.85,0.84,0.86,0.02,0.85,0.8442963019,0.4892569413,1404.05,1465.71,100,0.0132142857,0.0047559487,35,0.8857142857,52,PASSIVE,,TRADE,,0,0,-0.015,0.035,,-0.25,REDUCE
0xda0729209b5f0b695e2038aedbbf38005e73f3021c80243580d19d1db2adc5ba,2026-03-06T17:55:39Z,solana-up-or-down-march-6-12pm-et,Down,BUY,25,0.9,0.85,0.87,0.02,0.86,0.8533293449,0.4834115507,1722.26,1840.46,100,0.0132142857,0.0047559487,30,0.8857142857,6,CROSS,,TRADE,,-0.04,-0.04,-0.02,-0.135,32,,OPEN
0x001815efd20f217064d275c4bfa766158d5fa3c570c8b26426559b900e2ffd39,2026-03-06T17:56:11Z,solana-up-or-down-march-6-12pm-et,Down,SELL,7.02,0.91,0.83,0.84,0.01,0.835,0.832,0.4522980304,1359.73,1646.54,60.7142857143,0.0139285714,0.0049734746,55,0.8922077922,32,PASSIVE,,TRADE,,0.075,0.075,0.115,0.075,,0.1106,REDUCE
0xe5486c7e9c7a002c91651606b66a285a998fd928331b770290b898030598d4a2,2026-03-06T17:56:11Z,solana-up-or-down-march-6-12pm-et,Down,SELL,8,0.92,0.83,0.84,0.01,0.835,0.832,0.4522980304,1359.73,1646.54,62.0689655172,0.0137931034,0.0049380397,47.98,0.8922077922,0,PASSIVE,,TRADE,,0.085,0.085,0.125,0.085,,0.32,REDUCE
0x12b5e4535d785e510a1691ba926df4be967a58444c7a67389e171a6ad544299b,2026-03-06T17:56:21Z,ethereum-up-or-down-march-6-12pm-et,Down,SELL,35.44,0.89,0.81,0.82,0.01,0.815,0.8178267619,0.3744164649,3755.97,6275.56,100,0.01,0,20.94256,0.9001105651,52,PASSIVE,,TRADE,,0.075,0.075,0.175,0.115,,-0.2094256,CLOSE
0x5b0a25e183a967128ce83d5c568433eef61d4da899f886a2253b41f6d539fd9b,2026-03-06T17:56:27Z,ethereum-up-or-down-march-6-12pm-et,Down,BUY,5.882351,0.8300001139,0.81,0.82,0.01,0.815,0.8178267619,0.3744164649,3755.97,6275.56,100,0.01,0,0,0,6,CROSS,,TRADE,,-0.0150001139,-0.0250001139,-0.0150001139,-0.0450001139,14,,OPEN
0x914f3f15b5769bf489357deb7b0f63bad2c20d9533dd072cbfb308b10a2db173,2026-03-06T17:56:41Z,ethereum-up-or-down-march-6-12pm-et,Down,SELL,9.5,0.82,0.81,0.82,0.01,0.815,0.8176136906,0.4377832972,2850.14,3660.25,96.4285714286,0.0103571429,0.0018898224,5.882351,0.8300001139,14,PASSIVE,,TRADE,,0.005,0.005,0.045,-0.005,,-0.05882418,CLOSE
0x408d2030e521cbc24fd678daa4be52ccb6a45c3898861988a5bbb3c049f99579,2026-03-06T17:56:55Z,solana-up-or-down-march-6-12pm-et,Up,BUY,42.60206,0.26,0.27,0.28,0.01,0.275,0.2786666667,0.5839648709,936.23,667,84.6153846154,0.0115384615,0.0036794648,12,0.26,360,PASSIVE,,TRADE,,-0.035,-0.035,-0.095,-0.125,36,,OPEN
0x04e7a2efa9e064ee6bc7d360baf7f34d3a1ed39d9d106cd78ff3900a3609ede0,2026-03-06T17:56:57Z,ethereum-up-or-down-march-6-12pm-et,Down,BUY,15.65,0.71,0.71,0.72,0.01,0.715,0.7141494808,0.5048950924,2255.74,2212,93.1034482759,0.0106896552,0.0025788071,0,0,16,PASSIVE,,TRADE,,0.045,0.045,0.075,0.185,84,,OPEN
0x061faaf3b223c4d4b539aba75757a35dc6c0192ffdad95c7686bd2c4a4d25b9f,2026-03-06T17:56:57Z,ethereum-up-or-down-march-6-12pm-et,Up,SELL,25,0.28,0.28,0.29,0.01,0.285,0.2813807578,0.5003451424,2247,2243.9,,,,0,0,,CROSS,,TRADE,,0.055,0.055,0.065,0.175,,0,FLIP
0x6d59b50a446f4f9ec1764315714f591173920f38c87730a4d07603abd5d14198,2026-03-06T17:56:57Z,ethereum-up-or-down-march-6-12pm-et,Down,BUY,9.344826,0.7100000578,0.71,0.72,0.01,0.715,0.7141494808,0.5048950924,2255.74,2212,93.3333333333,0.0106666667,0.0025370813,15.65,0.71,0,PASSIVE,,TRADE,,0.0449999422,0.0649999422,0.0749999422,0.1849999422,84,,OPEN
0x107cc396dfd1df2d03739ff76722623fcc9a48ee3740d4ebd5223ddc977a5ed8,2026-03-06T17:56:59Z,solana-up-or-down-march-6-12pm-et,Down,BUY,22.55275,0.78,0.76,0.77,0.01,0.765,0.7680910129,0.6122758234,808.1,511.73,85.7142857143,0.0114285714,0.0035634832,39.98,0.8922077922,48,CROSS,,TRADE,,-0.005,0.055,0.055,0.115,38,,OPEN
0x6446bea2fc8aaa523e2550e68abef78e536b3dab0882044fd76b2b4b452dd6d8,2026-03-06T17:56:59Z,ethereum-up-or-down-march-6-12pm-et,Up,BUY,23.72,0.21,0.25,0.29,0.04,0.27,0.2600532824,0.4108733766,1553.73,2227.8,100,0.025,0.0212132034,0,0,2,PASSIVE,,TRADE,,0.015,0.015,-0.005,-0.115,,,OPEN
0xbe4c5c9bf514025d5aad4582424b6c3d69cb43578e0eb264e75f9350f580762c,2026-03-06T17:56:59Z,solana-up-or-down-march-6-12pm-et,Down,BUY,42.7248,0.8,0.76,0.77,0.01,0.765,0.7680910129,0.6122758234,808.1,511.73,86.2068965517,0.0113793103,0.003509312,62.53275,0.851739489,0,CROSS,,TRADE,,-0.025,0.035,0.035,0.095,38,,OPEN
0x5b746bf65684fb78e18dafe1ec240549be4d63d7b45fe43a76256e68c0e1058d,2026-03-06T17:56:59Z,ethereum-up-or-down-march-6-12pm-et,Up,BUY,1.271138,0.2100000157,0.24,0.25,0.01,0.245,0.2420531773,0.4837681195,1990.73,2124.32,66.6666666667,0.02,0.0173205081,23.72,0.21,0,PASSIVE,,TRADE,,0.0149999843,0.0149999843,-0.0050000157,-0.1150000157,,,OPEN
0x7dcb1456f402cc83d324d83b1e7218adae6e5d60f2f1cd2ba8e547418665faa0,2026-03-06T17:57:09Z,solana-up-or-down-march-6-12pm-et,Down,BUY,43.143471,0.7099999998,0.82,0.83,0.01,0.825,0.8297727273,0.5193588195,787,728.33,89.6551724138,0.0110344828,0.0030993405,105.25755,0.8307380566,10,PASSIVE,,TRADE,,0.1150000002,0.1150000002,0.0950000002,0.2550000002,28,,OPEN
0x02ccf4f1ba5f2f6260ee3c56599494bfbb7bf10fc6452ad51ea3c623a2468871,2026-03-06T17:57:09Z,solana-up-or-down-march-6-12pm-et,Up,BUY,42.60206,0.26,0.17,0.18,0.01,0.175,0.1702272727,0.4806411805,728.33,787,84.6153846154,0.0115384615,0.0036794648,54.60206,0.26,14,CROSS,,TRADE,,-0.095,-0.095,-0.065,-0.225,22,,OPEN
0x018f78032fa7e8b2fc5e0f590b3c850110cff55f5c0903f33bdb49434d8db629,2026-03-06T17:57:13Z,ethereum-up-or-down-march-6-12pm-et,Up,BUY,25,0.29,0.22,0.23,0.01,0.225,0.2255167938,0.4856035674,1704.25,1805.3,71.4285714286,0.0157142857,0.0113389342,24.991138,0.2100000008,14,CROSS,,TRADE,,-0.065,-0.065,-0.105,-0.215,,,OPEN
0x40687c502abd885da90da4fab11892fd52d6d46bddfed6e8c6ba5ec297d292a6,2026-03-06T17:57:15Z,ethereum-up-or-down-march-6-12pm-et,Up,BUY,8.653332,0.25,0.15,0.17,0.02,0.16,0.1680510749,0.5549075729,2685.17,2153.78,92.3076923077,0.0138461538,0.0086971849,49.991138,0.2500070913,2,CROSS,,TRADE,,-0.09,-0.09,-0.04,-0.175,,,OPEN
0x9feea11099dbadeb7165069ac9b932555dc01e2f45692179361f0bcddb19d691,2026-03-06T17:57:31Z,solana-up-or-down-march-6-12pm-et,Up,SELL,5,0.21,0.21,0.22,0.01,0.215,0.2146554935,0.5385334292,824.01,706.09,85.1851851852,0.0114814815,0.0036201399,97.20412,0.26,22,CROSS,,TRADE,,-0.005,-0.005,0.125,0.185,,-0.25,REDUCE
0x684095961616e1c88b8b0748b13e7c94b06c610eec2de715f01a41be3d3f9827,2026-03-06T17:57:33Z,solana-up-or-down-march-6-12pm-et,Down,BUY,36.08631,0.84,0.78,0.79,0.01,0.785,0.785269631,0.4405798957,688.34,874.01,89.2857142857,0.0110714286,0.0031497039,148.401021,0.7956368234,24,CROSS,,TRADE,,-0.055,-0.055,0.095,0.13,4,,OPEN
0x28d87b148aaf706198f5c4e40b03cd76936f7095335101e86a5b02f25e764bd1,2026-03-06T17:57:37Z,solana-up-or-down-march-6-12pm-et,Down,SELL,25,0.85,0.78,0.79,0.01,0.785,0.785269631,0.4405798957,688.34,874.01,89.6551724138,0.0110344828,0.0030993405,184.487331,0.8043144021,4,PASSIVE,,TRADE,,0.065,0.005,-0.095,-0.12,,-0.9504,REDUCE
0xc487d305b6461ca700192818efa69815290842cd870a1a95d919580a5aa2cae2,2026-03-06T17:57:37Z,solana-up-or-down-march-6-12pm-et,Down,SELL,5,0.85,0.78,0.79,0.01,0.785,0.785269631,0.4405798957,688.34,874.01,90,0.011,0.0030512858,159.487331,0.8043144021,0,PASSIVE,,TRADE,,0.065,0.005,-0.095,-0.12,,-0.25,REDUCE
0xc60f749de75dedc213cae9ea105c9d4f652d830761aa6d4d672df7844aeb3af0,2026-03-06T17:57:47Z,solana-up-or-down-march-6-12pm-et,Down,SELL,43,0.8,0.86,0.87,0.01,0.865,0.8620930233,0.5381761139,892,765.45,90,0.011,0.0030512858,154.487331,0.8043144021,10,CROSS,,TRADE,,-0.065,-0.065,-0.145,-0.185,,-0.546945,REDUCE
0xd5c38580977cb21b9aee03e4ee02a134b790e8dcb6e11dda13dfb2e297cd1ec9,2026-03-06T17:57:49Z,ethereum-up-or-down-march-6-12pm-et,Down,BUY,10,0.78,0.89,0.9,0.01,0.895,0.8904846383,0.3927530961,2138.14,3305.84,96.2962962963,0.0103703704,0.0019245009,24.994826,0.7100000216,52,PASSIVE,,TRADE,,0.115,0.125,0.135,0.185,32,,OPEN
0x74a0301bb1d7b98021b580e5910e0a0fe0f9961a22254915ef67e035fc1783ec,2026-03-06T17:57:49Z,solana-up-or-down-march-6-12pm-et,Down,BUY,0.08,0.76,0.86,0.87,0.01,0.865,0.8644625407,0.5068181818,892,868,90.3225806452,0.0109677419,0.0030053715,111.487331,0.8043144021,2,PASSIVE,,TRADE,,0.105,0.145,0.17,0.215,18,,OPEN
0xa5d7e8d09126674728328f62df87bbd8af19c8cadbb0837c1c3c1ffd7d9f028d,2026-03-06T17:57:51Z,solana-up-or-down-march-6-12pm-et,Down,BUY,4.9704,0.81,0.86,0.87,0.01,0.865,0.8644625407,0.5068181818,892,868,90.625,0.0109375,0.0029614458,111.567331,0.8042826262,2,PASSIVE,,TRADE,,0.055,0.095,0.145,0.165,16,,OPEN
0x7fdc18fac48c7e9fc99c3727e354faf8ccf4e318f7d93002e6aac18bef8865ff,2026-03-06T17:57:51Z,solana-up-or-down-march-6-12pm-et,Down,BUY,4.968,0.8,0.86,0.87,0.01,0.865,0.8644625407,0.5068181818,892,868,90.9090909091,0.0109090909,0.002919371,116.537731,0.8045264754,0,PASSIVE,,TRADE,,0.065,0.105,0.155,0.175,16,,OPEN
0x8df11277491745bf20e008d780a72e630416144d36008ba744651f6ee6e7fe90,2026-03-06T17:57:51Z,solana-up-or-down-march-6-12pm-et,Down,BUY,4.9656,0.79,0.86,0.87,0.01,0.865,0.8640140845,0.5104580961,892,855.45,91.1764705882,0.0108823529,0.0028790224,121.505731,0.8043414016,0,PASSIVE,,TRADE,,0.075,0.115,0.165,0.185,16,,OPEN
0xc2c5c6ff6f16a094e572213982c9ab2d2d1881a599aadea6bb2f733018038b73,2026-03-06T17:58:03Z,solana-up-or-down-march-6-12pm-et,Down,BUY,42.8625,0.87,0.97,0.98,0.01,0.975,0.9735594676,0.480343506,671.77,726.75,94.1176470588,0.0105882353,0.0023883257,126.471331,0.8037783201,12,PASSIVE,,TRADE,,0.095,0.1,0.1,0.085,4,,OPEN
0x459f1d9d75b24809957f029de7b1d77ecad689965027f8d2d8b2f0f526826ae7,2026-03-06T17:58:03Z,solana-up-or-down-march-6-12pm-et,Down,BUY,42.8625,0.87,0.97,0.98,0.01,0.975,0.9735594676,0.480343506,671.77,726.75,94.2857142857,0.0105714286,0.0023550411,169.333831,0.8205406336,0,PASSIVE,,TRADE,,0.095,0.1,0.1,0.085,4,,OPEN
0x7949ee907193908014a31ec519781350e527f292d80152e2a1c18f24912d9533,2026-03-06T17:58:05Z,ethereum-up-or-down-march-6-12pm-et,Down,BUY,25,0.9,0.92,0.93,0.01,0.925,0.9293498688,0.6288813085,2660.3,1569.91,100,0.01,0,34.994826,0.7300029724,16,PASSIVE,,TRADE,,0.025,0.025,0.025,0.065,16,,OPEN
0x85c4be588f43af2e904fdf699282c9a38c40695071e4f70eb1d45d95bdab472b,2026-03-06T17:58:07Z,solana-up-or-down-march-6-12pm-et,Up,BUY,25,0.04,0.06,0.08,0.02,0.07,0.0607692308,0.5749093037,982.52,726.48,95.8333333333,0.01375,0.0057577925,92.20412,0.26,36,PASSIVE,,TRADE,,0.03,0.03,-0.005,-0.015,,,OPEN
0xb2b235dae2dea364cfba846cf2b5c2bf235b0fe978070130ed54061fbf42c020,2026-03-06T17:58:07Z,solana-up-or-down-march-6-12pm-et,Down,SELL,5,0.92,0.92,0.94,0.02,0.93,0.9392307692,0.4250906963,726.48,982.52,100,0.0118181818,0.0039167473,212.196331,0.8305311555,4,CROSS,,TRADE,,-0.01,-0.01,-0.05,-0.055,,0.6,REDUCE
0xc651999def67168f5e59d2e9f3ec04214a8036f8a661c313e12af67437015cbc,2026-03-06T17:58:09Z,solana-up-or-down-march-6-12pm-et,Down,BUY,0.03,0.93,0.92,0.94,0.02,0.93,0.9392307692,0.4250906963,726.48,982.52,100,0.0120588235,0.0041042563,207.196331,0.8305311555,2,PASSIVE,,TRADE,,0,0.025,0.045,0.045,6,,OPEN
0xa644bef990ff5caec135c7698eb96b91b7cdc4e7a1e2a3abb20a08d027faa1ac,2026-03-06T17:58:09Z,solana-up-or-down-march-6-12pm-et,Down,BUY,0.04,0.93,0.92,0.94,0.02,0.93,0.9392307692,0.4250906963,726.48,982.52,100,0.0122857143,0.0042604296,207.226331,0.8305455555,0,PASSIVE,,TRADE,,0,0.025,0.045,0.045,6,,OPEN
0x0b3922b0c4185a1e7f1fb556e249c30d75e81b265876950d22bd4b1254fce085,2026-03-06T17:58:11Z,solana-up-or-down-march-6-12pm-et,Down,BUY,24.93,0.93,0.92,0.94,0.02,0.93,0.9392307692,0.4250906963,726.48,982.52,100,0.0125,0.0043915503,207.266331,0.8305647491,2,PASSIVE,,TRADE,,0,0.025,0.045,0.045,4,,OPEN
0x6615aaf43686447ad8e436b4f0977f75db91d3529f45e53e65ac554a63c9233e,2026-03-06T17:58:11Z,ethereum-up-or-down-march-6-12pm-et,Down,BUY,44.93906,0.92,0.91,0.92,0.01,0.915,0.9170657277,0.4167479362,1756.33,2458.04,100,0.01,0,59.994826,0.8008411759,6,CROSS,,TRADE,,-0.005,0.005,0.04,0.065,10,,OPEN
0x0fbecabca9128a0c0f86c525dc82ed1cb776dca08aea0ccc1e7da6f25e232411,2026-03-06T17:58:15Z,solana-up-or-down-march-6-12pm-et,Down,SELL,1.030926,0.9699997866,0.96,0.98,0.02,0.97,0.965833941,0.5436269045,877.74,736.86,100,0.0127027027,0.0045022517,232.196331,0.841240718,4,PASSIVE,,TRADE,,-0.0050002134,-0.0050002134,-0.0050002134,-0.0150002134,,0.1752572,REDUCE
0x51a9a76e7593089777e445ecb63cab24f4aa7fd02a8369aa34381103b9539e4e,2026-03-06T17:58:15Z,solana-up-or-down-march-6-12pm-et,Down,SELL,1.030926,0.9699997866,0.96,0.98,0.02,0.97,0.965833941,0.5436269045,877.74,736.86,100,0.0128947368,0.0045960587,231.165405,0.841240718,0,PASSIVE,,TRADE,,-0.0050002134,-0.0050002134,-0.0050002134,-0.0150002134,,0.1752572,REDUCE
0x1713df26b29d581d3b0d83f64943d3a8f60ccc1336a374e33600c238e36a302e,2026-03-06T17:58:15Z,solana-up-or-down-march-6-12pm-et,Down,SELL,5.144328,0.9699999689,0.96,0.98,0.02,0.97,0.965833941,0.5436269045,877.74,736.86,100,0.0130769231,0.004675719,230.134479,0.841240718,0,PASSIVE,,TRADE,,-0.0050000311,-0.0050000311,-0.0050000311,-0.0150000311,,0.8745356,REDUCE
0x9eebdcbb46d3402f5e8f52576c0e5a954c9cee01c0cb19c318a17092b2f04f0f,2026-03-06T17:58:15Z,solana-up-or-down-march-6-12pm-et,Down,SELL,1.030926,0.9699997866,0.96,0.98,0.02,0.97,0.965833941,0.5436269045,877.74,736.86,100,0.01325,0.0047434165,224.990151,0.841240718,0,PASSIVE,,TRADE,,-0.0050002134,-0.0050002134,-0.0050002134,-0.0150002134,,0.1752572,REDUCE
0xe2ee40e507c213d397cb1fdbd10f4f49ce0dc7477eca4783f2c8fd239ccc287c,2026-03-06T17:58:17Z,ethereum-up-or-down-march-6-12pm-et,Down,BUY,13.2,0.92,0.92,0.93,0.01,0.925,0.9277144423,0.4979758878,2361.81,2381.01,100,0.01,0,104.933886,0.8518722179,6,PASSIVE,,TRADE,,0.005,0.005,0.045,0.065,4,,OPEN
0x53c8270dd269b9090a7597bfc232a27f4840b63b33fe42092158679b1089f3a7,2026-03-06T17:58:21Z,ethereum-up-or-down-march-6-12pm-et,Down,SELL,4.67,0.92,0.92,0.93,0.01,0.925,0.9277144423,0.4979758878,2361.81,2381.01,100,0.01,0,118.133886,0.8594846546,4,CROSS,,TRADE,,-0.005,-0.005,-0.045,-0.065,,0.9807,REDUCE
0xe01078478b7739867d4adeda721a044df0d5ba84c4f2522d357fb9d3e066ff99,2026-03-06T17:58:35Z,solana-up-or-down-march-6-12pm-et,Up,BUY,1.0204,0.02,0.01,0.02,0.01,0.015,0.0197237009,0.3848436247,527.89,843.81,70.8333333333,0.0133333333,0.005646597,117.20412,0.213073322,28,CROSS,,TRADE,,-0.005,-0.005,0.01,,,,OPEN
0x47f34e82f819d890e854c3baeb2bf710e8a1d6f00df9d8499b1490edbd6a1360,2026-03-06T17:58:39Z,solana-up-or-down-march-6-12pm-et,Up,BUY,11.71425,0.02,0.01,0.02,0.01,0.015,0.0197237009,0.3848436247,527.89,843.81,72,0.0132,0.0055677644,118.22452,0.2114068993,4,CROSS,,TRADE,,-0.005,0.005,0.005,,,,OPEN
0xab544c199b5e8441e12c0cd82b5d1ea61dbb47bfc850019c509cec5fa5f55051,2026-03-06T17:58:45Z,ethereum-up-or-down-march-6-12pm-et,Up,BUY,25,0.03,0.03,0.05,0.02,0.04,0.0459414486,0.4532507126,1737.94,2096.45,100,0.0113043478,0.0034435022,58.64447,0.2500060449,90,PASSIVE,,TRADE,,0.01,0.01,-0.015,,,,OPEN
0x17909a7b7094e885fe0ce2caf648af82dbaf1756ef5f93116211009e152a3446,2026-03-06T17:58:45Z,ethereum-up-or-down-march-6-12pm-et,Up,BUY,25,0.04,0.03,0.05,0.02,0.04,0.0459414486,0.4532507126,1737.94,2096.45,100,0.0116666667,0.0038069349,83.64447,0.1842497418,0,PASSIVE,,TRADE,,0,0,-0.025,,,,OPEN
0xf2a6d74b5e603678969b2c33fc5b9bb002a1c61d6e154da035a287d6e8f8a36d,2026-03-06T17:58:55Z,ethereum-up-or-down-march-6-12pm-et,Up,BUY,25,0.02,0.03,0.04,0.01,0.035,0.032867577,0.4232747386,1276.44,1739.19,80.7692307692,0.0119230769,0.0040191848,108.64447,0.1510566714,10,PASSIVE,,TRADE,,0,0,-0.005,,,,OPEN
0xfcc1930b07e70a404e07874538115db585278d20088d65d7d5a45cdaf56be7f1,2026-03-06T17:58:57Z,solana-up-or-down-march-6-12pm-et,Down,BUY,25,0.93,0.97,0.98,0.01,0.975,0.9707268851,0.4665949019,879.9,1005.89,55.8823529412,0.0144117647,0.0050399474,223.959225,0.841240718,42,PASSIVE,,TRADE,,0.045,0.045,0.055,,10,,OPEN
0x2b758d269e14de8f99f55d58969cd80329cd076adce9dd0022d07fbec6725b34,2026-03-06T17:58:59Z,ethereum-up-or-down-march-6-12pm-et,Down,BUY,12.25,0.94,0.96,0.98,0.02,0.97,0.9752896844,0.600479517,1768.19,1176.44,100,0.0117857143,0.0039002103,113.463886,0.8594846546,38,PASSIVE,,TRADE,,0.03,0.045,,,14,,OPEN
0x164b5352c5aafa81c49e42b17c5198df1a0bac84e7d745de0551c8f732bad8aa,2026-03-06T17:59:03Z,ethereum-up-or-down-march-6-12pm-et,Down,BUY,12.75,0.94,0.96,0.98,0.02,0.97,0.9752896844,0.600479517,1768.19,1176.44,100,0.0120689655,0.0041225082,125.713886,0.8673303509,4,PASSIVE,,TRADE,,0.045,0.045,,,10,,OPEN
0x0cab2a676655acac1322e509de45778069154b68ac80baa635d860224d517078,2026-03-06T17:59:07Z,solana-up-or-down-march-6-12pm-et,Down,SELL,15.536081,0.9699999633,0.98,0.99,0.01,0.985,0.9842519282,0.6680999426,1174.66,583.55,60.6060606061,0.0139393939,0.0049619766,248.959225,0.850153752,10,CROSS,,TRADE,,-0.0150000367,-0.0150000367,,,,2.6411331998,REDUCE
0xf6073e0071910d44159c59614e7c92cf832a68eba146ef10707f5001aa1f7464,2026-03-06T17:59:07Z,solana-up-or-down-march-6-12pm-et,Down,SELL,4.15625,0.96,0.98,0.99,0.01,0.985,0.9842519282,0.6680999426,1174.66,583.55,61.7647058824,0.0138235294,0.0049327022,233.423144,0.850153752,0,CROSS,,TRADE,,-0.025,-0.025,,,,0.7254698301,REDUCE
0xc73587cd24ecf025b7ebb518e1c3df5606d567dd5f5257c30ff0bcb70f2943d7,2026-03-06T17:59:13Z,ethereum-up-or-down-march-6-12pm-et,Down,SELL,25,0.98,0.98,0.99,0.01,0.985,0.9877478067,0.9808647572,1763.33,34.4,79.3103448276,0.0120689655,0.0041225082,138.463886,0.874021901,10,CROSS,,TRADE,,-0.005,-0.005,,,,6.4227372799,REDUCE
0xb78654ce3b95b4fd6a5dcb3037bd04809413a31df045362fc2db8a8f3e94516a,2026-03-06T17:59:17Z,solana-up-or-down-march-6-12pm-et,Down,SELL,23.96959,0.9799999917,0.99,,,,,1,965.53,0,,,,229.266894,0.850153752,10,,,TRADE,,,,,,,6.4717891058,REDUCE
0x1a417a7f357db7e570c2541817cba1325e29ef300e873f60149d6cbb8448dcfa,2026-03-06T17:59:17Z,ethereum-up-or-down-march-6-12pm-et,Up,BUY,25,0.01,,0.01,,,,0,0,7512.32,,,,133.64447,0.126540754,22,,,TRADE,,,,,,,,OPEN
0x0c081c2ff443e8856c83b7d1492a2bf973ec97e37d90ed2259f5b2fb26dcc10e,2026-03-06T17:59:23Z,ethereum-up-or-down-march-6-12pm-et,Down,SELL,9,0.99,0.99,,,,,1,7512.32,0,,,,113.463886,0.874021901,10,,,TRADE,,,,,,,1.44897912,REDUCE
0x3d85042375c653b50f33e624917cb73d1bc1f1eaf2dfb6bb66a65b1ce7612e7e,2026-03-06T17:59:23Z,ethereum-up-or-down-march-6-12pm-et,Down,SELL,16,0.99,0.99,,,,,1,7512.32,0,,,,104.463886,0.874021901,0,,,TRADE,,,,,,,1.44,REDUCE
0x5d59a87527a94cd47f3afdfefd77170c847f2294ca682ba456873ded3d8438ee,2026-03-06T18:00:09Z,bitcoin-up-or-down-march-6-1pm-et,Down,BUY,35.38561,0.46,0.46,0.47,0.01,0.465,0.4639769056,0.3750646421,6179.31,10296.01,,,,0,0,,PASSIVE,,TRADE,,-0.085,-0.095,-0.085,-0.095,28,,OPEN
0xce2ba5b94e0e9b85a433a438aabc776ad9b791ad4635447b201af0ef36c9a533,2026-03-06T18:00:11Z,bitcoin-up-or-down-march-6-1pm-et,Down,BUY,44.30193,0.47,0.46,0.47,0.01,0.465,0.4615482324,0.3168892629,5008.72,10797.18,100,0.01,0,35.38561,0.46,2,CROSS,,TRADE,,-0.095,-0.105,-0.105,-0.105,26,,OPEN
0xddb97f99e33f3c363d8ec0c101e200f99a0ccaeecbd9dd50ca4f2a95bd95382d,2026-03-06T18:00:11Z,solana-up-or-down-march-6-1pm-et,Down,BUY,42.32867,0.49,0.49,0.5,0.01,0.495,0.4903184713,0.553990625,3552.62,2860.16,,,,0,0,,PASSIVE,,TRADE,,-0.115,-0.125,-0.125,-0.125,34,,OPEN
0x4d515fda353fe9b29fc1f60837771a5543efabf5d6efc4877715aa9b8141e994,2026-03-06T18:00:11Z,ethereum-up-or-down-march-6-1pm-et,Down,BUY,19.6885,0.48,0.48,0.49,0.01,0.485,0.480187934,0.4923539713,3407.7,3513.54,,,,0,0,,PASSIVE,,TRADE,,-0.095,-0.095,-0.105,-0.115,,,OPEN
0x3227a96da5f30f5580b104357c5521c7030d5357d7c6e6d0d3669d06690b506f,2026-03-06T18:00:15Z,solana-up-or-down-march-6-1pm-et,Down,BUY,42.32867,0.49,0.49,0.5,0.01,0.495,0.4902570694,0.5399512505,3557.62,3031.16,100,0.01,0,42.32867,0.49,4,PASSIVE,,TRADE,,-0.125,-0.12,-0.135,-0.125,30,,OPEN
0xd1cb6fb1ac233da02eb0f7bd00397f8176b054c88569799e513e8af8833f9bae,2026-03-06T18:00:15Z,ethereum-up-or-down-march-6-1pm-et,Down,BUY,15,0.48,0.48,0.49,0.01,0.485,0.480187934,0.4923539713,3407.7,3513.54,100,0.01,0,19.6885,0.48,4,PASSIVE,,TRADE,,-0.1,-0.095,-0.115,-0.115,,,OPEN
0x5afdb93ccd106f626291ad2e1dcf1c1e2e2922a849d53cf659dc3f7fb5e4b78b,2026-03-06T18:00:23Z,bitcoin-up-or-down-march-6-1pm-et,Down,BUY,25,0.46,0.45,0.46,0.01,0.455,0.4507219905,0.3485649524,5865.17,10961.45,100,0.01,0,79.68754,0.4655594551,12,CROSS,,TRADE,,-0.095,-0.085,-0.105,-0.115,14,,OPEN
0x41030c6f2edc63d19459d3c1bf6d6eb62b5b226177883c75e887ebe68c617290,2026-03-06T18:00:29Z,bitcoin-up-or-down-march-6-1pm-et,Down,BUY,25,0.45,0.45,0.46,0.01,0.455,0.4507219905,0.3485649524,5865.17,10961.45,100,0.01,0,104.68754,0.4642318245,6,PASSIVE,,TRADE,,-0.075,-0.075,-0.085,-0.105,8,,OPEN
0xa90e4d696386122f80e152f530d97843d400dcd272896e6d12b6caf8ab2c7e87,2026-03-06T18:00:31Z,solana-up-or-down-march-6-1pm-et,Up,BUY,8,0.5,0.52,0.53,0.01,0.525,0.5296666667,0.4403873111,3025.43,3844.5,,,,0,0,,PASSIVE,,TRADE,,0.135,0.135,0.145,0.145,64,,OPEN
0xdb8b420c70012ab24dae771f3c104dc09d694bea8bda9a53b3854238a6e8f710,2026-03-06T18:00:37Z,bitcoin-up-or-down-march-6-1pm-et,Down,SELL,25,0.46,0.4,0.41,0.01,0.405,0.4097039137,0.4196026155,6890.24,9530.63,94.7368421053,0.0105263158,0.0022941573,129.68754,0.4614883411,8,PASSIVE,,TRADE,,0.095,0.095,0.095,0.135,,0,REDUCE
0x3de656859f864e99268a676e7b888201147b1053beef433e4e7e1bf9bc5b072e,2026-03-06T18:00:39Z,solana-up-or-down-march-6-1pm-et,Up,BUY,23.03701,0.53,0.55,0.56,0.01,0.555,0.5575576134,0.3880940241,2237.82,3528.36,100,0.01,0,8,0.5,8,PASSIVE,,TRADE,,0.115,0.115,0.105,0.145,56,,OPEN
0x5536e3545a4ab8da66841b4632f63aa09df209291a159946190f133768b1d634,2026-03-06T18:00:41Z,ethereum-up-or-down-march-6-1pm-et,Up,BUY,25,0.52,0.55,0.56,0.01,0.555,0.5536510938,0.5258006207,3545.91,3197.92,,,,0,0,,PASSIVE,,TRADE,,0.115,0.115,0.12,0.155,192,,OPEN
0x2fc61311ea4efcc2faba00f062ffaa20ca4658c3b37cc10f12d429c580a8bf0c,2026-03-06T18:00:45Z,solana-up-or-down-march-6-1pm-et,Down,SELL,20,0.48,0.44,0.45,0.01,0.445,0.4413650532,0.6074259717,3478.03,2247.82,92.3076923077,0.0107692308,0.002773501,84.65734,0.49,30,PASSIVE,,TRADE,,0.125,0.125,0.125,0.155,,-0.2,REDUCE
0xe7f9e14a187717bc1448eb41f33e6b9683971ae9616c4945532d88dc0bd4c302,2026-03-06T18:00:45Z,solana-up-or-down-march-6-1pm-et,Down,SELL,5,0.48,0.44,0.45,0.01,0.445,0.4413650532,0.6074259717,3478.03,2247.82,92.8571428571,0.0107142857,0.0026726124,64.65734,0.49,0,PASSIVE,,TRADE,,0.125,0.125,0.125,0.175,,-0.05,REDUCE
0x112bae5ad4531c8fd43a3eaa4a4babdef4e3e635660a375e4efdcda9b9556698,2026-03-06T18:00:51Z,xrp-up-or-down-march-6-1pm-et,Up,BUY,34.46401,0.55,0.55,0.56,0.01,0.555,0.5576654267,0.4439596582,2194.83,2748.93,,,,0,0,,PASSIVE,,TRADE,,0.025,0.025,0.015,0.095,46,,OPEN
0x5715833b7d839c1e348d2009b32e112c4699ced6bb89060dc03b665ae1ff02b7,2026-03-06T18:00:53Z,bitcoin-up-or-down-march-6-1pm-et,Up,BUY,24,0.58,0.61,0.62,0.01,0.615,0.616212719,0.509058602,7059.08,6807.85,,,,0,0,,PASSIVE,,TRADE,,0.065,0.055,0.075,0.155,142,,OPEN
0xbc23e2fe286a0582fd1e0870d9a656da0247a9be435f4113d29926e5ca1bdd4d,2026-03-06T18:00:59Z,bitcoin-up-or-down-march-6-1pm-et,Up,BUY,25,0.58,0.6,0.61,0.01,0.605,0.6097812958,0.5544878512,8492.73,6823.62,100,0.01,0,24,0.58,6,PASSIVE,,TRADE,,0.055,0.055,0.075,0.16,136,,OPEN
0x6fa6f69c049648cbdeacdcaa16cbebda73ebc9d05c7dce1114f21a773d048096,2026-03-06T18:00:59Z,xrp-up-or-down-march-6-1pm-et,Up,BUY,5,0.54,0.53,0.54,0.01,0.535,0.5393632736,0.4496654714,2085.49,2552.38,83.3333333333,0.0116666667,0.0040824829,34.46401,0.55,8,CROSS,,TRADE,,0.035,0.015,0.02,0.135,38,,OPEN
0x62cc8b519493520acc1fd6bf830b6544f29d7330f55f5038ec8bac2d7477e4be,2026-03-06T18:01:01Z,solana-up-or-down-march-6-1pm-et,Up,BUY,10,0.56,0.57,0.58,0.01,0.575,0.5779445858,0.5300493668,2963.4,2627.4,100,0.01,0,31.03701,0.5222672964,22,PASSIVE,,TRADE,,0.085,0.075,0.085,0.175,34,,OPEN
0xbefd31490bf3e561a59db27dbb95778db8e8ce861779f7d5c0aa774a622b5786,2026-03-06T18:01:01Z,xrp-up-or-down-march-6-1pm-et,Up,BUY,10,0.54,0.53,0.54,0.01,0.535,0.5390963855,0.4449568775,2049.24,2556.24,85.7142857143,0.0114285714,0.0037796447,39.46401,0.5487330228,2,CROSS,,TRADE,,0.035,0.02,0.04,0.145,36,,OPEN
0x48dcbdecc8956fa8034ece38c42fa258acd4c5da37943f99ac9716b619227557,2026-03-06T18:01:03Z,xrp-up-or-down-march-6-1pm-et,Up,BUY,5,0.54,0.53,0.54,0.01,0.535,0.5390963855,0.4449568775,2049.24,2556.24,87.5,0.01125,0.0035355339,49.46401,0.5469674921,2,CROSS,,TRADE,,0.025,0.02,0.04,0.145,34,,OPEN
0x333e2142aca16e0b19fa692711a09c0b7cbd967f9100cc238d97321847142e51,2026-03-06T18:01:05Z,solana-up-or-down-march-6-1pm-et,Up,BUY,9.67252,0.57,0.57,0.58,0.01,0.575,0.577422538,0.5208369333,2863.4,2634.29,100,0.01,0,41.03701,0.5314620948,4,PASSIVE,,TRADE,,0.065,0.075,0.105,0.165,30,,OPEN
0xea081516aa0439f56886943f9b309c31e01e5c3dcee46cad48f4669d3cb1cf60,2026-03-06T18:01:07Z,solana-up-or-down-march-6-1pm-et,Up,BUY,10,0.57,0.57,0.58,0.01,0.575,0.577422538,0.5208369333,2863.4,2634.29,100,0.01,0,50.70953,0.5388129549,2,PASSIVE,,TRADE,,0.065,0.075,0.105,0.165,28,,OPEN
0xa2410eba797d2482c66060db841a916c3ce4b5d7f0358f88d9cc7674da545be0,2026-03-06T18:01:07Z,solana-up-or-down-march-6-1pm-et,Up,BUY,10,0.57,0.57,0.58,0.01,0.575,0.577422538,0.5208369333,2863.4,2634.29,100,0.01,0,60.70953,0.5439500471,0,PASSIVE,,TRADE,,0.065,0.075,0.105,0.155,28,,OPEN
0xa4d0b159eb706f11157ce4f2b2d30c79ca071c3fcc8784794dae8801572b0705,2026-03-06T18:01:09Z,solana-up-or-down-march-6-1pm-et,Up,BUY,43,0.58,0.57,0.58,0.01,0.575,0.577422538,0.5208369333,2863.4,2634.29,100,0.01,0,70.70953,0.5476341265,2,CROSS,,TRADE,,0.055,0.065,0.095,0.145,26,,OPEN
0x54e74b35182cf846a5960ef12d620e34791307620adc3163d0211093f0a28871,2026-03-06T18:01:11Z,xrp-up-or-down-march-6-1pm-et,Up,BUY,10,0.54,0.57,0.59,0.02,0.58,0.578,0.5383740273,2191.08,1878.73,100,0.0115384615,0.0037553381,54.46401,0.5463278503,8,PASSIVE,,TRADE,,0.02,0.025,0.09,0.135,26,,OPEN
0xb6f8ad63e2f5c98b4c86f9dc759703d5b2fdfa1813eba17baa6c6b6063665493,2026-03-06T18:01:15Z,solana-up-or-down-march-6-1pm-et,Up,BUY,42.36209,0.58,0.63,0.64,0.01,0.635,0.6338555474,0.4814674848,2573.54,2771.66,100,0.01,0,113.70953,0.5598734926,6,PASSIVE,,TRADE,,0.065,0.065,0.115,0.135,20,,OPEN
0xa73cb84834f998e1f8ff5243821a7eae15b9281ad3c7b5dd73489a7f9630f4ed,2026-03-06T18:01:15Z,solana-up-or-down-march-6-1pm-et,Up,BUY,42.36209,0.58,0.63,0.64,0.01,0.635,0.6338555474,0.4814674848,2573.54,2771.66,100,0.01,0,156.07162,0.5653363751,0,PASSIVE,,TRADE,,0.065,0.065,0.115,0.135,20,,OPEN
0xe9c06e37f10dbbd1e298c448a48964bef3525a8ac7ab3363104cc17921d3accf,2026-03-06T18:01:21Z,solana-up-or-down-march-6-1pm-et,Up,BUY,10.75,0.58,0.63,0.64,0.01,0.635,0.6338555474,0.4814674848,2573.54,2771.66,100,0.01,0,198.43371,0.5684667998,6,PASSIVE,,TRADE,,0.065,0.065,0.14,0.14,14,,OPEN
0x7b321bfa683243d7ee4752b0f93fd2a79c46257d633e40630c79b2bcf44c07a7,2026-03-06T18:01:21Z,xrp-up-or-down-march-6-1pm-et,Up,BUY,9.84686,0.55,0.57,0.59,0.02,0.58,0.5741666667,0.5462737529,2230.25,1852.41,100,0.0121428571,0.0042581531,64.46401,0.5453462405,10,PASSIVE,,TRADE,,0.03,0.03,0.095,0.095,16,,OPEN
0x757655811d50a50afc10334ab7ed7df175030c021f1800f1efd68dd5f090207a,2026-03-06T18:01:23Z,xrp-up-or-down-march-6-1pm-et,Up,BUY,10,0.55,0.63,0.64,0.01,0.635,0.6320500205,0.5518191552,1788.33,1452.46,84.2105263158,0.0115789474,0.0037463432,74.31087,0.5459629056,2,PASSIVE,,TRADE,,0.03,0.03,0.145,0.095,14,,OPEN
0x233fd79e0246b96546255b9ae3e5b821b3330b03c44123a363630d813a79b092,2026-03-06T18:01:23Z,solana-up-or-down-march-6-1pm-et,Up,BUY,5,0.58,0.67,0.69,0.02,0.68,0.6849947526,0.5571166202,2763.46,2196.83,100,0.0106451613,0.0024973104,209.18371,0.5690594937,2,PASSIVE,,TRADE,,0.065,0.065,0.155,0.14,12,,OPEN
0x02f5a867cd7d3eb61e9eda7d686c1e0949cff7e595dff1e4abc9fed23456e1f8,2026-03-06T18:01:23Z,bitcoin-up-or-down-march-6-1pm-et,Up,BUY,25,0.62,0.68,0.69,0.01,0.685,0.6843453904,0.3893270902,3257.71,5109.83,100,0.01,0,49,0.58,24,PASSIVE,,TRADE,,0.035,0.055,0.115,0.085,112,,OPEN
0x2136d8fdbf429e82530c8d5d0b0ffdfb710d1887ebd271e63d2f579742a7a8bb,2026-03-06T18:01:23Z,ethereum-up-or-down-march-6-1pm-et,Up,BUY,25,0.57,0.66,0.67,0.01,0.665,0.666056338,0.451948382,1849.54,2242.83,100,0.01,0,25,0.52,42,PASSIVE,,TRADE,,0.085,0.105,0.175,0.135,150,,OPEN
0x13df6d61b7553ffcf1cf86d8eb5c7bb169bd66565a504808ba4e44610ac0db0c,2026-03-06T18:01:23Z,solana-up-or-down-march-6-1pm-et,Up,BUY,9.25,0.58,0.67,0.69,0.02,0.68,0.6895095198,0.5989042804,2689.2,1801,100,0.0109375,0.0029614458,214.18371,0.5693148937,0,PASSIVE,,TRADE,,0.065,0.095,0.155,0.135,12,,OPEN
0x80b905aa5a6d0dc53a39a4d9cda7fe316548466d81178cb2969bcda33c7c35ba,2026-03-06T18:01:25Z,ethereum-up-or-down-march-6-1pm-et,Down,BUY,25,0.39,0.32,0.34,0.02,0.33,0.3386348123,0.5303337934,2267.23,2007.87,100,0.0117391304,0.0038755339,34.6885,0.48,70,CROSS,,TRADE,,-0.045,-0.065,-0.135,-0.09,,,OPEN
0x12f5bedb8fbf4cfb0f0141a2277b46e7c46a077e8e7dc798662771cba7873a7c,2026-03-06T18:01:25Z,xrp-up-or-down-march-6-1pm-et,Up,BUY,5,0.55,0.62,0.63,0.01,0.625,0.6235714286,0.5277113618,1717.12,1536.78,85,0.0115,0.0036634755,84.31087,0.54644174,2,PASSIVE,,TRADE,,0.01,0.045,0.145,0.105,12,,OPEN
0x5021299e2b79e2afc181d2d1d03277439e906564fefb7ab3db2e64612dbcfbfe,2026-03-06T18:01:27Z,xrp-up-or-down-march-6-1pm-et,Up,BUY,34.48077,0.58,0.62,0.63,0.01,0.625,0.6235714286,0.5277113618,1717.12,1536.78,85.7142857143,0.0114285714,0.0035856858,89.31087,0.5466409464,2,PASSIVE,,TRADE,,-0.02,0.02,0.095,0.075,10,,OPEN
0x9c71d5f2d35a3585bc2b5d5349b3d95db34953fde32ebf66f45bfc49a6b4385d,2026-03-06T18:01:27Z,xrp-up-or-down-march-6-1pm-et,Up,BUY,34.48077,0.58,0.62,0.63,0.01,0.625,0.6235714286,0.5277113618,1717.12,1536.78,86.3636363636,0.0113636364,0.0035125009,123.79164,0.5559327358,0,PASSIVE,,TRADE,,-0.02,0.02,0.095,0.075,10,,OPEN
0x91b304f3d05f2c47d0d63a170bfe8594f66cc9770fce93b4e374a682a450ed02,2026-03-06T18:01:29Z,bitcoin-up-or-down-march-6-1pm-et,Up,BUY,4.93365,0.64,0.68,0.69,0.01,0.685,0.6819066768,0.4017426484,3042.61,4530.92,100,0.01,0,74,0.5935135135,6,PASSIVE,,TRADE,,0.025,0.045,0.1,0.065,106,,OPEN
0xf1a472ffcf001d6389e3c866573160b1c68525e285a8202259f5bf6588245c85,2026-03-06T18:01:29Z,xrp-up-or-down-march-6-1pm-et,Up,BUY,34.48077,0.58,0.62,0.63,0.01,0.625,0.6217660044,0.4611755194,1597.12,1866.03,86.9565217391,0.0113043478,0.0034435022,158.27241,0.5611759605,2,PASSIVE,,TRADE,,0,0.02,0.095,0.075,8,,OPEN
0x4ef2b86069cd7f3af3d0ff3eb070ffe0888c86419bd37803ea1fec0ec01f16ea,2026-03-06T18:01:29Z,xrp-up-or-down-march-6-1pm-et,Up,BUY,34.48077,0.58,0.62,0.63,0.01,0.625,0.6217660044,0.4611755194,1597.12,1866.03,87.5,0.01125,0.0033783196,192.75318,0.5645433103,0,PASSIVE,,TRADE,,0,0.02,0.095,0.075,8,,OPEN
0x1c0728d1f51df0863d2c453e222f6997dc7f03a395e0dbea1f48140bb8b35423,2026-03-06T18:01:29Z,bitcoin-up-or-down-march-6-1pm-et,Up,BUY,44.41775,0.65,0.68,0.69,0.01,0.685,0.6819066768,0.4017426484,3042.61,4530.92,100,0.01,0,78.93365,0.5964190938,0,PASSIVE,,TRADE,,0.015,0.035,0.095,0.055,106,,OPEN
0xeff45d0f4a52aeb9dc631225723c01065eb5f341b043b2d0a14272a4cd9e2a50,2026-03-06T18:01:31Z,xrp-up-or-down-march-6-1pm-et,Down,BUY,24.63428,0.41,0.37,0.38,0.01,0.375,0.377733711,0.5215553525,1741.03,1597.12,,,,0,0,,CROSS,,TRADE,,-0.005,-0.04,-0.095,-0.08,48,,OPEN
0x4e114d28ab4080b651df278a8b84249e1cc667b33431445f4b03b62280f81179,2026-03-06T18:01:31Z,bitcoin-up-or-down-march-6-1pm-et,Up,BUY,44.41775,0.65,0.68,0.69,0.01,0.685,0.6819066768,0.4017426484,3042.61,4530.92,100,0.01,0,123.3514,0.615713105,2,PASSIVE,,TRADE,,0.025,0.045,0.095,0.055,104,,OPEN
0x90095b414d8078208e7e4071ed33ffd0024d00bce95f06560d4ee68d314bbe16,2026-03-06T18:01:35Z,solana-up-or-down-march-6-1pm-et,Up,SELL,6.393938,0.6599999875,0.69,0.7,0.01,0.695,0.6977309857,0.5093346921,2548.94,2455.51,90.9090909091,0.0109090909,0.002919371,223.43371,0.5697572497,12,CROSS,,TRADE,,-0.0150000125,-0.0350000125,-0.0750000125,-0.0750000125,,1.0230300001,REDUCE
0x0b2e7aa35ddacaf3222720e571bb47754efd6e5d700b6e081d31e64493d4e67c,2026-03-06T18:01:37Z,ethereum-up-or-down-march-6-1pm-et,Up,BUY,5.18,0.62,0.67,0.68,0.01,0.675,0.6791705375,0.5138715981,2666.49,2522.53,100,0.01,0,50,0.545,14,PASSIVE,,TRADE,,0.055,0.075,0.095,0.095,136,,OPEN
0xf55f67879f9e94bdaa00511529a8874a46cb94d4f546c7a145b0be251fc86743,2026-03-06T18:01:37Z,xrp-up-or-down-march-6-1pm-et,Up,SELL,5.737703,0.6099998553,0.61,0.63,0.02,0.62,0.6124896266,0.4977742603,1943.47,1960.85,100,0.0114285714,0.0035634832,227.23395,0.5668887281,8,CROSS,,TRADE,,-0.0200001447,-0.0250001447,-0.0650001447,-0.0600001447,,0.3442613498,REDUCE
0xeb1b3bc0900da29ba744fd382e820bd64877a091f58b08fc4241a14949a7eee3,2026-03-06T18:01:37Z,xrp-up-or-down-march-6-1pm-et,Down,BUY,1.724135,0.420000174,0.37,0.39,0.02,0.38,0.3875103734,0.5022257397,1960.85,1943.47,100,0.012,0.004472136,24.63428,0.41,6,CROSS,,TRADE,,-0.050000174,-0.055000174,-0.095000174,-0.090000174,42,,OPEN
0x9883eecde7f335ec486442a5a78fcda723326b3abacff96dd3c89e5dbd38c69a,2026-03-06T18:01:41Z,ethereum-up-or-down-march-6-1pm-et,Up,BUY,25,0.67,0.67,0.68,0.01,0.675,0.6785714286,0.4972634988,2665.76,2695.1,100,0.01,0,55.18,0.5520405944,4,PASSIVE,,TRADE,,0.005,0.045,0.045,0.045,132,,OPEN
0xe50822727730f88b6f7cd9eba91863327ecafe2ec8bf3d321483bf8fec0c2e1e,2026-03-06T18:01:41Z,xrp-up-or-down-march-6-1pm-et,Up,BUY,9.856,0.6,0.61,0.63,0.02,0.62,0.6124896266,0.4977742603,1943.47,1960.85,100,0.0117241379,0.0038442587,221.496247,0.5668887281,4,PASSIVE,,TRADE,,0.03,0.045,0.075,0.065,88,,OPEN
0xd3c55fb309aa2345d1fcbee8456396feaeef6f3eec05c86fd82669b5a187d510,2026-03-06T18:01:43Z,bitcoin-up-or-down-march-6-1pm-et,Up,BUY,25,0.67,0.67,0.68,0.01,0.675,0.6777556209,0.3653009552,3547.77,6164.14,100,0.01,0,167.76915,0.6247907377,12,PASSIVE,,TRADE,,0.045,0.065,0.055,0.025,92,,OPEN
0xb49359edf953d487af2f9d08e122e628317a83d532c45116110617b765e7fc13,2026-03-06T18:01:43Z,bitcoin-up-or-down-march-6-1pm-et,Up,BUY,45,0.68,0.67,0.68,0.01,0.675,0.6777556209,0.3653009552,3547.77,6164.14,100,0.01,0,192.76915,0.6306538728,0,CROSS,,TRADE,,0.035,0.055,0.035,0.015,92,,OPEN
0x4fbc3862a20e4a18dcc55a0df8d76de3a9827eb031b53204ae2e97aa39773ef9,2026-03-06T18:01:43Z,solana-up-or-down-march-6-1pm-et,Up,BUY,10,0.67,0.69,0.71,0.02,0.7,0.708648192,0.5764231672,2884.41,2119.57,100,0.0111764706,0.0032703497,217.039772,0.5697572497,8,PASSIVE,,TRADE,,0.025,0.065,0.045,0.055,30,,OPEN
0x5399587363bef21ef79886a50c7859d04013f1a6305735cadb9d0f599abdc554,2026-03-06T18:01:45Z,ethereum-up-or-down-march-6-1pm-et,Up,BUY,25,0.65,0.68,0.69,0.01,0.685,0.6805509642,0.4848926369,2635.76,2800,100,0.01,0,80.18,0.5888201547,4,PASSIVE,,TRADE,,0.065,0.085,0.065,0.035,128,,OPEN
0x4f29a7a6e3bf51fe5aa240e8652c7abf86563279322466a48e6638c81b53666b,2026-03-06T18:01:45Z,solana-up-or-down-march-6-1pm-et,Up,BUY,25,0.67,0.69,0.71,0.02,0.7,0.708648192,0.5764231672,2884.41,2119.57,100,0.0114285714,0.003550358,227.039772,0.5741724563,2,PASSIVE,,TRADE,,0.05,0.065,0.045,0.055,28,,OPEN
0x99d67b9a6c7c74605d70fca6e14d53091b3d8db6f1854566393313599b3a5b59,2026-03-06T18:01:47Z,xrp-up-or-down-march-6-1pm-et,Down,BUY,24.64,0.4,0.39,0.4,0.01,0.395,0.39375,0.4229377316,1656,2259.47,90,0.011,0.0031622777,26.358415,0.4106541232,10,CROSS,,TRADE,,-0.045,-0.075,-0.06,-0.065,32,,OPEN
0x92e5d9e707c2bcff779e3b2721d025a5111a153011aed8bf313852c83ffda60c,2026-03-06T18:01:49Z,bitcoin-up-or-down-march-6-1pm-et,Up,BUY,25,0.66,0.67,0.68,0.01,0.675,0.6711928369,0.4141002574,4428.09,6265.19,100,0.01,0,237.76915,0.6399930815,6,PASSIVE,,TRADE,,0.075,0.085,0.055,0.035,86,,OPEN
0x85f94242e1cc4d07857744a88332783c7d6e1e9cd5011856a2697c622533f346,2026-03-06T18:02:05Z,xrp-up-or-down-march-6-1pm-et,Up,BUY,5,0.62,0.61,0.62,0.01,0.615,0.6114074583,0.5616168685,1974.19,1541,86.6666666667,0.0113333333,0.003457459,231.352247,0.5682993247,24,CROSS,,TRADE,,0.055,0.04,0.05,0.025,64,,OPEN
0x9e056b83274a1b7c264701dc4466ab2424ff2d47e5e0bb957c2273b26a40863f,2026-03-06T18:02:13Z,solana-up-or-down-march-6-1pm-et,Up,SELL,43,0.69,0.7,0.71,0.01,0.705,0.7016386535,0.4683173012,2399.7,2724.39,82.7586206897,0.0117241379,0.0038442587,252.039772,0.5836776569,28,CROSS,,TRADE,,-0.025,-0.025,-0.035,-0.025,,6.29390474,REDUCE
0x00ba2063991980cba68970716c3ef08a84e39a324ebee7d59e2b703afd6ba6c6,2026-03-06T18:02:19Z,xrp-up-or-down-march-6-1pm-et,Down,SELL,10,0.39,0.38,0.39,0.01,0.385,0.3878571429,0.495702721,1807,1838.33,78.9473684211,0.0121052632,0.0041885391,50.998415,0.4055065594,32,PASSIVE,,TRADE,,0.035,0.045,0.035,0.045,,-0.2,REDUCE
0x82cc0ea6ec4588cbd0842079d47f92f63af1d70f70381773cda163cdeca0eeca,2026-03-06T18:02:23Z,solana-up-or-down-march-6-1pm-et,Up,SELL,6,0.71,0.7,0.71,0.01,0.705,0.7016386535,0.4764453446,2474.7,2719.39,83.3333333333,0.0116666667,0.0037904902,209.039772,0.5836776569,10,PASSIVE,,TRADE,,-0.025,-0.025,-0.005,-0.015,,0.84,REDUCE
0x3dd893cb7ccce382487ea28e12ac7557ea3b724dcdf8ceae9d11fe6fb96d6d0b,2026-03-06T18:02:25Z,xrp-up-or-down-march-6-1pm-et,Up,BUY,10,0.59,0.61,0.62,0.01,0.615,0.6181818182,0.5768741804,2014.71,1477.75,90,0.011,0.0030512858,236.352247,0.5693930456,20,PASSIVE,,TRADE,,0.065,0.08,0.055,0.065,44,,OPEN
0x3121a770df2937e096b7f4fe26bd4fd6023135aa286db6b15371afb2b05342f2,2026-03-06T18:02:39Z,solana-up-or-down-march-6-1pm-et,Down,BUY,5,0.27,0.28,0.29,0.01,0.285,0.2883333333,0.5648557044,2794.81,2153.02,100,0.01,0,59.65734,0.49,114,PASSIVE,,TRADE,,0.005,0.015,0.015,0.005,,,OPEN
0x1d887fb289a252735dd43afa0a9d57785dc00cae893d4fb602b4c3faeb026d5c,2026-03-06T18:03:09Z,xrp-up-or-down-march-6-1pm-et,Up,SELL,5,0.61,0.59,0.6,0.01,0.595,0.5925,0.5360926001,2128.62,1842,91.3043478261,0.0108695652,0.0028810407,246.352247,0.5702295289,44,PASSIVE,,TRADE,,-0.035,-0.045,-0.045,-0.045,,0.3,REDUCE
0x69bcb2abe7de8f82b033b120cf0d8ac04363922cf07fdb44e5502da1141544ec,2026-03-06T18:03:11Z,ethereum-up-or-down-march-6-1pm-et,Up,BUY,4.315788,0.620000102,0.61,0.62,0.01,0.615,0.6178423428,0.5523079962,5173.11,4193.24,100,0.01,0,105.18,0.6033618559,86,CROSS,,TRADE,,0.064999898,0.074999898,0.074999898,0.064999898,42,,OPEN
0x53ca3d2bb20797c83a198674054b9dfdc7306f1d41b3ef21115f86f1af3e08e6,2026-03-06T18:03:15Z,bitcoin-up-or-down-march-6-1pm-et,Up,SELL,45,0.66,0.65,0.66,0.01,0.655,0.6510136878,0.5018775459,6212.17,6165.69,100,0.01,0,262.76915,0.6418965506,86,PASSIVE,,TRADE,,-0.035,-0.025,-0.025,-0.015,,3.6,REDUCE
0x6ebf9e2c603a5e79a672e035770635f440c17742ba8a4f0f1a99f444bafa1061,2026-03-06T18:03:31Z,xrp-up-or-down-march-6-1pm-et,Up,SELL,1.666665,0.6,0.58,0.59,0.01,0.585,0.585,0.5613778155,2299.92,1797,91.3043478261,0.0108695652,0.0028810407,241.352247,0.5702295289,22,PASSIVE,,TRADE,,-0.055,-0.055,-0.055,-0.045,,0.08333325,REDUCE
0x323062a6b6bdd14efe19c9f79daa095f87f48b8118ef037df1167bbdc7649239,2026-03-06T18:03:51Z,bitcoin-up-or-down-march-6-1pm-et,Up,SELL,7.69941,0.6799998961,0.66,0.67,0.01,0.665,0.6606491301,0.5023225169,5954.29,5899.23,100,0.01,0,217.76915,0.6418965506,36,PASSIVE,,TRADE,,-0.0050001039,-0.0050001039,0.0049998961,0.0149998961,,0.6219638,REDUCE
0x845c6db3e7c947df84ecbfca02c393c2732f6f665dd3418e503dd57e110d76b9,2026-03-06T18:03:53Z,ethereum-up-or-down-march-6-1pm-et,Up,SELL,25,0.65,0.62,0.63,0.01,0.625,0.6288226786,0.6116957141,4017.96,2550.6,95.8333333333,0.0104166667,0.0020412415,109.495788,0.6040176541,42,PASSIVE,,TRADE,,-0.045,-0.045,-0.035,-0.035,,3.25,REDUCE
0x00bf0845196b62954109b44e8390aa39e6a80c0ddf2cd500c67e3f5c48491849,2026-03-06T18:04:03Z,xrp-up-or-down-march-6-1pm-et,Up,SELL,5.16949,0.5899999807,0.56,0.57,0.01,0.565,0.565,0.5860585244,2194.25,1549.83,91.6666666667,0.0108333333,0.0028232985,239.685582,0.5702295289,32,PASSIVE,,TRADE,,-0.0650000193,-0.0550000193,-0.0550000193,-0.0550000193,,0.2067795002,REDUCE
0xf7631d01d0833431d617203f31b39d48aca6ec9eca56897b2f07a306b4490054,2026-03-06T18:04:03Z,bitcoin-up-or-down-march-6-1pm-et,Up,SELL,5.149252,0.6699998369,0.65,0.66,0.01,0.655,0.6516074479,0.5110012693,6312.46,6040.66,100,0.01,0,210.06974,0.6418965506,12,PASSIVE,,TRADE,,-0.0150001631,-0.0050001631,-0.0050001631,0.0049998369,,0.2574617602,REDUCE
0xd5afbde95b12d9860f5ee601fe97168b82e0060df283d5c85fa07aa69889b642,2026-03-06T18:04:27Z,solana-up-or-down-march-6-1pm-et,Up,BUY,14.81669,0.67,0.62,0.63,0.01,0.625,0.6203438553,0.4721748792,2435.19,2722.2,100,0.01,0,203.039772,0.5836776569,124,CROSS,,TRADE,,0.055,0.045,0.045,0.025,82,,OPEN
0x683124d26111796f6e0b264ca712641700216e96fc0f3b9ce7e555e207a0b71d,2026-03-06T18:04:35Z,xrp-up-or-down-march-6-1pm-et,Up,SELL,1.785713,0.5599998432,0.56,0.57,0.01,0.565,0.5635714286,0.5578201703,2244.25,1779,86.9565217391,0.0113043478,0.0034435022,234.516092,0.5702295289,32,CROSS,,TRADE,,-0.0850001568,-0.0850001568,-0.0850001568,-0.0750001568,,0.01785685,REDUCE
0xc4d40912a9e018fc4dc2a32890dc5f97be960120a3ca998b66a9eb475b5ab6ad,2026-03-06T18:04:37Z,xrp-up-or-down-march-6-1pm-et,Up,SELL,1.785713,0.5599998432,0.56,0.57,0.01,0.565,0.5635714286,0.5578201703,2244.25,1779,87.5,0.01125,0.0033783196,232.730379,0.5702295289,2,CROSS,,TRADE,,-0.0850001568,-0.0850001568,-0.0850001568,-0.0750001568,,0.01785685,REDUCE
0x2d3101b4b29a73c36c5f49058762b21fd849d00a04958eab5aa5f4c9ccd25e00,2026-03-06T18:04:39Z,xrp-up-or-down-march-6-1pm-et,Up,SELL,25,0.54,0.56,0.57,0.01,0.565,0.5635714286,0.5578201703,2244.25,1779,88,0.0112,0.0033166248,230.944666,0.5702295289,2,CROSS,,TRADE,,-0.105,-0.105,-0.105,-0.095,,-0.13318726,REDUCE
0x5e2db303d41dd8d13fc050199e476ee6bf49bf094302e43f53fe1849bd12dbe8,2026-03-06T18:04:41Z,solana-up-or-down-march-6-1pm-et,Down,BUY,4.93062,0.38,0.36,0.37,0.01,0.365,0.3648,0.4785699019,2552.51,2781.11,100,0.01,0,64.65734,0.472987237,122,CROSS,,TRADE,,-0.095,-0.095,-0.095,-0.075,,,OPEN
0x8e9c778cb22a7cfb708dd08355d8182ff733bd1e246ae771c93f8651316a4d65,2026-03-06T18:04:45Z,bitcoin-up-or-down-march-6-1pm-et,Down,BUY,5,0.38,0.35,0.36,0.01,0.355,0.357429704,0.4715444661,5381.19,6030.65,100,0.01,0,104.68754,0.4614883411,248,CROSS,,TRADE,,-0.045,-0.045,-0.045,-0.045,1894,,OPEN
0x27761054708c84d7bc1197c9e20d7c0748e55cd23711799dca198b4743e60682,2026-03-06T18:04:49Z,bitcoin-up-or-down-march-6-1pm-et,Up,SELL,6,0.66,0.64,0.65,0.01,0.645,0.6408022334,0.511361822,5668.86,5416.95,100,0.01,0,204.920488,0.6418965506,46,PASSIVE,,TRADE,,-0.005,-0.005,-0.005,0.005,,0.24,REDUCE
0x2bc3c3cc9e1961b72a6f080a96c78cb73b730ebbba649b12fcf8e67c1f5738d1,2026-03-06T18:05:09Z,solana-up-or-down-march-6-1pm-et,Down,BUY,42.4159,0.37,0.35,0.36,0.01,0.355,0.3581336855,0.5415034364,2858.51,2420.33,100,0.01,0,69.58796,0.466398673,28,CROSS,,TRADE,,-0.085,-0.085,-0.065,-0.055,,,OPEN
0xe242fc6b42dd447a250cc609fca0a6eba734a484d72845fffc5d1cea2c0645fe,2026-03-06T18:05:11Z,bitcoin-up-or-down-march-6-1pm-et,Down,BUY,2.74,0.36,0.36,0.37,0.01,0.365,0.369697913,0.5216862297,5188.06,4756.73,100,0.01,0,109.68754,0.4577737742,26,PASSIVE,,TRADE,,-0.025,-0.03,-0.025,-0.03,1868,,OPEN
0xb3f534d1063445c5da7339ef25e801c7786f9c75b21147609c552478532667ed,2026-03-06T18:05:15Z,solana-up-or-down-march-6-1pm-et,Down,BUY,2.28,0.37,0.35,0.36,0.01,0.355,0.358599306,0.5470929127,2904.85,2404.76,100,0.01,0,112.00386,0.4298924626,6,CROSS,,TRADE,,-0.085,-0.065,-0.065,-0.075,,,OPEN
0x4df56b0334a103adc228eb0ecaab416275a72b52de503dd0560905d951f9fabc,2026-03-06T18:05:17Z,ethereum-up-or-down-march-6-1pm-et,Down,BUY,3.225805,0.380000031,0.36,0.37,0.01,0.365,0.3690997331,0.3990196809,2461.72,3707.7,95.2380952381,0.0104761905,0.0021821789,59.6885,0.4423042965,232,CROSS,,TRADE,,-0.065000031,-0.055000031,-0.055000031,-0.060000031,,,OPEN
0xee4f8e5581b126f8ebd6afcad2002c035059b02af6e994ac34eb8a3e10a2775e,2026-03-06T18:05:17Z,bitcoin-up-or-down-march-6-1pm-et,Down,BUY,11.8,0.36,0.36,0.37,0.01,0.365,0.3696599494,0.5175627473,5103.06,4756.73,100,0.01,0,112.42754,0.4553909049,6,PASSIVE,,TRADE,,-0.025,-0.03,-0.015,-0.035,1862,,OPEN
0xde44e6edeef04867b16a3243b577b492184c302e0cf8cdc16170374de231763e,2026-03-06T18:05:23Z,bitcoin-up-or-down-march-6-1pm-et,Up,SELL,25,0.65,0.64,0.65,0.01,0.645,0.6453556263,0.5302674866,6055.66,5364.35,100,0.01,0,198.920488,0.6418965506,34,PASSIVE,,TRADE,,-0.02,-0.02,-0.005,-0.025,,0.35387664,REDUCE
0x99899fdf406c8fda206239bfd38a471b6c4fca4b864ecbebad18a567dfedfc19,2026-03-06T18:05:25Z,xrp-up-or-down-march-6-1pm-et,Up,SELL,9.82,0.58,0.56,0.57,0.01,0.565,0.567,0.5550167169,2011.98,1613.1,86.9565217391,0.0113043478,0.0034435022,205.944666,0.5702295289,46,PASSIVE,,TRADE,,-0.055,-0.055,-0.035,-0.055,,0.3928,REDUCE
0x6c157fdf826d50e32c0ad72df455890503ed4c21bcf0374c54351b1fc3f2bb48,2026-03-06T18:05:27Z,xrp-up-or-down-march-6-1pm-et,Up,SELL,20,0.59,0.56,0.57,0.01,0.565,0.567,0.5550167169,2011.98,1613.1,87.5,0.01125,0.0033783196,196.124666,0.5702295289,2,PASSIVE,,TRADE,,-0.045,-0.045,-0.025,-0.045,,0.88498726,REDUCE
0x6b8adbc501f82892e47900828400604f7f394ede46131abeceae5e1141d3ad29,2026-03-06T18:05:49Z,solana-up-or-down-march-6-1pm-et,Up,SELL,3.86567,0.6699997672,0.69,0.7,0.01,0.695,0.696,0.4937061638,2338.38,2398,95,0.0105,0.002236068,217.856462,0.5895485473,82,CROSS,,TRADE,,-0.0150002328,-0.0150002328,-0.0350002328,-0.0250002328,,0.3865661001,REDUCE
0xada36cc5940785ba4360cb786d49d8566d3a4d25663e09647487495a5b8aea9f,2026-03-06T18:05:49Z,solana-up-or-down-march-6-1pm-et,Up,SELL,1.694476,0.6699994571,0.69,0.7,0.01,0.695,0.696,0.4937061638,2338.38,2398,95.2380952381,0.0104761905,0.0021821789,213.990792,0.5895485473,0,CROSS,,TRADE,,-0.0150005429,-0.0150005429,-0.0350005429,-0.0250005429,,0.1694466801,REDUCE
0x9c16a17697156f2ef6cc34186f43d9d5b651535c8cfa863c24831a8b1a235251,2026-03-06T18:05:51Z,solana-up-or-down-march-6-1pm-et,Up,SELL,1.617646,0.6799998269,0.69,0.7,0.01,0.695,0.696,0.4937061638,2338.38,2398,95.4545454545,0.0104545455,0.0021320072,212.296316,0.5895485473,2,CROSS,,TRADE,,-0.0050001731,-0.0050001731,-0.0250001731,-0.0250001731,,0.17794078,REDUCE
0x24d97dbfc36f2486d55aee8dddab58dcc7ac26c8e37cb1cebd33190bd006b017,2026-03-06T18:05:51Z,solana-up-or-down-march-6-1pm-et,Up,SELL,1.632351,0.6799995834,0.69,0.7,0.01,0.695,0.696,0.4937061638,2338.38,2398,95.652173913,0.0104347826,0.0020851441,210.67867,0.5895485473,0,CROSS,,TRADE,,-0.0050004166,-0.0050004166,-0.0250004166,-0.0250004166,,0.17955793,REDUCE
0xb5f045f89bbc0eff829ac9d347aa760763b669ae9f36461cd4dad478a3014eaa,2026-03-06T18:06:01Z,solana-up-or-down-march-6-1pm-et,Up,BUY,3.47834,0.68,0.73,0.74,0.01,0.735,0.7382863416,0.5042047967,2501.96,2460.23,95.8333333333,0.0104166667,0.0020412415,209.046319,0.5895485473,10,PASSIVE,,TRADE,,0.005,0.005,0.025,0.025,258,,OPEN
0x052cb06b16b0ccc8b713aaf178b8c9145c28b0b4ea912fdf47e455c56cbd24a5,2026-03-06T18:06:03Z,bitcoin-up-or-down-march-6-1pm-et,Up,BUY,25,0.71,0.74,0.75,0.01,0.745,0.7411688615,0.4363140391,4524.93,5845.88,100,0.01,0,173.920488,0.6418965506,40,PASSIVE,,TRADE,,-0.04,-0.035,-0.045,-0.035,26,,OPEN
0x3cb858616dfc67696f829d6f70b87e23fa990e9df25053d8fa3ea44f6d17ef5b,2026-03-06T18:06:05Z,xrp-up-or-down-march-6-1pm-et,Up,BUY,4.93531,0.65,0.64,0.66,0.02,0.65,0.659609375,0.4766960567,1866.88,2049.41,100,0.0127272727,0.0045584231,176.124666,0.5702295289,38,PASSIVE,,TRADE,,-0.025,-0.01,-0.035,-0.02,562,,OPEN
0x290f32e9d828f4eedb9f414fe2c24be4692d21fbea1fbb3ea160f88c0d1489e5,2026-03-06T18:06:07Z,xrp-up-or-down-march-6-1pm-et,Up,BUY,4.94281,0.69,0.64,0.66,0.02,0.65,0.659609375,0.4766960567,1866.88,2049.41,100,0.0130434783,0.0047047197,181.059976,0.5724039023,2,CROSS,,TRADE,,-0.065,-0.05,-0.075,-0.06,560,,OPEN
0x16eee96c46e64b6d3e26e12198ac53cff02de96c279819265a25d475fbe61de4,2026-03-06T18:06:09Z,bitcoin-up-or-down-march-6-1pm-et,Up,BUY,25,0.73,0.7,0.71,0.01,0.705,0.7091398033,0.4673740645,5363.08,6111.84,100,0.01,0,198.920488,0.6504556802,6,CROSS,,TRADE,,-0.055,-0.055,-0.065,-0.055,20,,OPEN
0xed60a2d88c1069a7a3bdb268759a8eec34f782960c217ebf5624af780c30caf9,2026-03-06T18:06:19Z,ethereum-up-or-down-march-6-1pm-et,Up,BUY,5.05,0.7,0.68,0.69,0.01,0.685,0.6896093046,0.6577516443,5009.18,2606.43,80,0.0125,0.005501196,84.495788,0.6040176541,146,CROSS,,TRADE,,-0.025,-0.025,-0.025,-0.025,12,,OPEN
0x56a5c7bc0adb9fb19f6ed88240574b578dc081f57079bf5d644974626b1631ba,2026-03-06T18:06:29Z,bitcoin-up-or-down-march-6-1pm-et,Up,SELL,6.84,0.71,0.67,0.68,0.01,0.675,0.6797014925,0.5650754011,6742.96,5189.89,100,0.01,0,223.920488,0.6593365469,20,PASSIVE,,TRADE,,0.035,0.045,0.035,0.035,,0.4104,REDUCE
0x1deecbf04f40cc85b299310571228b1d7d9c430069af11041f5bd14da60a863e,2026-03-06T18:06:29Z,bitcoin-up-or-down-march-6-1pm-et,Up,SELL,18.16,0.71,0.67,0.68,0.01,0.675,0.6797014925,0.5650754011,6742.96,5189.89,100,0.01,0,217.080488,0.6593365469,0,PASSIVE,,TRADE,,0.035,0.045,0.035,0.035,,1.0896,REDUCE
0xe4660bc7aaaf0a900bcbbe162af6b9184ec33d342d791f73e36208befa7c2d8a,2026-03-06T18:06:31Z,ethereum-up-or-down-march-6-1pm-et,Up,SELL,5,0.72,0.69,0.7,0.01,0.695,0.6966019417,0.6324403983,4956.72,2880.73,80.9523809524,0.0123809524,0.0053895843,89.545788,0.6094306485,12,PASSIVE,,TRADE,,0.065,0.065,0.045,0.045,,0.75,REDUCE
0x7eccb91adf0739f1a895b9bce08f58b57b7ba0d43bf3dda867e4fde84d389826,2026-03-06T18:07:05Z,ethereum-up-or-down-march-6-1pm-et,Up,BUY,10,0.66,0.67,0.68,0.01,0.675,0.6790127552,0.6123958419,6324.12,4002.73,86.3636363636,0.0113636364,0.0035125009,84.545788,0.6094306485,34,PASSIVE,,TRADE,,0.015,0.015,0.035,0.015,524,,OPEN
0xd7781567179ef1d0b10c64ddba882ce37d867330f121afff7c6074a4c312fe03,2026-03-06T18:07:27Z,solana-up-or-down-march-6-1pm-et,Up,BUY,25,0.68,0.71,0.72,0.01,0.715,0.7170382656,0.5568408208,3491.03,2778.32,90.4761904762,0.010952381,0.003007926,212.524659,0.5910289444,86,PASSIVE,,TRADE,,0.035,0.045,0.035,0.05,172,,OPEN
0xc2082c2eeea9da305c36a5ffa08452ad5c814f568895fcf801794ce92a85eb1d,2026-03-06T18:07:45Z,xrp-up-or-down-march-6-1pm-et,Up,BUY,17.647057,0.6600000215,0.63,0.65,0.02,0.64,0.6476871126,0.4800180159,1897.06,2055,100,0.0159090909,0.0050323628,186.002786,0.5755288833,98,CROSS,,TRADE,,-0.0200000215,-0.0200000215,-0.0250000215,-0.0050000215,462,,OPEN
0xe9e844b626077a20d43628c3d39404b863861fb2c7b8f5400f7171b6b3477a84,2026-03-06T18:07:57Z,bitcoin-up-or-down-march-6-1pm-et,Up,BUY,6.25,0.68,0.67,0.68,0.01,0.675,0.6798177466,0.659184003,10450.69,5403.29,100,0.01,0,198.920488,0.6593365469,88,CROSS,,TRADE,,-0.005,-0.005,0.015,0.035,162,,OPEN
0x5dc58d3a3799f3daf68a2fe11443855ef6f45cec0e9019bfbd510bdd717f47f3,2026-03-06T18:08:07Z,ethereum-up-or-down-march-6-1pm-et,Up,BUY,17.92,0.68,0.69,0.7,0.01,0.695,0.694499812,0.6393601983,5169.63,2916,91.3043478261,0.0108695652,0.0028810407,94.545788,0.614779311,62,PASSIVE,,TRADE,,0.015,0.015,0.03,0.025,462,,OPEN
0x3eb0ca5b049bfc4404f2860850a4a2b439e7f687d5e939015e338f8933dec317,2026-03-06T18:08:13Z,bitcoin-up-or-down-march-6-1pm-et,Up,BUY,25,0.67,0.68,0.69,0.01,0.685,0.6880642661,0.6483012184,10614.96,5758.54,95.8333333333,0.0104166667,0.0020412415,205.170488,0.6599660067,16,PASSIVE,,TRADE,,0.015,0.025,0.045,0.045,146,,OPEN
0xb3df0728d0fe9751e6416c6f4817cdbeb37af0fa613396089ff17b4ec6041897,2026-03-06T18:08:35Z,solana-up-or-down-march-6-1pm-et,Up,BUY,31.35252,0.73,0.73,0.74,0.01,0.735,0.7376563717,0.5720430659,3569.4,2670.34,91.3043478261,0.0108695652,0.0028810407,237.524659,0.6003933464,68,PASSIVE,,TRADE,,0.005,0.005,-0.005,0.005,104,,OPEN
0xe846b96c1d3c3e5a8c5440a7d4adda06f083fbdf247e1abfda1ab4defd85d235,2026-03-06T18:08:37Z,ethereum-up-or-down-march-6-1pm-et,Up,BUY,6.9,0.71,0.72,0.73,0.01,0.725,0.7217458729,0.6128948495,5381.56,3399,95.8333333333,0.0104166667,0.0020412415,112.465788,0.6251714024,30,PASSIVE,,TRADE,,0.015,0.005,-0.005,0.005,432,,OPEN
0x8f25b3dabdec12b421d8d9f5fd3ae83916c54884d3dcf6d1541e580aa288a496,2026-03-06T18:08:41Z,ethereum-up-or-down-march-6-1pm-et,Up,BUY,17.241378,0.710000036,0.71,0.72,0.01,0.715,0.7194812202,0.6460192968,5009.66,2745,96,0.0104,0.002,119.365788,0.6300749626,4,PASSIVE,,TRADE,,0.004999964,0.004999964,-0.005000036,-0.005000036,428,,OPEN
0x26d22f57a09e4877e13b8b362c4a6d8096cabba544a9de6be5513052611b5c4d,2026-03-06T18:09:33Z,xrp-up-or-down-march-6-1pm-et,Up,BUY,10,0.69,0.64,0.66,0.02,0.65,0.6550671224,0.4887551259,2022.63,2115.7,100,0.012173913,0.0042174117,203.649843,0.5828486385,108,CROSS,,TRADE,,-0.04,-0.04,-0.035,-0.065,354,,OPEN
0xaf679256d30299afb767e2beb99643b923446b41c51dfdee3752ddd65faa9cd0,2026-03-06T18:09:33Z,xrp-up-or-down-march-6-1pm-et,Up,BUY,10,0.69,0.64,0.66,0.02,0.65,0.6550671224,0.4887551259,2022.63,2115.7,100,0.0125,0.0044232587,213.649843,0.5878639177,0,CROSS,,TRADE,,-0.04,-0.04,-0.035,-0.065,354,,OPEN
0x7f8b6cb9b398063f069051a6466fb10d5c4aae0c5ee6c1970013d8f306548bea,2026-03-06T18:10:07Z,bitcoin-up-or-down-march-6-1pm-et,Up,BUY,25,0.72,0.72,0.73,0.01,0.725,0.7202850127,0.5927300766,8563.45,5884.02,100,0.01,0,230.170488,0.6610558503,114,PASSIVE,,TRADE,,0.005,0.005,-0.005,-0.035,32,,OPEN
0x1eec03cf4564169d016c1bd27a15a7091c1f99254fde56ec979b02b4814318f2,2026-03-06T18:10:15Z,bitcoin-up-or-down-march-6-1pm-et,Up,BUY,25,0.74,0.71,0.72,0.01,0.715,0.7130656346,0.6101548075,9120.35,5827.25,100,0.01,0,255.170488,0.6668308275,8,CROSS,,TRADE,,-0.025,-0.025,-0.025,-0.045,24,,OPEN
0xd0a717e54dbcd29ab19b00da799a2d8562ffa89e3acd40e227ac37d66db4fc1e,2026-03-06T18:10:19Z,solana-up-or-down-march-6-1pm-et,Up,SELL,13,0.73,0.73,0.74,0.01,0.735,0.738,0.5025342014,2551.14,2525.41,47.8260869565,0.0152173913,0.0051075392,268.877179,0.6155061768,104,CROSS,,TRADE,,-0.005,-0.005,-0.01,0.01,,2.01505449,REDUCE
0x06829965df8f63115432134e3c77fb18e80db2fd4d48f3627337448db46abdef,2026-03-06T18:10:39Z,bitcoin-up-or-down-march-6-1pm-et,Up,SELL,25,0.72,0.7,0.71,0.01,0.705,0.7001713326,0.6400250424,9957.26,5600.35,100,0.01,0,280.170488,0.6733598139,24,PASSIVE,,TRADE,,0.015,0.015,0.025,-0.005,,1.75,REDUCE
0xfc74dc31f4b375c24616b424c979d68ee6c95739c83b524f6ad88d4eacdd40f6,2026-03-06T18:10:43Z,xrp-up-or-down-march-6-1pm-et,Down,BUY,15,0.37,0.39,0.4,0.01,0.395,0.3992857143,0.47247555,1917.92,2141.38,73.9130434783,0.0126086957,0.0044897776,40.998415,0.4055065594,504,PASSIVE,,TRADE,,0.025,0.025,0.035,-0.035,654,,OPEN
0x1c280ca9700248d75128b2d894ec4e224e00624d6e0fada5744aa8e0e2d2bc5d,2026-03-06T18:10:57Z,xrp-up-or-down-march-6-1pm-et,Down,BUY,20,0.38,0.39,0.4,0.01,0.395,0.3971204188,0.4266381731,1716.92,2307.38,75,0.0125,0.0044232587,55.998415,0.3959956046,14,PASSIVE,,TRADE,,0.015,0.015,0.005,-0.095,640,,OPEN
0x1d290a8fe2734f0584fc4cd913e31f8bc98ef993c8c1e7f77a3cc5a8f0957eae,2026-03-06T18:11:25Z,bitcoin-up-or-down-march-6-1pm-et,Up,SELL,1.11,0.71,0.73,0.74,0.01,0.735,0.7395974467,0.6433630905,9818.57,5442.75,100,0.01,0,255.170488,0.6733598139,46,CROSS,,TRADE,,-0.025,-0.025,-0.035,-0.075,,0.0666,REDUCE
0x8bc23926c8dc2fb81600b6def4ac15e3b5334d42decf577b172d4746fe37652c,2026-03-06T18:11:29Z,bitcoin-up-or-down-march-6-1pm-et,Up,SELL,23.89,0.71,0.73,0.74,0.01,0.735,0.7395974467,0.6433630905,9818.57,5442.75,100,0.01,0,254.060488,0.6733598139,4,CROSS,,TRADE,,-0.025,-0.025,-0.045,-0.085,,1.4334,REDUCE
0x1fdcba31cfba239c43cbe4272d82aa9724c83324906f3e30aac21dae2668ce15,2026-03-06T18:11:37Z,ethereum-up-or-down-march-6-1pm-et,Up,BUY,44.46732,0.68,0.7,0.71,0.01,0.705,0.7078076063,0.6453329671,4933.99,2711.66,91.3043478261,0.0108695652,0.0028810407,136.607166,0.6401624158,176,PASSIVE,,TRADE,,0.025,0.035,0.055,0.095,252,,OPEN
0xb434c0434b7f66864556a554c29160224ee4596988fc52abcb8832881052e2f9,2026-03-06T18:11:39Z,ethereum-up-or-down-march-6-1pm-et,Up,BUY,20,0.67,0.71,0.72,0.01,0.715,0.7199244114,0.65004001,4857.84,2615.3,91.6666666667,0.0108333333,0.0028232985,181.074486,0.6499455202,2,PASSIVE,,TRADE,,0.06,0.06,0.075,0.105,250,,OPEN
0x3edd64e509fb278301c1e9e85a046e83d44c8ad4617185a3b287d02499fbe84a,2026-03-06T18:11:43Z,xrp-up-or-down-march-6-1pm-et,Up,BUY,9.87061,0.65,0.7,0.71,0.01,0.705,0.7048239369,0.4890958503,1749.31,1827.31,78.2608695652,0.012173913,0.0042174117,223.649843,0.592430703,130,PASSIVE,,TRADE,,0.055,0.055,0.08,0.08,224,,OPEN
0x929ad23aa4d3e0118d79a23c104f5964aeeba9d79145784571c4153839ba86f2,2026-03-06T18:11:45Z,xrp-up-or-down-march-6-1pm-et,Up,BUY,24.68528,0.66,0.7,0.71,0.01,0.705,0.7048239369,0.4890958503,1749.31,1827.31,79.1666666667,0.0120833333,0.0041485112,233.520453,0.5948640833,2,PASSIVE,,TRADE,,0.045,0.045,0.07,0.08,222,,OPEN
0xdd3b3086a4faaa6e6fdfd42b9dda3d38ec67923cb806e01b675a3b5476075729,2026-03-06T18:11:53Z,xrp-up-or-down-march-6-1pm-et,Up,BUY,12.71822,0.7,0.7,0.72,0.02,0.71,0.7039542085,0.5190362863,1906.14,1766.32,100,0.0116666667,0.0038069349,258.205733,0.6010912818,8,PASSIVE,,TRADE,,0.01,0.01,0.045,0.015,214,,OPEN
0x5db7cb5ca8e0c5eb25ca7b4c271fe1c4090819e0ce954de69d57901668231734,2026-03-06T18:11:55Z,xrp-up-or-down-march-6-1pm-et,Up,BUY,18.41,0.7,0.7,0.72,0.02,0.71,0.7039542085,0.5190362863,1906.14,1766.32,100,0.012,0.0040824829,270.923953,0.6057344402,2,PASSIVE,,TRADE,,0.01,0.01,0.045,0.015,212,,OPEN
0x8599e5e659779c184f40d1189bea53cdf03a97187e71f9c9208d0b6374b18a76,2026-03-06T18:11:55Z,xrp-up-or-down-march-6-1pm-et,Up,BUY,1.59,0.7,0.7,0.72,0.02,0.71,0.7039542085,0.5190362863,1906.14,1766.32,100,0.0123076923,0.0042966892,289.333953,0.6117324537,0,PASSIVE,,TRADE,,0.01,0.01,0.045,0.015,212,,OPEN
0x383f0c83a6867f144dfe69d044c50203982d8347ca1bc3e044368049c2bd29e0,2026-03-06T18:11:57Z,bitcoin-up-or-down-march-6-1pm-et,Up,BUY,8.2667,0.75,0.75,0.76,0.01,0.755,0.7591957722,0.6440975943,9888.27,5463.86,100,0.01,0,230.170488,0.6733598139,28,PASSIVE,,TRADE,,0.005,0.005,0.035,0.025,64,,OPEN
0x094333db2ae23f82c4d892871a9fca4b862215e62ae957c8d9d165dfabfbec88,2026-03-06T18:12:07Z,bitcoin-up-or-down-march-6-1pm-et,Up,BUY,12.14,0.75,0.76,0.77,0.01,0.765,0.7622921494,0.5217028683,9933.28,9106.83,100,0.01,0,238.437188,0.6760169557,10,PASSIVE,,TRADE,,0.015,0.015,0.025,0.025,54,,OPEN
0xbc1d09673499131d200e663fa3010a39155b632d175d2ae49e00e835bfea548d,2026-03-06T18:12:25Z,bitcoin-up-or-down-march-6-1pm-et,Up,BUY,4.166665,0.760000144,0.78,0.79,0.01,0.785,0.789770565,0.5357005474,10054.66,8714.52,100,0.01,0,250.577188,0.679601297,18,PASSIVE,,TRADE,,0.024999856,0.024999856,0.014999856,0.024999856,36,,OPEN
0x6ddce1f2a8287ca4cc4a49c1a7922778b9ea5db1e7050d883e05a5f5f5470b63,2026-03-06T18:12:27Z,solana-up-or-down-march-6-1pm-et,Up,BUY,4.545453,0.7800001452,0.8,0.82,0.02,0.81,0.8139357489,0.3101684798,3252.65,7234.07,100,0.0128571429,0.0046291005,255.877179,0.6155061768,128,PASSIVE,,TRADE,,0.0249998548,0.0249998548,-0.0000001452,0.0099998548,80,,OPEN
0xf5a6e75240bff86559a964f91d5704a13b8dc7fa01b862e9f0c00ba129038ab2,2026-03-06T18:12:29Z,solana-up-or-down-march-6-1pm-et,Up,BUY,12.21,0.78,0.8,0.82,0.02,0.81,0.8139357489,0.3101684798,3252.65,7234.07,100,0.0131818182,0.0047673129,260.422632,0.6183772775,2,PASSIVE,,TRADE,,0.025,0.025,-0.005,0.01,78,,OPEN
0xeed15abc30a33e06da909c872fffa584b5d8214d229537098c151373aee2b904,2026-03-06T18:12:33Z,xrp-up-or-down-march-6-1pm-et,Up,BUY,4.95842,0.76,0.72,0.74,0.02,0.73,0.7357285698,0.4478086925,1773,2186.28,100,0.0146153846,0.0050839113,290.923953,0.6122148664,38,CROSS,,TRADE,,-0.03,-0.03,-0.03,-0.03,174,,OPEN
0x7b0b829447c41b7801e78adf30a8287837738c4a4fb3b16b956ac9921840de57,2026-03-06T18:12:35Z,bitcoin-up-or-down-march-6-1pm-et,Up,BUY,25,0.79,0.78,0.79,0.01,0.785,0.789770565,0.5330197962,10102.66,8850.97,100,0.01,0,254.743853,0.6809163241,10,CROSS,,TRADE,,-0.005,0.005,-0.025,-0.005,26,,OPEN
0x40757286b21a8fed79cf08a616ba68e5437688e4db8aa8ca44a8e297fcc87718,2026-03-06T18:13:01Z,bitcoin-up-or-down-march-6-1pm-et,Up,SELL,25,0.78,0.77,0.78,0.01,0.775,0.7707793712,0.4943572018,9027.62,9233.71,100,0.01,0,279.743853,0.6906648561,26,PASSIVE,,TRADE,,0.005,-0.005,-0.005,-0.045,,2.82840976,REDUCE
0x7a40993b073583b5ad40a09611167aec912303515f1372bf601b28000496eb4d,2026-03-06T18:13:43Z,solana-up-or-down-march-6-1pm-et,Up,BUY,25,0.78,0.82,0.84,0.02,0.83,0.823706721,0.1733851456,2461.62,11735.79,100,0.0152173913,0.0051075392,272.632632,0.6256156386,74,PASSIVE,,TRADE,,0.045,0.045,0.025,0.04,4,,OPEN
0xc0193b594555b44c51720a0f66efcacce6178eb11efc8d5fdfdc7970abd1d168,2026-03-06T18:13:47Z,bitcoin-up-or-down-march-6-1pm-et,Down,BUY,25,0.18,0.15,0.16,0.01,0.155,0.1581850718,0.6785376221,18859.77,8934.96,95.652173913,0.0104347826,0.0020851441,124.22754,0.44633001,510,CROSS,,TRADE,,-0.025,-0.025,0.005,0.025,1352,,OPEN
0xdeed2d419237813af00a2497dc71c131141d72823b1025491b2d9b818e0fcb93,2026-03-06T18:13:47Z,solana-up-or-down-march-6-1pm-et,Up,SELL,0.987803,0.8199995343,0.82,0.83,0.01,0.825,0.8277568416,0.2012236684,2240.7,8894.67,50,0.015,0.0051075392,297.632632,0.6385833331,4,CROSS,,TRADE,,-0.0050004657,-0.0050004657,0.0049995343,-0.0000004657,,0.23707226,REDUCE
0xd641254ff2541052d204cd29661b909745ee5f962546578f921a4f00b8b7cf9c,2026-03-06T18:13:59Z,solana-up-or-down-march-6-1pm-et,Down,BUY,6.02,0.16,0.18,0.19,0.01,0.185,0.1857876529,0.6925254682,7186.78,3190.86,52.1739130435,0.0147826087,0.0051075392,114.28386,0.4286975886,524,PASSIVE,,TRADE,,0.025,0.025,0.02,0.01,,,OPEN
0x6c2169e51db2b797f20fade51dd6be9f27749b7e252a9d8ee73efd21343ea264,2026-03-06T18:13:59Z,solana-up-or-down-march-6-1pm-et,Down,BUY,2.21,0.16,0.18,0.19,0.01,0.185,0.1857876529,0.6925254682,7186.78,3190.86,54.1666666667,0.0145833333,0.0050897738,120.30386,0.4152519728,0,PASSIVE,,TRADE,,0.025,0.025,0.02,0.01,,,OPEN
0x4e198016b37e403fcf9ad743375bc76998f2833308d201d0dadea67a16705742,2026-03-06T18:14:07Z,bitcoin-up-or-down-march-6-1pm-et,Up,BUY,11.11111,0.820000072,0.8,0.81,0.01,0.805,0.8000463083,0.4285904991,8122.75,10829.49,91.3043478261,0.0108695652,0.0028810407,254.743853,0.6906648561,66,CROSS,,TRADE,,-0.015000072,-0.015000072,-0.015000072,-0.015000072,30,,OPEN
0x55f83ee19b284fd54aae1f8fabae54705e52e07ecdeeb0f5dd758b8bb9dc929a,2026-03-06T18:14:07Z,bitcoin-up-or-down-march-6-1pm-et,Up,BUY,13.88,0.82,0.8,0.81,0.01,0.805,0.8000463083,0.4285904991,8122.75,10829.49,91.6666666667,0.0108333333,0.0028232985,265.854963,0.6960702764,0,CROSS,,TRADE,,-0.015,-0.015,-0.015,-0.015,30,,OPEN
0x3eaa0cfa9388dcb3e8a4f2b51c0456ab9a42537cf1f36ff60b774c48e5bf721f,2026-03-06T18:14:09Z,xrp-up-or-down-march-6-1pm-et,Up,BUY,20,0.75,0.78,0.8,0.02,0.79,0.7984781471,0.5022553325,1847.27,1830.68,100,0.0143478261,0.005068698,295.882373,0.6146914612,96,PASSIVE,,TRADE,,0.045,0.045,0.045,0.06,78,,OPEN
0xd25afa8b45314ebe009d8898f14b13284ccd670e3558e714119646278ee93c39,2026-03-06T18:14:13Z,solana-up-or-down-march-6-1pm-et,Up,SELL,1.219511,0.8199999836,0.81,0.83,0.02,0.82,0.8125053592,0.2413218787,3206.48,10080.67,100,0.0132,0.0047609523,296.644829,0.6385833331,26,PASSIVE,,TRADE,,-0.0000000164,-0.0000000164,-0.0000000164,-0.0000000164,,0.29268262,REDUCE
0xddc62d370d5e06794fc6ad36fa5ef2cea6eaf79b0b1e30822bad630bbaa5033a,2026-03-06T18:14:25Z,solana-up-or-down-march-6-1pm-et,Up,SELL,23.78,0.82,0.81,0.82,0.01,0.815,0.8126321606,0.3184029222,3200.86,6852,65.3846153846,0.0134615385,0.0048516452,295.425318,0.6385833331,12,PASSIVE,,TRADE,,0.005,0.005,-0.01,-0.015,,5.7072,REDUCE
0xc0468ac28faa68bfcc95917bddcf289f65e746660c213173b3a3419977dcf5de,2026-03-06T18:14:37Z,bitcoin-up-or-down-march-6-1pm-et,Up,SELL,25,0.81,0.79,0.8,0.01,0.795,0.7900500626,0.4683138368,8075.66,9168.46,96,0.0104,0.002,279.734963,0.7022194704,30,PASSIVE,,TRADE,,0.015,0.015,0.005,0.025,,3.28920488,REDUCE
0x63317e42f0fa54fd4af5ec32a7cdba72b4042cb3f65afcfa002c1d6237ee2189,2026-03-06T18:14:47Z,solana-up-or-down-march-6-1pm-et,Up,SELL,6.060974,0.8199998878,0.82,0.83,0.01,0.825,0.8271428571,0.2123161324,2304.25,8548.67,62.5,0.01375,0.0049453536,271.645318,0.6385833331,22,CROSS,,TRADE,,-0.0050001122,-0.0050001122,-0.0050001122,-0.0100001122,,1.45463308,REDUCE
0xa44a93817ae1e8b171e87586af70fb19c8d307a2394bd002155d3baa08b16b0b,2026-03-06T18:14:49Z,bitcoin-up-or-down-march-6-1pm-et,Up,BUY,25,0.78,0.8,0.82,0.02,0.81,0.808615342,0.4018938045,8776.79,13061.79,100,0.0108,0.0027688746,254.734963,0.7022194704,12,PASSIVE,,TRADE,,0.025,0.025,0.015,0.025,2,,OPEN
0x05b2b6bc0d7f928ab992e3a98536dbbcf94935c17e80c4212e70db1fb7471085,2026-03-06T18:14:49Z,bitcoin-up-or-down-march-6-1pm-et,Up,BUY,82.452275,0.7699999982,0.8,0.82,0.02,0.81,0.808615342,0.4018938045,8776.79,13061.79,100,0.0111538462,0.0032581259,279.734963,0.7091707403,0,PASSIVE,,TRADE,,0.0350000018,0.0350000018,0.0250000018,0.0350000018,2,,OPEN
0x054bd9f2ee85d2cce6d5a74e700674939edcc4de65e5a70c7198ebca4fb1dd92,2026-03-06T18:14:49Z,bitcoin-up-or-down-march-6-1pm-et,Up,SELL,45,0.79,0.8,0.82,0.02,0.81,0.808615342,0.4018938045,8776.79,13061.79,100,0.0114814815,0.0036201399,362.187238,0.7230185797,0,CROSS,,TRADE,,-0.015,-0.015,-0.005,-0.015,,5.37159024,REDUCE
0x24d8e6c340d9b996ca77d3b7a071e2d526e58e3275b819b56f371a4ff2473589,2026-03-06T18:14:51Z,bitcoin-up-or-down-march-6-1pm-et,Up,SELL,25,0.79,0.8,0.82,0.02,0.81,0.808615342,0.4018938045,8776.79,13061.79,100,0.0117857143,0.0039002103,317.187238,0.7230185797,2,CROSS,,TRADE,,-0.015,-0.015,-0.005,-0.015,,2.1960244,REDUCE
0x6461cdb5adb05eb553f06f75a13fe8233ac3c0c6f21cec601e0728ab01c81bfb,2026-03-06T18:14:51Z,xrp-up-or-down-march-6-1pm-et,Up,BUY,20,0.79,0.8,0.81,0.01,0.805,0.8054545455,0.3116465933,1799.65,3975,69.5652173913,0.0130434783,0.0047047197,315.882373,0.6232584818,42,PASSIVE,,TRADE,,0.02,0.015,0.005,0.01,36,,OPEN
0xbe9081caf1eecc5c6371eaf089c4080a29eb58764a5658e91ef329c620c4235a,2026-03-06T18:14:53Z,bitcoin-up-or-down-march-6-1pm-et,Up,SELL,20,0.79,0.8,0.81,0.01,0.805,0.8019532645,0.4085784078,8741.2,12652.98,82.7586206897,0.0117241379,0.0038442587,292.187238,0.7230185797,2,CROSS,,TRADE,,-0.015,-0.015,-0.005,-0.015,,1.27840976,REDUCE
0xc954afdafcdf76cf4e97e2b31b09432e0f402927a59714916918d04e41361732,2026-03-06T18:14:59Z,bitcoin-up-or-down-march-6-1pm-et,Up,SELL,0.02,0.82,0.8,0.81,0.01,0.805,0.8019532645,0.4085784078,8741.2,12652.98,83.3333333333,0.0116666667,0.0037904902,272.187238,0.7230185797,6,PASSIVE,,TRADE,,0.015,0.025,0.025,0.015,,0.0018,REDUCE
0x028329ae9618a04ec4d1035cbd41cca16e15f90d40123a3069a066893eb59821,2026-03-06T18:14:59Z,bitcoin-up-or-down-march-6-1pm-et,Up,SELL,1.09,0.81,0.8,0.81,0.01,0.805,0.8019532645,0.4085784078,8741.2,12652.98,83.8709677419,0.0116129032,0.0037387825,272.167238,0.7230185797,0,PASSIVE,,TRADE,,0.005,0.015,0.015,0.005,,0.0872,REDUCE
0x16c2bbb2523cfb86a5123f181f06843e0086f37376a082c32b301eeee10ddab8,2026-03-06T18:15:01Z,bitcoin-up-or-down-march-6-1pm-et,Up,SELL,6.09,0.82,0.8,0.81,0.01,0.805,0.8019532645,0.4085784078,8741.2,12652.98,84.375,0.0115625,0.0036890203,271.077238,0.7230185797,2,PASSIVE,,TRADE,,0.015,0.025,0.025,0.015,,0.5481,REDUCE
0x38e1a065c5a12a7db02b4cf0aa66d79d89972ee8ad5c1ae18bb76a5b4c9835c4,2026-03-06T18:15:01Z,bitcoin-up-or-down-march-6-1pm-et,Up,SELL,6.02,0.82,0.8,0.81,0.01,0.805,0.8007336703,0.4062156435,8653.36,12649.02,84.8484848485,0.0115151515,0.0036410954,264.987238,0.7230185797,0,PASSIVE,,TRADE,,0.015,0.025,0.025,0.015,,0.7567756,REDUCE
0xfa42cfca0e566fbc0782939db13efc66620774baa6e52af9e473eb285c0302a2,2026-03-06T18:15:03Z,bitcoin-up-or-down-march-6-1pm-et,Up,BUY,25,0.78,0.79,0.8,0.01,0.795,0.7937943696,0.4614261048,9211.86,10752.03,88.2352941176,0.0111764706,0.0032703497,258.967238,0.7230185797,2,PASSIVE,,TRADE,,0.015,0.015,0.005,0.025,4,,OPEN
0x49a2fe7767b513d7bc7e1541da1d537094d59788ed3cfba0e1c9a1b01515965a,2026-03-06T18:15:07Z,bitcoin-up-or-down-march-6-1pm-et,Up,SELL,3,0.81,0.79,0.8,0.01,0.795,0.7937943696,0.4614261048,9211.86,10752.03,88.5714285714,0.0111428571,0.0032280285,283.967238,0.7280351285,4,PASSIVE,,TRADE,,0.015,0.015,0.025,0.005,,0.40049512,REDUCE
0x4dc0f1692e9a8330421aa220db6110517d3f3e743e27fe586ffe01020640b9ce,2026-03-06T18:15:07Z,bitcoin-up-or-down-march-6-1pm-et,Up,SELL,6.02,0.81,0.79,0.8,0.01,0.795,0.7937943696,0.4614261048,9211.86,10752.03,88.8888888889,0.0111111111,0.0031872763,280.967238,0.7280351285,0,PASSIVE,,TRADE,,0.015,0.015,0.025,0.005,,0.8428,REDUCE
0x794545f18d5cbedd33b21d5e88da7e08c56e3f26f41b1c1ea67a27f65171366b,2026-03-06T18:15:07Z,bitcoin-up-or-down-march-6-1pm-et,Up,SELL,15.98,0.81,0.79,0.8,0.01,0.795,0.7937943696,0.4614261048,9211.86,10752.03,89.1891891892,0.0110810811,0.0031480009,274.947238,0.7280351285,0,PASSIVE,,TRADE,,0.015,0.015,0.025,0.005,,2.2372,REDUCE
0x7f139588eba0009837c11cc739f913f8a27c3e5eed663493bbee6b22a8fc235e,2026-03-06T18:15:27Z,xrp-up-or-down-march-6-1pm-et,Up,SELL,25,0.8,0.8,0.81,0.01,0.805,0.8045454545,0.2920236534,1661.27,4027.55,65.2173913043,0.0134782609,0.0048698475,335.882373,0.6331870479,36,CROSS,,TRADE,,-0.005,-0.005,-0.015,-0.04,,5.90036758,REDUCE
0x77e37aa8fa50ae943ed67ac8a534f3a447efaf65d68c25ea9e938df21ec79ffe,2026-03-06T18:15:27Z,solana-up-or-down-march-6-1pm-et,Up,SELL,10,0.84,0.83,0.84,0.01,0.835,0.8301602564,0.2156520712,3214.32,11690.8,47.8260869565,0.0152173913,0.0051075392,265.584344,0.6385833331,40,PASSIVE,,TRADE,,0.01,0.01,0.005,0.015,,2.6,REDUCE
0xa52419bb1659a4a075b8dc1cab7c3a393af8cde5e7c0347a4deb933bbf051ea0,2026-03-06T18:15:27Z,bitcoin-up-or-down-march-6-1pm-et,Up,SELL,12.19,0.8,0.8,0.81,0.01,0.805,0.8025910653,0.4101319354,8759.36,12598.06,86.1111111111,0.0113888889,0.0035073619,258.967238,0.7280351285,20,CROSS,,TRADE,,-0.005,-0.005,-0.005,-0.005,,1.0727244,REDUCE
0x845d0a576686b76570a4fcc455d627016552be5625cf70197da3a88f9db80666,2026-03-06T18:15:27Z,bitcoin-up-or-down-march-6-1pm-et,Up,SELL,12.81,0.8,0.8,0.81,0.01,0.805,0.8025910653,0.4101319354,8759.36,12598.06,86.4864864865,0.0113513514,0.003465835,246.777238,0.7280351285,0,CROSS,,TRADE,,-0.005,-0.005,-0.005,-0.005,,1.0248,REDUCE
0xf740439b290fc7601395a25a6f0ceed71d00e97579f46b1bd63f6bd2b6663223,2026-03-06T18:15:27Z,xrp-up-or-down-march-6-1pm-et,Up,SELL,20,0.8,0.8,0.81,0.01,0.805,0.8042857143,0.2921322903,1666.27,4037.55,66.6666666667,0.0133333333,0.0048154341,310.882373,0.6331870479,0,CROSS,,TRADE,,-0.005,-0.005,-0.015,-0.04,,4.4,REDUCE
0x32a848395f8f41bee8520f1e24add4cd1d455406357f88ea0501ec29d735b162,2026-03-06T18:15:33Z,bitcoin-up-or-down-march-6-1pm-et,Up,SELL,45,0.79,0.8,0.81,0.01,0.805,0.8025910653,0.4101319354,8759.36,12598.06,86.8421052632,0.0113157895,0.0034256999,233.967238,0.7280351285,6,CROSS,,TRADE,,-0.015,-0.015,-0.015,-0.025,,2.10851464,REDUCE
0xf3cadca8250033291c53bf95236d7018afc1fde9b18f134eff82921f6d9a5a3f,2026-03-06T18:15:49Z,ethereum-up-or-down-march-6-1pm-et,Up,SELL,25,0.8,0.8,0.81,0.01,0.805,0.8032779779,0.3998415832,4674.42,7016.26,100,0.01,0,201.074486,0.6519402517,250,CROSS,,TRADE,,-0.005,-0.005,-0.025,0.015,,5.5,REDUCE
0x098f896b5c66badfeac532d0494569b7a3994100ce4fa82854efbfcaae48a7a0,2026-03-06T18:15:49Z,xrp-up-or-down-march-6-1pm-et,Up,SELL,5.987653,0.8099998447,0.8,0.82,0.02,0.81,0.8018018018,0.2345422502,1807.27,5898.25,100,0.0136,0.0048989795,290.882373,0.6331870479,22,PASSIVE,,TRADE,,-0.0000001553,-0.0050001553,-0.0550001553,-0.0250001553,,1.3771592601,REDUCE
0x0057b95f80186e5c9a802a94110ccb801bc96958ec1a546e28bf25c616706b16,2026-03-06T18:16:05Z,bitcoin-up-or-down-march-6-1pm-et,Up,BUY,44.73355,0.81,0.82,0.83,0.01,0.825,0.8294597563,0.3841086732,9104.67,14598.7,96.5517241379,0.0103448276,0.0018569534,188.967238,0.7280351285,32,PASSIVE,,TRADE,,0.015,0.015,0.005,-0.025,32,,OPEN
0xc9c7b7aa846a3787dc226c927d600f0e7e2caa09c1e39c0ee0a44a0d47dd202a,2026-03-06T18:16:29Z,bitcoin-up-or-down-march-6-1pm-et,Up,BUY,25,0.8,0.81,0.82,0.01,0.815,0.8112928921,0.4037059653,8892.29,13134.36,100,0.01,0,233.700788,0.743724334,24,PASSIVE,,TRADE,,0.015,0.015,-0.005,-0.025,8,,OPEN
0x3c4cba85157bfdaa3148ba04454cee957baeca76f06435e9ee971cb9cac56448,2026-03-06T18:16:37Z,bitcoin-up-or-down-march-6-1pm-et,Up,SELL,25,0.81,0.81,0.82,0.01,0.815,0.8112928921,0.4037059653,8892.29,13134.36,100,0.01,0,258.700788,0.7491626307,8,CROSS,,TRADE,,-0.005,0.015,0.025,0.035,,0.71928687,REDUCE
0x14958f03d9fc2e25297ed9e1f3543933312aeb310cce98205c13c113bfdd4650,2026-03-06T18:16:37Z,bitcoin-up-or-down-march-6-1pm-et,Up,SELL,45,0.81,0.81,0.82,0.01,0.815,0.8112928921,0.4037059653,8892.29,13134.36,100,0.01,0,233.700788,0.7491626307,0,CROSS,,TRADE,,-0.005,0.015,0.025,0.035,,0.28511627,REDUCE
0xd71727c47788a56441b9d6dda742a983ba1931874812b946185043e396831a3b,2026-03-06T18:17:05Z,xrp-up-or-down-march-6-1pm-et,Up,SELL,20,0.82,0.83,0.84,0.01,0.835,0.8357142857,0.1462584735,1496.29,8734.16,69.5652173913,0.0130434783,0.0047047197,284.89472,0.6331870479,76,CROSS,,TRADE,,-0.015,-0.015,-0.015,-0.045,,4.8,REDUCE
0xa1cad1f8728566ca2852ac79f2ade738925b3e5cb5d6945292fd3c8366588ff2,2026-03-06T18:17:05Z,xrp-up-or-down-march-6-1pm-et,Up,SELL,30,0.82,0.83,0.84,0.01,0.835,0.8357142857,0.1462584735,1496.29,8734.16,70.8333333333,0.0129166667,0.0046430562,264.89472,0.6331870479,0,CROSS,,TRADE,,-0.015,-0.015,-0.015,-0.045,,7.2,REDUCE
0xef97d852ef00b5551c877d8e1d9e3c06c42eb57790b876a636772ac0db947372,2026-03-06T18:17:07Z,xrp-up-or-down-march-6-1pm-et,Up,BUY,0.23,0.8,0.83,0.84,0.01,0.835,0.8357142857,0.1462584735,1496.29,8734.16,72,0.0128,0.0045825757,234.89472,0.6331870479,2,PASSIVE,,TRADE,,0.035,0.035,0.035,0.065,178,,OPEN
0x859a6469f4f51d6e810bf75bbdba834f4cfd36afd1be85d744e16c67dd4b0c5f,2026-03-06T18:17:07Z,xrp-up-or-down-march-6-1pm-et,Up,BUY,0.29,0.8,0.83,0.84,0.01,0.835,0.8357142857,0.1462584735,1496.29,8734.16,73.0769230769,0.0126923077,0.0045234432,235.12472,0.6333502251,0,PASSIVE,,TRADE,,0.035,0.035,0.035,0.065,178,,OPEN
0xe561d910f00da42af3a3297f0c4070e0bbe0aeb612c9b888b292ebdbcb543cb0,2026-03-06T18:17:09Z,xrp-up-or-down-march-6-1pm-et,Up,BUY,0.19,0.82,0.83,0.84,0.01,0.835,0.8357142857,0.1462584735,1496.29,8734.16,74.0740740741,0.0125925926,0.0044657608,235.41472,0.6335555157,2,PASSIVE,,TRADE,,0.015,0.025,0.015,0.055,176,,OPEN
0xca7977d00a3150abc7c35defae614ed729bc1a54502078b3f20fb8a541130738,2026-03-06T18:17:09Z,xrp-up-or-down-march-6-1pm-et,Up,BUY,0.15,0.81,0.83,0.84,0.01,0.835,0.8357142857,0.1462584735,1496.29,8734.16,75,0.0125,0.0044095855,235.60472,0.6337058711,0,PASSIVE,,TRADE,,0.025,0.035,0.025,0.065,176,,OPEN
0xf29adf3e3c9919e5287ca32ca68dc6aa95db145ca0121ec81a94f7fdc471d745,2026-03-06T18:17:29Z,xrp-up-or-down-march-6-1pm-et,Up,BUY,4.98964,0.85,0.83,0.84,0.01,0.835,0.8357142857,0.1590287464,1637.29,8658.27,93.1034482759,0.0106896552,0.0025788071,235.75472,0.6338180391,20,CROSS,,TRADE,,-0.015,-0.015,0.005,0.045,156,,OPEN
0x032bba84c17c3a0ca8ff762ddc729b9868f041a4955e1ff192a3f0d9787528d0,2026-03-06T18:17:35Z,bitcoin-up-or-down-march-6-1pm-et,Up,BUY,25,0.77,0.77,0.78,0.01,0.775,0.7794854967,0.5133462421,9170.33,8693.5,100,0.01,0,188.700788,0.7491626307,58,PASSIVE,,TRADE,,0.005,0.005,0.045,0.075,30,,OPEN
0x393577f1ab056da814f45a82063579a42ab4a3dcff885b9ace7d45d2bfa79996,2026-03-06T18:17:53Z,xrp-up-or-down-march-6-1pm-et,Up,BUY,10,0.86,0.86,0.87,0.01,0.865,0.8673333333,0.094005583,1536.29,14806.25,100,0.01,0,240.74436,0.6382986016,24,PASSIVE,,TRADE,,0.005,0.005,0.03,0.04,132,,OPEN
0x7c80cdaedec206b75da462f8caad03314bbacdd25db16c7914c78767cbefd05f,2026-03-06T18:18:05Z,bitcoin-up-or-down-march-6-1pm-et,Up,SELL,16.2,0.82,0.82,0.83,0.01,0.825,0.8249168474,0.3720199262,9098.19,15358,95.8333333333,0.0104166667,0.0020412415,213.700788,0.7516003111,30,CROSS,,TRADE,,-0.005,-0.005,-0.025,-0.01,,0.6948503784,REDUCE
0xb33a941a7c5a5d8eedbdaa45b107295f17cb06ec1f1977d6f753bf889606f61c,2026-03-06T18:18:23Z,xrp-up-or-down-march-6-1pm-et,Up,BUY,8.461537,0.8700000957,0.89,0.9,0.01,0.895,0.8981818182,0.06936851,1516.97,20351.31,84,0.0116,0.0037416574,250.74436,0.6471403318,30,PASSIVE,,TRADE,,0.0249999043,0.0399999043,0.0299999043,0.0199999043,102,,OPEN
0x1276ef9e2f998a172a89faebb5d70b6915298788d70179d881a855bef95011a6,2026-03-06T18:18:23Z,xrp-up-or-down-march-6-1pm-et,Up,BUY,8.461537,0.8700000957,0.89,0.9,0.01,0.895,0.8981818182,0.06936851,1516.97,20351.31,84.6153846154,0.0115384615,0.0036794648,259.205897,0.6544153829,0,PASSIVE,,TRADE,,0.0249999043,0.0399999043,0.0299999043,0.0199999043,102,,OPEN
0x7641d40a08a59f918adc6fd8923f5bcfdc4b95c541fa72351d1d21806dfb52b4,2026-03-06T18:18:25Z,xrp-up-or-down-march-6-1pm-et,Up,BUY,3.06,0.87,0.89,0.9,0.01,0.895,0.8917445589,0.0791686684,1555.62,18093.82,70.3703703704,0.012962963,0.0046532163,267.667434,0.6612304743,2,PASSIVE,,TRADE,,0.025,0.025,0.03,0.02,100,,OPEN
0x53ba6cb2ca1ac721af6d2973d95967b24999d620ac81aed4437cd08442b8bf09,2026-03-06T18:18:29Z,xrp-up-or-down-march-6-1pm-et,Up,BUY,4.96,0.88,0.89,0.9,0.01,0.895,0.8917445589,0.0791686684,1555.62,18093.82,71.4285714286,0.0128571429,0.0046004371,270.727434,0.6635901714,4,PASSIVE,,TRADE,,0.015,0.015,0.015,0.01,96,,OPEN
0x8daffd4df978ebbb521f0492d788cd4e689ebfc1f6f7d4cd7d773eae97c7ac83,2026-03-06T18:18:35Z,xrp-up-or-down-march-6-1pm-et,Down,BUY,6,0.09,0.1,0.11,0.01,0.105,0.1082554411,0.9213755165,18229.82,1555.62,69.5652173913,0.0130434783,0.0047047197,75.998415,0.3917861472,458,PASSIVE,,TRADE,,0.015,0,0.015,0.015,182,,OPEN
0x4faa44fab088ca70e54986ad5bdd59e88dbea0561287b9832e166199d2855281,2026-03-06T18:18:39Z,xrp-up-or-down-march-6-1pm-et,Down,BUY,15,0.08,0.09,0.11,0.02,0.1,0.0967171832,0.8938856434,17696.12,2100.73,100,0.0143478261,0.005068698,81.998415,0.3697038072,4,PASSIVE,,TRADE,,0.02,0.02,0.02,0.03,178,,OPEN
0x19ebf394b602ad0165de51a7166c5b5b9c106851dae9642a7ce448f08ee0c071,2026-03-06T18:18:43Z,xrp-up-or-down-march-6-1pm-et,Up,BUY,4.1,0.89,0.89,0.91,0.02,0.9,0.9032828168,0.1061679853,2100.73,17686.12,100,0.0140740741,0.0050071174,275.687434,0.6674836849,14,PASSIVE,,TRADE,,0.01,0.01,0.01,0,82,,OPEN
0x0fecca888b62bb49ec080256a43445e80404eca54c478842453a2302f25d4c28,2026-03-06T18:18:45Z,xrp-up-or-down-march-6-1pm-et,Up,BUY,9.090908,0.8900000968,0.89,0.91,0.02,0.9,0.9032828168,0.1061679853,2100.73,17686.12,100,0.0142857143,0.0050395263,279.787434,0.670744435,2,PASSIVE,,TRADE,,0.0099999032,0.0099999032,0.0099999032,-0.0000000968,80,,OPEN
0x83e4df7ba238b485bea3555340a7b3b5ad61af15974ec4b99cb7cae4ba24cd06,2026-03-06T18:18:55Z,xrp-up-or-down-march-6-1pm-et,Up,BUY,9.1,0.9,0.89,0.91,0.02,0.9,0.8945371498,0.1285180741,2132.44,14460.09,100,0.015,0.0050854763,288.878342,0.6776443398,10,PASSIVE,,TRADE,,-0.005,-0.005,-0.01,0,70,,OPEN
0x3d5154b061edf961157f23d2a9a1b7154458aec7e021e75e39dda9baf397a17e,2026-03-06T18:18:57Z,xrp-up-or-down-march-6-1pm-et,Up,BUY,9.43,0.89,0.89,0.91,0.02,0.9,0.8945371498,0.1285180741,2132.44,14460.09,100,0.0151612903,0.0050800051,297.978342,0.6844348887,2,PASSIVE,,TRADE,,0.005,0.01,0,0,68,,OPEN
0x9bfaae43ac9bdf8b7ddfdc34775b20c010bfe75ed90de3fcc38d8bad475849a2,2026-03-06T18:19:01Z,xrp-up-or-down-march-6-1pm-et,Up,BUY,2.427271,0.8900003337,0.89,0.9,0.01,0.895,0.8996794872,0.0978191651,1572.94,14507.14,36.6666666667,0.0166666667,0.0054667227,307.408342,0.690740765,4,PASSIVE,,TRADE,,0.0049996663,0.0049996663,-0.0000003337,0.0099996663,64,,OPEN
0x3ceb6a93f7b921f054fe7aeb205b83384c8070c72c01ced73f0c1b0f899ebab2,2026-03-06T18:19:27Z,bitcoin-up-or-down-march-6-1pm-et,Up,SELL,25,0.85,0.85,0.86,0.01,0.855,0.8559853845,0.3587005586,10123.9,18099.92,86.9565217391,0.0113043478,0.0034435022,197.500788,0.7516003111,82,CROSS,,TRADE,,-0.005,-0.005,-0.015,-0.015,,2.000000045,REDUCE
0x6eb3474a42aec8ce5d0589b7c5957b9fe74ac45cccc714c37efa92e6895a3c00,2026-03-06T18:19:45Z,bitcoin-up-or-down-march-6-1pm-et,Down,BUY,25,0.11,0.12,0.13,0.01,0.125,0.1298925771,0.7020147142,23969.45,10174.35,86.9565217391,0.0113043478,0.0034435022,149.22754,0.4017119037,358,PASSIVE,,TRADE,,0.015,0.015,0.02,0.045,994,,OPEN
0xace845120a3387ee86adaabe2a86b94776244c67b20957be5f41d9d7df8e02b8,2026-03-06T18:19:59Z,bitcoin-up-or-down-march-6-1pm-et,Up,BUY,20,0.87,0.87,0.88,0.01,0.875,0.8701372885,0.3071563979,10236.89,23091.05,86.9565217391,0.0113043478,0.0034435022,172.500788,0.7516003111,32,PASSIVE,,TRADE,,0.005,0.005,-0.02,-0.025,44,,OPEN
0xdabfe0e4af4cd04175e553a9f33f0e8b363dcf614cf95b28c4fb18cd2bbed465,2026-03-06T18:20:03Z,bitcoin-up-or-down-march-6-1pm-et,Up,BUY,25,0.86,0.86,0.87,0.01,0.865,0.8620822758,0.2789877623,7974.31,20608.7,92,0.0108,0.0027688746,192.500788,0.7639015272,4,PASSIVE,,TRADE,,0.005,0.005,-0.015,-0.025,40,,OPEN
0x041a7ad94c78b383c44887f3353a5199bb48349b79ccb007496846d890bf39fb,2026-03-06T18:20:05Z,xrp-up-or-down-march-6-1pm-et,Up,SELL,29.77,0.9,0.9,0.91,0.01,0.905,0.905,0.1167625025,1928.46,14587.63,20.8333333333,0.0179166667,0.0041485112,309.835613,0.6923017766,64,CROSS,,TRADE,,-0.005,-0.005,-0.01,-0.015,,9.5264,REDUCE
0x0c5c5d6efd28c4f4b67f20a95bca9b185107b27b3d8ed71ba3b148fa2838feba,2026-03-06T18:20:19Z,bitcoin-up-or-down-march-6-1pm-et,Up,BUY,25,0.83,0.84,0.86,0.02,0.85,0.8450218848,0.3402585769,9875.75,19148.5,100,0.0111538462,0.0032581259,217.500788,0.7749472886,16,PASSIVE,,TRADE,,0.02,0.02,0.015,-0.005,24,,OPEN
0x2608305feca084e01d6bf33ec947f45b69ed2139eccdfe28c1be014f77166668,2026-03-06T18:20:43Z,bitcoin-up-or-down-march-6-1pm-et,Up,SELL,25,0.85,0.83,0.84,0.01,0.835,0.8390380728,0.4017794352,10260.82,15277.62,80.7692307692,0.0119230769,0.0040191848,242.500788,0.7806228074,24,PASSIVE,,TRADE,,0.015,0.015,0.015,0.015,,2.000000045,REDUCE
0xd6313c7cc7cfb96a63262e70b180ebe49f189a7a22ecc9567451ebd5fe4599c4,2026-03-06T18:20:47Z,xrp-up-or-down-march-6-1pm-et,Up,SELL,4.978259,0.9199999438,0.91,0.92,0.01,0.915,0.910171983,0.1152343514,1810.72,13902.65,33.3333333333,0.0170833333,0.0055003294,280.065613,0.6923017766,42,PASSIVE,,TRADE,,0.0049999438,0.0049999438,0.0249999438,0.0099999438,,1.6926077802,REDUCE
0x8917b8161abc23c86cb1b000b55d7a283965b4edf04964e4accf45120183375e,2026-03-06T18:20:51Z,ethereum-up-or-down-march-6-1pm-et,Up,SELL,45,0.77,0.77,0.78,0.01,0.775,0.7707736333,0.5981793009,6308.04,4237.36,69.5652173913,0.0130434783,0.0047047197,176.074486,0.6519402517,302,CROSS,,TRADE,,-0.005,-0.005,0.015,-0.035,,4.9054,REDUCE
0xe88f15cf9c6137efce7b679c0deb30c5dd152bbdb7daff8db0efc33950af3cf1,2026-03-06T18:21:11Z,bitcoin-up-or-down-march-6-1pm-et,Up,BUY,25,0.82,0.82,0.83,0.01,0.825,0.8291095783,0.4093394477,9392.31,13552.73,88,0.0112,0.0033166248,217.500788,0.7806228074,28,PASSIVE,,TRADE,,0.005,0.005,0.025,0.035,56,,OPEN
0x671f00f8e310da9fa47206e7396344d52d7f36208885b1e8067a79a9f8c24e6d,2026-03-06T18:21:37Z,xrp-up-or-down-march-6-1pm-et,Down,SELL,20,0.11,0.08,0.1,0.02,0.09,0.0988543625,0.8947231788,14268.58,1678.9,100,0.0134782609,0.0048698475,96.998415,0.3249035173,178,PASSIVE,,TRADE,,0.02,0.02,0.015,0.005,,-5.9808258,REDUCE
0x1c3260d81d713ae173dd64d2b31a6ec6b9dea20c1f2d35adfe272866254f7b79,2026-03-06T18:21:45Z,solana-up-or-down-march-6-1pm-et,Up,BUY,42.80582,0.84,0.84,0.85,0.01,0.845,0.8430386023,0.2168078003,3614.65,13057.49,86.9565217391,0.0113043478,0.0034435022,255.584344,0.6385833331,378,PASSIVE,,TRADE,,0.005,0.005,-0.005,-0.015,258,,OPEN
0xea1baf04beba3424da292dd3da40b48af86bb25aad872a2456c4af65964896e2,2026-03-06T18:22:07Z,bitcoin-up-or-down-march-6-1pm-et,Up,SELL,25,0.87,0.84,0.85,0.01,0.845,0.8491631536,0.3403208139,8845.2,17145.57,83.3333333333,0.0116666667,0.0038069349,242.500788,0.7846822986,56,PASSIVE,,TRADE,,0.025,0.025,0.025,0.025,,2.500000045,REDUCE
0x478ee58990379bcda99ce8fb77c3b26bb24d6f62513665c75e042c9ad7f40f53,2026-03-06T18:22:57Z,xrp-up-or-down-march-6-1pm-et,Up,BUY,20,0.88,0.89,0.9,0.01,0.895,0.8907758621,0.0969543205,1614.94,15041.77,69.5652173913,0.0139130435,0.0065637645,275.087354,0.6923017766,130,PASSIVE,,TRADE,,0.015,0.025,0.045,0.025,210,,OPEN
0x329b07321dcd40da767f1880ef47ec0c47fe87944c88367a23c0955ade547a74,2026-03-06T18:23:03Z,bitcoin-up-or-down-march-6-1pm-et,Up,SELL,2.4,0.84,0.85,0.86,0.01,0.855,0.8583359219,0.3217882476,8866.09,18686.47,91.6666666667,0.0108333333,0.0028232985,217.500788,0.7846822986,56,CROSS,,TRADE,,-0.015,-0.015,-0.025,-0.025,,0.1680000043,REDUCE
0x27291f8aef841a231729c6a07f3fea5b8431c21665dfb234e87f0077b1ae838a,2026-03-06T18:23:13Z,ethereum-up-or-down-march-6-1pm-et,Up,BUY,31.02481,0.77,0.79,0.8,0.01,0.795,0.7992847885,0.6459315693,4919.15,2696.44,100,0.01,0,131.074486,0.6519402517,142,PASSIVE,,TRADE,,0.025,0.025,0.025,0.005,394,,OPEN
0x8e5df164e79e483ba7f9c238c4b1f6de150d4bb930001b4e09eb610493a576ef,2026-03-06T18:23:31Z,solana-up-or-down-march-6-1pm-et,Up,BUY,42.82525,0.85,0.84,0.85,0.01,0.845,0.8420205798,0.2426714249,3627.12,11319.51,73.9130434783,0.0126086957,0.0044897776,298.390164,0.6674777359,106,CROSS,,TRADE,,-0.005,-0.005,-0.005,-0.005,152,,OPEN
0xb7905d52762181cbee06037724dfbc13d7c2d41972ef3ec530a2ae4599d52529,2026-03-06T18:23:33Z,xrp-up-or-down-march-6-1pm-et,Down,BUY,20,0.07,0.07,0.09,0.02,0.08,0.0898230965,0.8657842737,12710.83,1970.46,95.652173913,0.0143478261,0.0058976782,76.998415,0.3249035173,116,PASSIVE,,TRADE,,0.01,0.015,0.025,0.02,,,OPEN
0xcb212d33b81c1cccc90ca64162bbdd7d8a62cbb16093752018c195ff61f3fd33,2026-03-06T18:25:05Z,bitcoin-up-or-down-march-6-1pm-et,Up,SELL,10,0.89,0.89,0.9,0.01,0.895,0.8905425789,0.2416672105,9146.13,28699.84,95.652173913,0.0104347826,0.0020851441,215.100788,0.7846822986,122,CROSS,,TRADE,,-0.005,-0.005,0.005,-0.005,,1.1036723807,REDUCE
0xd75213c3bbee7ec005baef793b473c53c8516294598d72da2c4dae0f6e6e3417,2026-03-06T18:25:15Z,bitcoin-up-or-down-march-6-1pm-et,Up,SELL,2.24719,0.8899999555,0.88,0.89,0.01,0.885,0.8896147235,0.2675889949,9302.71,25462.21,87.5,0.01125,0.0033783196,205.100788,0.7846822986,10,PASSIVE,,TRADE,,0.0049999555,0.0049999555,-0.0150000445,-0.0150000445,,0.2471908,REDUCE
0x05e5652a2910b23036f745c5d28e7b5d1aaa5c1fce3ea0fde04f14c7da575f82,2026-03-06T18:25:17Z,bitcoin-up-or-down-march-6-1pm-et,Down,BUY,12.78,0.1,0.11,0.12,0.01,0.115,0.1103970436,0.732621741,25462.21,9292.71,82.6086956522,0.0117391304,0.0038755339,174.22754,0.3598540114,332,PASSIVE,,TRADE,,0.015,0.015,-0.005,-0.005,662,,OPEN
0x1b09052ab6e530cdd29f84d3bd4dc8dda1eb4465364ef9f362f9a03d59aa7de7,2026-03-06T18:25:17Z,bitcoin-up-or-down-march-6-1pm-et,Down,BUY,2.22,0.1,0.11,0.12,0.01,0.115,0.1103970436,0.732621741,25462.21,9292.71,83.3333333333,0.0116666667,0.0038069349,187.00754,0.3420957207,0,PASSIVE,,TRADE,,0.015,0.015,-0.005,-0.005,662,,OPEN
0x7b1ab9f97518b6effa59246f238fc487816d18e0673dac8b83b0d1dfcbcd9214,2026-03-06T18:25:17Z,bitcoin-up-or-down-march-6-1pm-et,Down,BUY,10,0.1,0.11,0.12,0.01,0.115,0.1103970436,0.732621741,25462.21,9292.71,84,0.0116,0.0037416574,189.22754,0.3392554761,0,PASSIVE,,TRADE,,0.015,0.015,-0.005,-0.005,662,,OPEN
0x241d6ecc026d45a59c436a3897ec22f85d55d8fd8041e027b0f558f52adff073,2026-03-06T18:25:47Z,ethereum-up-or-down-march-6-1pm-et,Down,BUY,4.988233,0.15000001,0.15,0.16,0.01,0.155,0.1583870968,0.7480865476,12493.18,4207,78.2608695652,0.012173913,0.0042174117,62.914305,0.43910977,1230,PASSIVE,,TRADE,,0.00499999,0.00499999,0.00499999,-0.00000001,,,OPEN
0xc8f05e693a4efc7f56143ebbff4f86ab5b6b960701bc88afe7a174546859ec43,2026-03-06T18:25:47Z,bitcoin-up-or-down-march-6-1pm-et,Down,BUY,4.934055,0.0900000101,0.09,0.1,0.01,0.095,0.0901453242,0.7311574586,25428.45,9349.9,88.4615384615,0.0111538462,0.0032581259,199.22754,0.3272463193,30,PASSIVE,,TRADE,,0.0049999899,0.0049999899,0.0049999899,0.0249999899,632,,OPEN
0x8d1f0152fe9cf95ff5b8da0b5b9e45cc36f41dbd01bb44a7c9ccdbdc9d7b19ee,2026-03-06T18:26:03Z,solana-up-or-down-march-6-1pm-et,Up,SELL,25,0.89,0.88,0.9,0.02,0.89,0.8861363636,0.146658991,3694.01,21493.74,100,0.0117391304,0.0038755339,341.215414,0.6903857326,152,PASSIVE,,TRADE,,0,0,0.01,0.005,,7.75,REDUCE
0xc3c331cb58a450081e7ab69a8e3c98bb5c8d9e1afd6751252a7fb5a33bd5513c,2026-03-06T18:26:27Z,xrp-up-or-down-march-6-1pm-et,Up,SELL,6.54,0.91,0.91,0.92,0.01,0.915,0.9106976744,0.1227812918,1842.93,13166.93,95.652173913,0.0104347826,0.0020851441,295.087354,0.7050233128,210,CROSS,,TRADE,,-0.005,-0.005,-0.005,-0.005,,2.1582,REDUCE
0x9680493b07e68406e9f41d32f14ca17874705ca47bf8e02daa26afed3648ae23,2026-03-06T18:28:01Z,xrp-up-or-down-march-6-1pm-et,Up,SELL,35,0.91,0.9,0.91,0.01,0.905,0.9006932045,0.1084174025,1709.93,14061.8,95.652173913,0.0104347826,0.0020851441,288.547354,0.7050233128,94,PASSIVE,,TRADE,,0.005,0.005,0.015,0.045,,10.97229278,REDUCE
0xd8f06208b20c6995173e2c00de2d68fd421f17af4ee849851a1397f08265c9ac,2026-03-06T18:28:35Z,xrp-up-or-down-march-6-1pm-et,Up,BUY,24.9401,0.89,0.87,0.88,0.01,0.875,0.8749544765,0.1414128401,1613.57,9796.78,100,0.01,0,253.547354,0.7050233128,34,CROSS,,TRADE,,-0.015,-0.015,-0.025,-0.02,170,,OPEN
0x8e9cc39b1e23a0db85cacde8efe1a0a003fdbf75d0a85166f92ec941171c5c3f,2026-03-06T18:29:39Z,bitcoin-up-or-down-march-6-1pm-et,Up,SELL,25,0.85,0.86,0.87,0.01,0.865,0.8604108031,0.3666148882,9513.77,16436.54,95.4545454545,0.0104545455,0.0021320072,202.853598,0.7846822986,264,CROSS,,TRADE,,-0.015,-0.015,-0.035,-0.045,,1.39360144,REDUCE
0x270cf0adbc6eb81cde166f0a11ce7e8e9e462e9d9962849d8fd5e3e9b7d10669,2026-03-06T18:29:47Z,ethereum-up-or-down-march-6-1pm-et,Up,SELL,5.98795,0.8299999165,0.83,0.84,0.01,0.835,0.8332773109,0.28273373,4975.24,12621.67,63.6363636364,0.0136363636,0.0049236596,162.099296,0.6745361626,394,CROSS,,TRADE,,-0.0050000835,-0.0050000835,-0.0150000835,-0.0300000835,,1.1020689176,REDUCE
0xc86349846058075b34981b53cc8314f531956c640e1c9953b6f31f66603caaa2,2026-03-06T18:30:41Z,bitcoin-up-or-down-march-6-1pm-et,Up,SELL,25,0.9,0.89,0.9,0.01,0.895,0.8997053884,0.2850671349,9397.66,23568.82,100,0.01,0,177.853598,0.7846822986,62,PASSIVE,,TRADE,,0.005,0.005,-0.035,-0.035,,2.25,REDUCE
0xa880073311aba2fcffee136844b7e701bd172455f7f6d9e73538e9d0fc1d43c3,2026-03-06T18:30:57Z,solana-up-or-down-march-6-1pm-et,Up,BUY,14.32095,0.9,0.93,0.94,0.01,0.935,0.9354108894,0.2972720305,3707.66,8764.62,95.652173913,0.0104347826,0.0020851441,316.215414,0.6903857326,294,PASSIVE,,TRADE,,0.035,0.035,0.045,0.045,42,,OPEN
0x6f07afd382b5cfaeba3a76cad59ab6afccd543c8a0d529478219d54c08ab28f9,2026-03-06T18:31:05Z,solana-up-or-down-march-6-1pm-et,Down,BUY,25,0.07,0.05,0.06,0.01,0.055,0.0523809524,0.6726397248,5756.74,2801.69,100,0.01,0,122.51386,0.4106475398,1026,CROSS,,TRADE,,-0.015,-0.015,-0.015,-0.015,,,OPEN
0xf12485de05257d708d5ce869131c56e1f0ca343e9b3880e67058f6b387d4c45e,2026-03-06T18:31:07Z,ethereum-up-or-down-march-6-1pm-et,Up,BUY,11.96655,0.88,0.9,0.91,0.01,0.905,0.9017031528,0.2694449595,6495.48,17611.41,95.652173913,0.0104347826,0.0020851441,156.111346,0.6745361626,80,PASSIVE,,TRADE,,0.025,0.025,0.03,0.035,240,,OPEN
0x0b1ca098669d5d9e5263853a895e9484825f8776314bddf778b33c9d9e4554c5,2026-03-06T18:31:07Z,ethereum-up-or-down-march-6-1pm-et,Up,BUY,12.62949,0.87,0.9,0.91,0.01,0.905,0.9017031528,0.2694449595,6495.48,17611.41,95.8333333333,0.0104166667,0.0020412415,168.077896,0.689164459,0,PASSIVE,,TRADE,,0.035,0.035,0.04,0.045,240,,OPEN
0x1269b8e970dca42a2095321a85f6f641e27fda382df2215aa7b657d373bc0ae9,2026-03-06T18:31:11Z,bitcoin-up-or-down-march-6-1pm-et,Up,BUY,12.5,0.92,0.93,0.94,0.01,0.935,0.9300463529,0.3596166463,9987.18,17784.56,100,0.01,0,152.853598,0.7846822986,30,PASSIVE,,TRADE,,0.01,0.01,0.015,0.015,50,,OPEN
0xd325f01b304ab367696d62d1480db806c68eb7b7803a113b724aa384eaffbf9c,2026-03-06T18:31:13Z,bitcoin-up-or-down-march-6-1pm-et,Up,BUY,12.5,0.92,0.93,0.94,0.01,0.935,0.9300463529,0.3596166463,9987.18,17784.56,100,0.01,0,165.353598,0.7949117178,2,PASSIVE,,TRADE,,0.01,0.01,0.025,0.015,48,,OPEN
0xe904bdbc5d9ad0970da433974efc031d493cba7fa5bab335ff7580e6cc487ae1,2026-03-06T18:31:15Z,xrp-up-or-down-march-6-1pm-et,Up,BUY,7.18239,0.93,0.93,0.95,0.02,0.94,0.9307950171,0.209218178,2225.55,8411.91,100,0.0118181818,0.0039477102,278.487454,0.7215890037,160,PASSIVE,,TRADE,,0.01,0.01,0.015,0.015,10,,OPEN
0xd58f0c58ef962c6bda0e7b1eaf5a78ba2de1416056b6d04e2e76f0c7451c89e7,2026-03-06T18:31:25Z,xrp-up-or-down-march-6-1pm-et,Up,SELL,5,0.94,0.93,0.94,0.01,0.935,0.9304703268,0.1611543674,1701.55,8856.96,86.9565217391,0.0113043478,0.0034435022,285.669844,0.7268289305,10,PASSIVE,,TRADE,,0.005,0.005,-0.005,-0.005,,1.40136256,REDUCE
0x0d33e0676af309123c0190730083fcd028ef68bd1ecb577be4ebd1e27d10fbd3,2026-03-06T18:31:37Z,bitcoin-up-or-down-march-6-1pm-et,Down,BUY,25,0.05,0.05,0.06,0.01,0.055,0.0599707053,0.6303880549,16842.79,9875.34,90.9090909091,0.0109090909,0.0029424494,204.161595,0.3215126928,350,PASSIVE,,TRADE,,0.005,0.005,0.015,0.015,282,,OPEN
0x1f7576dcf06e5e70726f2127036ae40a9d627d35b4fea48dcf63fdfa09020c5b,2026-03-06T18:31:39Z,solana-up-or-down-march-6-1pm-et,Up,SELL,5,0.94,0.93,0.95,0.02,0.94,0.9373979773,0.3537042007,3848.33,7031.75,100,0.0113043478,0.0034435022,330.536364,0.6994675638,42,PASSIVE,,TRADE,,-0.005,-0.005,-0.005,-0.015,,1.8,REDUCE
0xc671d75ddb891c856a7ec23fc627912ae0610d010f554af01782e8d6d73b0b2e,2026-03-06T18:31:41Z,bitcoin-up-or-down-march-6-1pm-et,Up,BUY,25,0.93,0.94,0.95,0.01,0.945,0.9400289442,0.3697801558,9873.23,16827.04,100,0.01,0,177.853598,0.8037032382,28,PASSIVE,,TRADE,,0.015,0.015,0.005,0.005,20,,OPEN
0x9045bfa0925be41a896e35572b41d49d4e25eeae24c69f6777e266ce0c00f911,2026-03-06T18:31:41Z,solana-up-or-down-march-6-1pm-et,Up,SELL,6.9,0.94,0.93,0.95,0.02,0.94,0.9373979773,0.3537042007,3848.33,7031.75,100,0.0116666667,0.0038069349,325.536364,0.6994675638,2,PASSIVE,,TRADE,,-0.005,-0.005,-0.005,-0.015,,2.484,REDUCE
0xfcf93f9a68bbfc27d590561b1e09c3c98940bf82d7bde9eb6d394676e104ce4a,2026-03-06T18:31:47Z,solana-up-or-down-march-6-1pm-et,Down,BUY,4.98946,0.05,0.05,0.06,0.01,0.055,0.0584445136,0.6537661161,6826.75,3615.44,100,0.01,0,147.51386,0.3529160934,42,PASSIVE,,TRADE,,0.005,0.005,0.005,-0.005,,,OPEN
0x36471ccc31da0e7c52cb9f31cf6893ff5694e81fb38ad1e317bc7af8f46eb03d,2026-03-06T18:32:01Z,bitcoin-up-or-down-march-6-1pm-et,Up,BUY,25,0.92,0.93,0.94,0.01,0.935,0.9310571565,0.3610476977,9574.66,16944.44,96,0.0104,0.002,202.853598,0.8192682519,20,PASSIVE,,TRADE,,0.015,0.015,0.015,0.005,10,,OPEN
0xf370fdf7f32a2ec6273476b78ab643c1acdf7d01568c9a3b95e586e4dc57af7e,2026-03-06T18:32:01Z,bitcoin-up-or-down-march-6-1pm-et,Up,SELL,10,0.94,0.93,0.94,0.01,0.935,0.9310571565,0.3610476977,9574.66,16944.44,96.1538461538,0.0103846154,0.0019611614,227.853598,0.8303204966,0,PASSIVE,,TRADE,,0.005,0.005,0.005,0.015,,1.32146402,REDUCE
0xf780364d3d0576688207228526d5900f9b3f6d7fa0aed74632e8b43ef263b5d5,2026-03-06T18:32:11Z,bitcoin-up-or-down-march-6-1pm-et,Up,SELL,2,0.93,0.93,0.94,0.01,0.935,0.9310571565,0.3610476977,9574.66,16944.44,96.2962962963,0.0103703704,0.0019245009,217.853598,0.8303204966,10,CROSS,,TRADE,,-0.005,-0.005,-0.005,0.005,,0.26,REDUCE
0x4eee62127457c92df7c33a3b6d853b94fb8c52da3a00869ae5b0b15681a8654d,2026-03-06T18:32:11Z,bitcoin-up-or-down-march-6-1pm-et,Up,SELL,4,0.93,0.93,0.94,0.01,0.935,0.9310571565,0.3610476977,9574.66,16944.44,96.4285714286,0.0103571429,0.0018898224,215.853598,0.8303204966,0,CROSS,,TRADE,,-0.005,-0.005,-0.005,0.005,,0.52,REDUCE
0xf4b15c6244d27f59c10e692378d3e43c46afacdad24e27053dadb9d1c44813a9,2026-03-06T18:32:27Z,bitcoin-up-or-down-march-6-1pm-et,Up,SELL,20,0.94,0.93,0.94,0.01,0.935,0.9360180936,0.3600224682,9626.99,17112.98,96.2962962963,0.0103703704,0.0019245009,211.853598,0.8303204966,16,PASSIVE,,TRADE,,0.005,0.005,0.015,0.005,,2.89439206,REDUCE
0x328ec3dc4bb61b54f22bbbecd8313e200e64005133dd2849c972df5a9f955a4e,2026-03-06T18:32:27Z,bitcoin-up-or-down-march-6-1pm-et,Up,SELL,3,0.94,0.93,0.94,0.01,0.935,0.9360180936,0.3600224682,9626.99,17112.98,96.4285714286,0.0103571429,0.0018898224,191.853598,0.8303204966,0,PASSIVE,,TRADE,,0.005,0.005,0.015,0.005,,0.51,REDUCE
0x51c6d00a1c2a29d90ea8e0af147b316b754f0bffdb5f25b7b0b18c9fe7ca7270,2026-03-06T18:32:27Z,bitcoin-up-or-down-march-6-1pm-et,Up,SELL,2,0.94,0.93,0.94,0.01,0.935,0.9354030619,0.358428615,9560.56,17112.98,96.5517241379,0.0103448276,0.0018569534,188.853598,0.8303204966,0,PASSIVE,,TRADE,,0.005,0.005,0.015,0.005,,0.34,REDUCE
0xd869609a79d5bc9747707f10e7c10a8b80ba0088dfc65629cbaa2ac39cbeb645,2026-03-06T18:32:29Z,solana-up-or-down-march-6-1pm-et,Down,BUY,20,0.05,0.04,0.05,0.01,0.045,0.0454298409,0.5700933248,4801.44,3620.76,100,0.01,0,152.50332,0.34300557,42,CROSS,,TRADE,,-0.005,-0.005,-0.005,-0.005,,,OPEN
0x8dbbe1b0f477443a6aac7bd322e39bc01521f17cfcccaed86844e4e962549815,2026-03-06T18:32:37Z,bitcoin-up-or-down-march-6-1pm-et,Up,SELL,25,0.95,0.93,0.94,0.01,0.935,0.930905772,0.3528270401,9406.57,17254,96.6666666667,0.0103333333,0.0018257419,186.853598,0.8303204966,10,PASSIVE,,TRADE,,0.015,0.015,0.025,0.015,,3.6853598,REDUCE
0x7d7af623576d68ecdc97a602a7fbe8346b2ea41049e0788d97c4b47573f4dd1b,2026-03-06T18:34:05Z,solana-up-or-down-march-6-1pm-et,Up,SELL,4.1475,0.96,0.96,0.97,0.01,0.965,0.967342446,0.6140461874,3697.78,2324.21,100,0.01,0,318.636364,0.6994675638,144,CROSS,,TRADE,,-0.005,-0.005,-0.015,-0.005,,1.57605,REDUCE
0x4daf9cd37bb1f07051199005eea2e406847d1b36418affe2d533b031776aa982,2026-03-06T18:34:05Z,solana-up-or-down-march-6-1pm-et,Down,BUY,9.9835,0.03,0.03,0.04,0.01,0.035,0.032657554,0.3859538126,2324.21,3697.78,100,0.01,0,172.50332,0.3090345635,96,PASSIVE,,TRADE,,0.005,0.005,-0.005,0.005,,,OPEN
0x0de82ab1504643b36c0324b8e36c8a45601b89ef6e88e8382b8cb1039f525cf1,2026-03-06T18:34:07Z,solana-up-or-down-march-6-1pm-et,Down,BUY,3.061833,0.0300000033,0.03,0.04,0.01,0.035,0.032657554,0.3859538126,2324.21,3697.78,100,0.01,0,182.48682,0.2937691237,2,PASSIVE,,TRADE,,0.0049999967,0.0049999967,-0.0050000033,0.0049999967,,,OPEN
0x1e8abc81bd2b8cca9ffad41d77c33f091ed94fb33396a31b2924b125bdf5ce66,2026-03-06T18:34:21Z,solana-up-or-down-march-6-1pm-et,Down,BUY,10,0.03,0.02,0.03,0.01,0.025,0.0268858266,0.2392748675,1117.16,3551.78,100,0.01,0,185.548653,0.2894165349,14,CROSS,,TRADE,,-0.005,-0.005,-0.005,-0.005,,,OPEN
0xcaa05f1423059b51bb676c27d876f098702fe6b3c061f5123c9687dc7536c3d9,2026-03-06T18:34:47Z,xrp-up-or-down-march-6-1pm-et,Down,BUY,4.979366,0.030000004,0.02,0.03,0.01,0.025,0.0299024006,0.6554069317,2176.01,1144.08,82.6086956522,0.0117391304,0.0038755339,96.998415,0.2723452322,674,CROSS,,TRADE,,-0.005000004,-0.005000004,0.004999996,-0.005000004,,,OPEN
0xc34ab170c406dd9f6fc22f5e354800dc48ecf2516c40ea1337237d5b8a7f0652,2026-03-06T18:34:49Z,xrp-up-or-down-march-6-1pm-et,Down,BUY,15.02,0.03,0.02,0.03,0.01,0.025,0.0299024006,0.6554069317,2176.01,1144.08,83.3333333333,0.0116666667,0.0038069349,101.977781,0.2605120115,2,CROSS,,TRADE,,-0.005,-0.005,0.005,-0.005,,,OPEN
0x8417bc803e82d2f50814a9e56b4499e95d90498170589f40abd2dcf0e093ae84,2026-03-06T18:35:03Z,bitcoin-up-or-down-march-6-1pm-et,Down,BUY,25,0.04,0.06,0.07,0.01,0.065,0.0688388093,0.6449533552,17592.67,9684.76,100,0.01,0,229.161595,0.2918924708,206,PASSIVE,,TRADE,,0.025,0.025,0.025,0.025,76,,OPEN
0xdeb262b3c13f9208816aef372913716600463fe19c6973beffc19bbc440eac59,2026-03-06T18:35:07Z,ethereum-up-or-down-march-6-1pm-et,Up,SELL,45,0.94,0.92,0.93,0.01,0.925,0.9220874851,0.3149749978,5299.3,11525.21,100,0.01,0,180.707386,0.7018029057,240,PASSIVE,,TRADE,,0.015,0.015,0.015,0.015,,11.7538050038,REDUCE
0xf19fec31ea02c9d5d29da3dee6166600f58305e98cebd9f251ea5ad4ea74035b,2026-03-06T18:35:09Z,xrp-up-or-down-march-6-1pm-et,Up,SELL,7.55,0.97,0.96,0.98,0.02,0.97,0.9619442345,0.4770411733,2113.55,2316.99,100,0.0113636364,0.0035125009,280.669844,0.7268289305,224,PASSIVE,,TRADE,,0,0,-0.005,-0.005,,2.2286936978,REDUCE
0x2da5400a31718caa26a12f4ecc8a9f149ff0308426b936f225f43470f398a060,2026-03-06T18:35:11Z,xrp-up-or-down-march-6-1pm-et,Up,SELL,24.91,0.96,0.96,0.98,0.02,0.97,0.9619442345,0.4770411733,2113.55,2316.99,100,0.0117391304,0.0038755339,273.119844,0.7268289305,2,CROSS,,TRADE,,-0.01,-0.01,-0.015,-0.015,,7.1404176328,REDUCE
0xd7ad67949c6d545f1a653cea2b4a0c6cb6c5b119572022e7a9928ee40ee0436e,2026-03-06T18:35:11Z,solana-up-or-down-march-6-1pm-et,Up,SELL,13.36,0.97,0.97,0.98,0.01,0.975,0.9710238708,0.6702776951,3401.17,1673.1,95.4545454545,0.0104545455,0.0021320072,314.488864,0.6994675638,66,CROSS,,TRADE,,0,0,-0.005,-0.005,,5.2104,REDUCE
0x7a812b60d1e072da6baaf4edf3eff997d976ce7a33639ce0ef907b3ce9abd4b6,2026-03-06T18:35:13Z,bitcoin-up-or-down-march-6-1pm-et,Up,SELL,45,0.94,0.93,0.94,0.01,0.935,0.9396097742,0.3632681641,9670.54,16950.4,100,0.01,0,161.853598,0.8303204966,156,PASSIVE,,TRADE,,0.005,0.005,0.005,0,,3.72585608,REDUCE
0xa9804ce13e9d8b0775da06721098e378c00cbbb67ebc50b63bb2546285d07c9a,2026-03-06T18:35:19Z,ethereum-up-or-down-march-6-1pm-et,Up,BUY,25,0.91,0.92,0.93,0.01,0.925,0.9293300863,0.3218741181,5349.3,11269.93,100,0.01,0,135.707386,0.7018029057,12,PASSIVE,,TRADE,,0.015,0.015,0.015,0.025,908,,OPEN
0xf1c0dcf66cfc6407fed5490561855453f65c1f276a33051922921edc8d89a942,2026-03-06T18:35:47Z,xrp-up-or-down-march-6-1pm-et,Down,BUY,4.98975,0.02,0.02,0.03,0.01,0.025,0.0298816105,0.4810827406,1896,2045.11,91.3043478261,0.0108695652,0.0028810407,116.997781,0.2309192245,58,PASSIVE,,TRADE,,0.005,0.005,0.005,0.015,,,OPEN
0x7f9406de534ed3321d325d42a0d776a56b23d18c587a13ba74360c91eeea7ead,2026-03-06T18:36:15Z,xrp-up-or-down-march-6-1pm-et,Down,BUY,15.01,0.02,0.02,0.03,0.01,0.025,0.0299376284,0.5521132798,2498.55,2026.88,91.6666666667,0.0108333333,0.0028232985,121.987531,0.2222918329,28,PASSIVE,,TRADE,,0.005,0.005,0.015,0.01,,,OPEN
0x55e5d4424a5135fefad8dad929a4251c2cd3b1c3493e224470d62f70efc4ec20,2026-03-06T18:36:19Z,bitcoin-up-or-down-march-6-1pm-et,Down,SELL,25,0.07,0.06,0.07,0.01,0.065,0.0693610653,0.6355867843,17131.46,9822.31,87.5,0.01125,0.0033783196,254.161595,0.2671156678,76,PASSIVE,,TRADE,,0.005,0.005,0.005,-0.005,,-9.8961439,REDUCE
0x67d43bd790672247d32016e0bb677d369b34f727d68b9f1ac24c6505074607c3,2026-03-06T18:38:27Z,ethereum-up-or-down-march-6-1pm-et,Up,BUY,16.27275,0.93,0.93,0.94,0.01,0.935,0.9331741516,0.3153909166,4962.9,10772.81,95.8333333333,0.0104166667,0.0020412415,160.707386,0.7341905108,188,PASSIVE,,TRADE,,0.005,0.005,-0.005,0.01,720,,OPEN
0x8ab9a85338fb68fac197fc33266d8c7ab75c08f35fdc502780cbf7a6ae5596a8,2026-03-06T18:39:01Z,solana-up-or-down-march-6-1pm-et,Up,SELL,5.27,0.98,0.981,0.989,0.008,0.985,0.9836058632,0.5434257453,1567.93,1317.34,52.1739130435,0.0090434783,0.0041173498,301.128864,0.6994675638,230,CROSS,,TRADE,,-0.005,-0.005,-0.005,-0.006,,2.108,REDUCE
0x9114758739afb1b60a90247a53c7fac8613bd2e65e09165f0665834649711a0d,2026-03-06T18:39:33Z,bitcoin-up-or-down-march-6-1pm-et,Down,BUY,10.618533,0.0300000009,0.03,0.04,0.01,0.035,0.0338843837,0.5217687642,15142.22,13878.72,100,0.01,0,229.161595,0.2671156678,194,PASSIVE,,TRADE,,0.0049999991,0.0049999991,0.0049999991,0.0049999991,748,,OPEN
0xbb010568a0ec25fedaa1130b6ed73c825354e995f96c7cdb69dca26f3094669a,2026-03-06T18:39:33Z,bitcoin-up-or-down-march-6-1pm-et,Down,BUY,5.15,0.03,0.03,0.04,0.01,0.035,0.0338843837,0.5217687642,15142.22,13878.72,100,0.01,0,239.780128,0.256615129,0,PASSIVE,,TRADE,,0.005,0.005,0.005,0.005,748,,OPEN
0x3cfaf27d54e545300fd19b3585b9af3379a86efa49bcc8edc5bb0c6399c8f111,2026-03-06T18:39:39Z,bitcoin-up-or-down-march-6-1pm-et,Down,BUY,8.659766,0.0300000023,0.03,0.04,0.01,0.035,0.0338843837,0.5217687642,15142.22,13878.72,100,0.01,0,244.930128,0.2518502276,6,PASSIVE,,TRADE,,0.0049999977,0.0049999977,0.0049999977,0.0049999977,742,,OPEN
0xe675c6861430e649541a623f65e2d174bfc522c6f26a909ef724d40bba83c705,2026-03-06T18:40:39Z,ethereum-up-or-down-march-6-1pm-et,Down,BUY,25,0.03,0.03,0.04,0.01,0.035,0.0365684026,0.5988391994,7889.94,5285.45,100,0.01,0,67.902538,0.4178712878,892,PASSIVE,,TRADE,,0.005,0.005,0.005,0.005,,,OPEN
0x3a2da3d125b38677547e3e036cadc8baf8d36162245cac10a95914a3ad45ba66,2026-03-06T18:41:23Z,bitcoin-up-or-down-march-6-1pm-et,Down,BUY,25,0.02,0.02,0.03,0.01,0.025,0.0236082474,0.4526224574,10686.81,12924.06,95.4545454545,0.0104545455,0.0021320072,253.589894,0.2442743301,104,PASSIVE,,TRADE,,0.005,0.005,0.005,-0.005,638,,OPEN
0x2d3410e3dae9bf21a01a5c2bd2d4f4ea2efcbdfe243c582aad5003e1ab4e53ba,2026-03-06T18:43:37Z,solana-up-or-down-march-6-1pm-et,Up,SELL,43,0.99,0.99,0.995,0.005,0.9925,0.9947944564,0.8121324727,3365.68,778.57,100,0.0022173913,0.0018818879,295.858864,0.6994675638,276,CROSS,,TRADE,,-0.0025,-0.0025,-0.003,-0.003,,17.63,REDUCE
0x6b83d772f9fdda6f4685b13b3f81a601675ce4689240cda9b5898a60b9eeb12a,2026-03-06T18:50:27Z,ethereum-up-or-down-march-6-1pm-et,Up,SELL,40,0.99,0.99,0.992,0.002,0.991,0.9919746615,0.7935019128,5156.35,1341.87,30.4347826087,0.0035652174,0.0014717364,176.980136,0.7521945588,720,CROSS,,TRADE,,-0.001,-0.001,0.019,0.024,,11.9314229577,REDUCE
0x562c457cd9ea7c638ea28dbdad78504d84109aad8bfa59d4fcb8bb9b85048800,2026-03-06T18:51:45Z,bitcoin-up-or-down-march-6-1pm-et,Up,SELL,45,0.991,0.958,0.97,0.012,0.964,0.969826087,0.4864494361,6507.92,6870.49,100,0.0037727273,0.0028773635,116.853598,0.8303204966,992,PASSIVE,,TRADE,,0.019,0.019,0.0065,-0.001,,7.21182382,REDUCE
0xb563c0fbe77a912412a09df4df9405c7f9becbcd26d9f0c1282cd0fee7eeac9d,2026-03-06T18:51:45Z,ethereum-up-or-down-march-6-1pm-et,Up,BUY,25,0.93,0.91,0.92,0.01,0.915,0.9129377203,0.3375197505,2206.64,4331.17,81.8181818182,0.0096818182,0.0037970711,136.980136,0.7521945588,78,CROSS,,TRADE,,-0.005,-0.005,0.025,0.046,32,,OPEN
0x70251a5829eea01a1fcaf5d8e99f75e2e67c67bdec5ff3fd9ca0216c0d5a655d,2026-03-06T18:51:47Z,ethereum-up-or-down-march-6-1pm-et,Up,BUY,45.378906,0.9311943754,0.91,0.92,0.01,0.915,0.9129377203,0.3375197505,2206.64,4331.17,82.6086956522,0.0096956522,0.0037103637,161.980136,0.779637035,2,CROSS,,TRADE,,-0.0061943754,0.0018056246,0.0238056246,0.0448056246,30,,OPEN
0x8c74d6e422c67e8e8ec6042703580dd3006bf69468ee81bc664524e9c54fd650,2026-03-06T18:51:53Z,bitcoin-up-or-down-march-6-1pm-et,Up,SELL,45,0.98,0.972,0.976,0.004,0.974,0.9739359431,0.4667150204,5842.74,6676.12,65.2173913043,0.0039565217,0.0028995025,71.853598,0.8303204966,8,PASSIVE,,TRADE,,0.006,0.006,-0.007,-0.012,,2.46853598,REDUCE
0x63f6d3ffc3e29654cd05c5d5f101f0a596d32d1e6a965a833380ca8a1a04622e,2026-03-06T18:52:01Z,bitcoin-up-or-down-march-6-1pm-et,Down,SELL,45,0.041,0.01,0.018,0.008,0.014,0.01304955,0.593600592,10331.09,7073.02,90.9090909091,0.0038636364,0.0030906226,278.589894,0.2241484807,638,PASSIVE,,TRADE,,0.027,0.027,0.028,0.0255,,-19.1518754,REDUCE
0x6ce90799343905038140600597fd8d19c993c51da80f003699121886fdda1ae3,2026-03-06T18:52:17Z,ethereum-up-or-down-march-6-1pm-et,Up,SELL,6,0.96,0.97,0.979,0.009,0.9745,0.9713620582,0.2905968566,1506.89,3678.61,54.1666666667,0.008625,0.0032277668,207.359042,0.8128041747,30,CROSS,,TRADE,,-0.0145,-0.0145,-0.016,-0.019,,1.68,REDUCE
0xdb6f13cf4b6c35b15782a467f629956d880d51539284d6ecb1c438f68336fa58,2026-03-06T18:52:25Z,ethereum-up-or-down-march-6-1pm-et,Up,SELL,10,0.97,0.97,0.979,0.009,0.9745,0.9713620582,0.2905968566,1506.89,3678.61,56,0.00864,0.0031606961,201.359042,0.8128041747,8,CROSS,,TRADE,,-0.0045,-0.014,-0.0105,-0.0115,,2.9,REDUCE
0xb3113f45780377fe1746b9b270b4c4da6338d89bc68c93a521d02a1e8cae5280,2026-03-06T18:52:33Z,ethereum-up-or-down-march-6-1pm-et,Up,SELL,25,0.98,0.971,0.981,0.01,0.976,0.971437764,0.2086522736,1093.34,4146.67,96.2962962963,0.0084074074,0.0033884335,191.359042,0.8128041747,8,PASSIVE,,TRADE,,0.004,0.004,-0.0005,-0.004,,7.61778824,REDUCE
0x66f39ea3dc897f295e771f4cf757f9b5ad496263d7e5311935a25223c07c17d0,2026-03-06T18:53:03Z,bitcoin-up-or-down-march-6-1pm-et,Up,BUY,25,0.95,0.981,0.99,0.009,0.9855,0.9828349158,0.4182107586,10543.8,14667.89,100,0.0051304348,0.0017136974,26.853598,0.8303204966,70,PASSIVE,,TRADE,,0.0355,0.029,0.0355,0.0365,130,,OPEN
0xb38cf682ca3f808e625d9dc6240fa47bea87c527268bf7a5dbdd5234ce9d0792,2026-03-06T18:53:17Z,bitcoin-up-or-down-march-6-1pm-et,Up,BUY,25,0.95,0.981,0.992,0.011,0.9865,0.9856665131,0.4031484921,9720.66,14391.2,100,0.006,0.0024863262,51.853598,0.8880211712,14,PASSIVE,,TRADE,,0.0365,0.0365,0.0355,0.0355,116,,OPEN
0xdf5ac633d6a740c86a16fdb31e689489c7e4fb47c8833d96d8a131b5d4d6583b,2026-03-06T18:55:13Z,bitcoin-up-or-down-march-6-1pm-et,Up,SELL,25,0.99,0.98,0.99,0.01,0.985,0.9838981289,0.4244853342,10748.72,14573.05,100,0.0084782609,0.0014418916,76.853598,0.9081825008,116,PASSIVE,,TRADE,,0.005,0.005,0.0045,-0.0035,,1.73146402,REDUCE
0x54940a1d8c1ac083355cb91630e10b5dbb0ad7f7f301c00fb8e461cf3709b8b3,2026-03-06T19:00:11Z,solana-up-or-down-march-6-2pm-et,Up,BUY,42.32867,0.49,0.53,0.54,0.01,0.535,0.5359628405,0.5048914534,3349.46,3284.56,,,,0,0,,PASSIVE,,TRADE,,0.045,0.045,0.055,0.065,134,,OPEN
0x87b894208da2c0d8def1b996e628ab8e9db0a17b4781fafcafec5fee1859b114,2026-03-06T19:00:11Z,solana-up-or-down-march-6-2pm-et,Up,BUY,78.891626,0.4899999945,0.53,0.54,0.01,0.535,0.5359628405,0.5048914534,3349.46,3284.56,100,0.01,0,42.32867,0.49,0,PASSIVE,,TRADE,,0.0450000055,0.0450000055,0.0550000055,0.0650000055,134,,OPEN
0xcc11087b86db5fae9fc74d93558295361a903a89a6efb08639c4e905e78ee2c8,2026-03-06T19:00:11Z,solana-up-or-down-march-6-2pm-et,Up,BUY,42.32867,0.49,0.53,0.54,0.01,0.535,0.5359628405,0.5048914534,3349.46,3284.56,100,0.01,0,121.220296,0.4899999964,0,PASSIVE,,TRADE,,0.045,0.045,0.055,0.065,134,,OPEN
0x2b241c3a8e855883117013c217f9ae59d75c61d3d1614ce8d6a7475952099f00,2026-03-06T19:00:13Z,ethereum-up-or-down-march-6-2pm-et,Down,BUY,9.468517,0.460000019,0.46,0.47,0.01,0.465,0.4601556813,0.4798000765,7050,7643.62,,,,0,0,,PASSIVE,,TRADE,,0.004999981,-0.005000019,-0.025000019,-0.035000019,,,OPEN
0xf9234d9a858c1e1f2f379c5ff862d3f8df410f2b06ba7840cfc18ad173237e7f,2026-03-06T19:00:13Z,xrp-up-or-down-march-6-2pm-et,Up,BUY,4.17,0.48,0.48,0.49,0.01,0.485,0.4848073154,0.454603371,2204.94,2645.31,,,,0,0,,PASSIVE,,TRADE,,0.005,0.005,0.035,0.035,154,,OPEN
0xbd5fc432d1bb5ed0f3badbe445fa677caa03e6793fd07ef6c1a24f6eaca614dc,2026-03-06T19:00:15Z,ethereum-up-or-down-march-6-2pm-et,Down,BUY,9.98,0.46,0.44,0.45,0.01,0.445,0.4426612903,0.4754795053,3141.65,3465.68,100,0.01,0,9.468517,0.460000019,2,CROSS,,TRADE,,-0.025,-0.025,-0.035,-0.035,,,OPEN
0x2b208782289035dc7b8bc27466f4843d9c8ad72d3ef1171013ef10fc9ffe48fa,2026-03-06T19:00:17Z,xrp-up-or-down-march-6-2pm-et,Up,BUY,10,0.48,0.5,0.51,0.01,0.505,0.5076190476,0.6070611813,2017.41,1305.83,100,0.01,0,4.17,0.48,4,PASSIVE,,TRADE,,0.025,0.025,0.035,0.025,150,,OPEN
0xfa22954f787e586c2199ca9a9d436e970806f6874699428a6bb4d97f5b69ff19,2026-03-06T19:00:19Z,solana-up-or-down-march-6-2pm-et,Down,BUY,5.6,0.47,0.44,0.45,0.01,0.445,0.4436,0.5843436812,3180.01,2262.01,,,,0,0,,CROSS,,TRADE,,-0.025,-0.025,-0.025,-0.005,2344,,OPEN
0x68ec3a311fb23d800436631477df9c491d275341dc098f3ae49843754b2f2ced,2026-03-06T19:00:19Z,solana-up-or-down-march-6-2pm-et,Down,BUY,6.825093,0.4700000425,0.44,0.45,0.01,0.445,0.4436,0.5843436812,3180.01,2262.01,100,0.01,0,5.6,0.47,0,CROSS,,TRADE,,-0.0250000425,-0.0250000425,-0.0250000425,-0.0050000425,2344,,OPEN
0x4d1b86a57d72c81686868d9c77c3bb1ae0c356829bb267317e894d34178b6f55,2026-03-06T19:00:21Z,xrp-up-or-down-march-6-2pm-et,Up,BUY,5.83,0.48,0.5,0.51,0.01,0.505,0.5076190476,0.6070611813,2017.41,1305.83,100,0.01,0,14.17,0.48,4,PASSIVE,,TRADE,,0.025,0.035,0.035,0.025,146,,OPEN
0xbe3200c4c0b836dfa317323a1177ed96913b227d0724495c760d84beb2ada0f7,2026-03-06T19:00:21Z,solana-up-or-down-march-6-2pm-et,Down,BUY,9.33,0.47,0.44,0.45,0.01,0.445,0.4436,0.5843436812,3180.01,2262.01,100,0.01,0,12.425093,0.4700000233,2,CROSS,,TRADE,,-0.025,-0.025,-0.025,-0.005,2342,,OPEN
0x14c8fca9d3b5c73bc37025ee9a05d74babc1cfe8a222e8720f677b10bf15e5d5,2026-03-06T19:00:25Z,xrp-up-or-down-march-6-2pm-et,Up,BUY,34.45357,0.49,0.5,0.51,0.01,0.505,0.5076190476,0.6070611813,2017.41,1305.83,100,0.01,0,20,0.48,4,PASSIVE,,TRADE,,0.015,0.025,0.025,0.025,142,,OPEN
0x265530e4c41b3cdae804e0c76f1c6f5821f2ccad7895246eac45db874bb6e936,2026-03-06T19:00:35Z,xrp-up-or-down-march-6-2pm-et,Up,BUY,34.45357,0.49,0.51,0.52,0.01,0.515,0.5185669731,0.5247259307,2219.47,2010.3,100,0.01,0,54.45357,0.4863271462,10,PASSIVE,,TRADE,,0.025,0.025,0.025,0.055,132,,OPEN
0xe1293df364692b6239751f17a929565ed79c11669bb658ef98327fd7be8b602a,2026-03-06T19:00:45Z,xrp-up-or-down-march-6-2pm-et,Up,BUY,20,0.51,0.51,0.52,0.01,0.515,0.5172192403,0.4955310129,2404.48,2447.85,100,0.01,0,88.90714,0.4877504619,10,PASSIVE,,TRADE,,0.005,0.005,0,0.025,122,,OPEN
0x5b359b995acd4c41a75976ca6294c5bf4ab83f63aab308db062ef0330a83952f,2026-03-06T19:00:53Z,bitcoin-up-or-down-march-6-2pm-et,Down,BUY,25,0.41,0.41,0.42,0.01,0.415,0.4144286569,0.5267967015,5959.04,5352.8,,,,0,0,,PASSIVE,,TRADE,,0.005,0.005,0.01,-0.045,190,,OPEN
0x07e0fe7d7e1d6b6612b70d9bad1ad39c1a297926efe61642058487313e0d33e4,2026-03-06T19:00:55Z,bitcoin-up-or-down-march-6-2pm-et,Down,BUY,25,0.4,0.41,0.42,0.01,0.415,0.4144286569,0.5267967015,5959.04,5352.8,100,0.01,0,25,0.41,2,PASSIVE,,TRADE,,0.015,0.015,0.005,-0.015,188,,OPEN
0xd9ad1a50a66fcb0d678712e74899430001757e99f9f8b084fadab5db4f0e5d91,2026-03-06T19:01:33Z,ethereum-up-or-down-march-6-2pm-et,Up,BUY,44.352,0.6,0.62,0.63,0.01,0.625,0.6227131045,0.4671236239,4947.68,5644.12,,,,0,0,,PASSIVE,,TRADE,,0.025,0.025,0.005,0.01,840,,OPEN
0xe64db7a4b5a9b19b0702c1edaea08a5e2f27a869dba2e743083d99abea0893a4,2026-03-06T19:01:33Z,solana-up-or-down-march-6-2pm-et,Up,BUY,34.46877,0.56,0.57,0.58,0.01,0.575,0.5745512821,0.4491595987,2519.17,3089.46,100,0.01,0,163.548966,0.4899999974,82,PASSIVE,,TRADE,,0.015,0.015,-0.005,-0.025,52,,OPEN
0xd3126787a3c6252a0ba87319299fea005d6a0fbb25eddf228c71da1853d46bf3,2026-03-06T19:01:35Z,xrp-up-or-down-march-6-2pm-et,Up,BUY,34.46011,0.54,0.53,0.54,0.01,0.535,0.533,0.4663782626,2030,2322.69,100,0.01,0,108.90714,0.4918364269,50,CROSS,,TRADE,,-0.005,-0.005,-0.005,-0.025,72,,OPEN
0xe9f78e4e2e3cb6579174570611cec9330764772e5f5be3fb304af9bbeaaf0f29,2026-03-06T19:02:25Z,solana-up-or-down-march-6-2pm-et,Up,SELL,30.01,0.53,0.53,0.54,0.01,0.535,0.5392751522,0.5280163714,2812.4,2513.95,100,0.01,0,198.017736,0.5021848351,52,CROSS,,TRADE,,-0.005,-0.015,-0.015,0.005,,1.2004,REDUCE
0x28752cbefd04d848975a98830aa1e8dc4073fea52b870ce38455f2fa0cb5ad20,2026-03-06T19:02:47Z,xrp-up-or-down-march-6-2pm-et,Up,SELL,2.31,0.51,0.51,0.52,0.01,0.515,0.5110714286,0.4305996587,1922.86,2542.68,82.6086956522,0.0117391304,0.0038755339,143.36725,0.5034131435,72,CROSS,,TRADE,,-0.005,0.005,0.01,0.015,,0.0693,REDUCE
0x5f29990216cce7f6f19d52f3f1d2275e865db0f87c9256aab31e0ecac2547549,2026-03-06T19:03:01Z,xrp-up-or-down-march-6-2pm-et,Up,SELL,5,0.51,0.5,0.51,0.01,0.505,0.5016666667,0.4234991634,1867.86,2542.68,87.5,0.01125,0.0033783196,141.05725,0.5034131435,14,PASSIVE,,TRADE,,0.005,0.005,-0.005,0.015,,0.15,REDUCE
0xa39c8639519038f2e5374b6409f262c8e3965fa4aae092c4992e1dd423425c59,2026-03-06T19:03:09Z,solana-up-or-down-march-6-2pm-et,Down,BUY,24.61219,0.47,0.47,0.48,0.01,0.475,0.4764561568,0.5653898097,3290.58,2529.44,100,0.01,0,21.755093,0.4700000133,168,PASSIVE,,TRADE,,0.005,0.005,-0.015,0.03,2174,,OPEN
0xa5e966d865c9e8d8d9b5748931ee9069ed6291a5b5c59e89f0b615e1fd868a3c,2026-03-06T19:03:13Z,bitcoin-up-or-down-march-6-2pm-et,Up,BUY,10,0.61,0.62,0.63,0.01,0.625,0.6298017273,0.505222444,8865.31,8682.03,,,,0,0,,PASSIVE,,TRADE,,0.015,0.015,0.025,-0.015,698,,OPEN
0x78441cf2fb6ebf1f96423f478b8a08646a41b75c8ba38adb3a18baa4e543c399,2026-03-06T19:03:17Z,xrp-up-or-down-march-6-2pm-et,Down,BUY,9.84375,0.5,0.48,0.49,0.01,0.485,0.4877040816,0.4988816502,2145.68,2155.3,,,,0,0,,CROSS,,TRADE,,-0.015,-0.015,0,0.005,2572,,OPEN
0xdd8a43ac3481713e1eec71323ff580c6c203c5211157e58945d6217b118bc7f7,2026-03-06T19:03:17Z,bitcoin-up-or-down-march-6-2pm-et,Up,BUY,9.75,0.61,0.64,0.65,0.01,0.645,0.6495348988,0.6246213227,8816.48,5298.44,100,0.01,0,10,0.61,4,PASSIVE,,TRADE,,0.035,0.035,0.025,-0.025,694,,OPEN
0xc2019b099eae223afe5ac5000bef318f6def67fd0544658e039c219be372d16e,2026-03-06T19:03:19Z,bitcoin-up-or-down-march-6-2pm-et,Down,BUY,25,0.36,0.34,0.35,0.01,0.345,0.3416163249,0.5183794945,9447.43,8777.5,100,0.01,0,50,0.405,144,CROSS,,TRADE,,-0.015,-0.015,0.005,0.055,44,,OPEN
0x01fed600f8f8adcb0412bb05c7c6fd4145a49530777990be3028f31a2d8eeb4d,2026-03-06T19:03:33Z,xrp-up-or-down-march-6-2pm-et,Up,SELL,20,0.51,0.49,0.51,0.02,0.5,0.5069945355,0.4628226696,2060.63,2391.68,100,0.01125,0.0033783196,136.05725,0.5034131435,32,PASSIVE,,TRADE,,0.015,0.015,0.015,0.005,,0.5269,REDUCE
0x1b41dbd8f9f207589172fa5ab48c3fe486f2dcdcddc6240690d04aaaaa848891,2026-03-06T19:03:37Z,solana-up-or-down-march-6-2pm-et,Up,BUY,7.8766,0.54,0.53,0.54,0.01,0.535,0.5376271186,0.4739466641,2718.25,3017.1,100,0.01,0,168.007736,0.5021848351,72,CROSS,,TRADE,,-0.005,-0.005,-0.04,-0.045,4,,OPEN
0x2edd0bdfbb6b18d8f75274a95dd2318deac4eb3f9c867fe3f9827fd3b227299c,2026-03-06T19:03:41Z,bitcoin-up-or-down-march-6-2pm-et,Up,BUY,25,0.65,0.63,0.64,0.01,0.635,0.6323063534,0.6079120426,8725.55,5627.76,86.6666666667,0.0113333333,0.0035186578,19.75,0.61,24,CROSS,,TRADE,,-0.015,-0.015,-0.065,-0.065,670,,OPEN
0x761ab2077693b8048c5336291228bed5321a91cfc16bad19a1740e5499937f61,2026-03-06T19:03:41Z,solana-up-or-down-march-6-2pm-et,Up,SELL,25,0.56,0.53,0.54,0.01,0.535,0.5361764706,0.5156628987,3055.05,2869.46,100,0.01,0,175.884336,0.5038783056,4,PASSIVE,,TRADE,,0.025,0.025,0.055,0.065,,1.7500000697,REDUCE
0x439a3a0aeb7c5aba228101992b2dce80e5d928929a6afca4de497b58143dd0b0,2026-03-06T19:03:45Z,bitcoin-up-or-down-march-6-2pm-et,Up,BUY,25,0.62,0.63,0.64,0.01,0.635,0.6323249235,0.6077889277,8721.06,5627.77,87.5,0.01125,0.0034156503,44.75,0.6323463687,4,PASSIVE,,TRADE,,0.015,0.015,-0.025,-0.025,666,,OPEN
0xdc204e5def2058f92d2f34c0cb21f63398a3c1fd2c24160cdd66bbe20f92c35d,2026-03-06T19:04:03Z,bitcoin-up-or-down-march-6-2pm-et,Down,SELL,25,0.38,0.42,0.43,0.01,0.425,0.4214116601,0.4492623562,7238.87,8873.92,95.4545454545,0.0104545455,0.0021320072,75,0.39,44,CROSS,,TRADE,,-0.045,-0.025,-0.035,-0.045,,-0.75,REDUCE
0x815ba4d1a6c7b7b2e75c146637e0746f12580d354a829f52556deb3fb29b9da5,2026-03-06T19:04:39Z,bitcoin-up-or-down-march-6-2pm-et,Down,SELL,18.809522,0.4199999872,0.41,0.42,0.01,0.415,0.410144396,0.323198986,5548.58,11619.11,100,0.01,0,50,0.39,36,PASSIVE,,TRADE,,0.0049999872,0.0049999872,0.0049999872,-0.0150000128,,0.3761901992,REDUCE
0xfa5ecf9f59494cf69cfc788393c8b1bc7262c071fae61022854372aed1ebf08f,2026-03-06T19:05:03Z,xrp-up-or-down-march-6-2pm-et,Down,BUY,5.188678,0.4700000655,0.5,0.51,0.01,0.505,0.500625,0.5087121132,2175.37,2100.86,86.9565217391,0.0113043478,0.0034435022,9.84375,0.5,106,PASSIVE,,TRADE,,0.0349999345,0.0349999345,0.0049999345,-0.0750000655,2466,,OPEN
0x778c9efed26c6a35122fb8e5c5dcc1deb1b1755bdcad5eb2fc4e7900c6b55e37,2026-03-06T19:05:31Z,bitcoin-up-or-down-march-6-2pm-et,Up,BUY,25,0.57,0.57,0.58,0.01,0.575,0.5798506289,0.6926748904,11814.54,5241.86,100,0.01,0,69.75,0.627921147,106,PASSIVE,,TRADE,,0.005,0.005,0.025,0.055,560,,OPEN
0xf3df7b5c7d4aea7fa42defd25b6a7a1d2c16ecca5e43a7b9eed8b722484b68a0,2026-03-06T19:05:45Z,bitcoin-up-or-down-march-6-2pm-et,Down,BUY,25,0.41,0.38,0.39,0.01,0.385,0.3889892249,0.3968110233,5828.15,8859.32,100,0.01,0,31.190478,0.39,66,CROSS,,TRADE,,-0.025,-0.025,-0.015,-0.015,134,,OPEN
0x23aafd2d680a2327a595fe83955057714aa712f1565aa19da598a4be7c81025d,2026-03-06T19:05:47Z,xrp-up-or-down-march-6-2pm-et,Up,BUY,46.29335,0.5553180174,0.61,0.62,0.01,0.615,0.6185519838,0.4931620067,1712.51,1760,91.3043478261,0.0108695652,0.0028810407,116.05725,0.5034131435,134,PASSIVE,,TRADE,,0.0596819826,0.0596819826,0.0446819826,0.0546819826,578,,OPEN
0xfee6d3cb559114614527cf36125eecc4a402250bde67d89befa65d261b4e0421,2026-03-06T19:05:57Z,xrp-up-or-down-march-6-2pm-et,Up,BUY,0.64,0.62,0.6,0.61,0.01,0.605,0.606,0.4129143553,1620.47,2304,91.6666666667,0.0108333333,0.0028232985,162.3506,0.518213523,10,CROSS,,TRADE,,-0.015,-0.015,-0.015,-0.025,568,,OPEN
0xd8f45266c1f90ecf07a89513aa75b48b08d46ba93a056303fff53cee03498b43,2026-03-06T19:05:57Z,xrp-up-or-down-march-6-2pm-et,Up,BUY,2,0.62,0.6,0.61,0.01,0.605,0.606,0.4129143553,1620.47,2304,92,0.0108,0.0027688746,162.9906,0.5186131985,0,CROSS,,TRADE,,-0.015,-0.015,-0.015,-0.025,568,,OPEN
0xb9103a66f657066979f603e61449d9d31fe80bfba117ab83279b6241e65ccebb,2026-03-06T19:06:39Z,bitcoin-up-or-down-march-6-2pm-et,Up,BUY,25,0.62,0.59,0.6,0.01,0.595,0.5918189332,0.5388394978,7847.68,6716.36,100,0.01,0,94.75,0.6126385224,68,CROSS,,TRADE,,-0.025,-0.025,-0.005,0.015,492,,OPEN
0x4e3efd3515adbbbc719ca23cb6124e805013c15b787a6de0e3d00be84aca09f0,2026-03-06T19:07:19Z,solana-up-or-down-march-6-2pm-et,Up,BUY,4.92213,0.52,0.53,0.54,0.01,0.535,0.5398760167,0.5232487228,2977.28,2712.71,73.9130434783,0.0126086957,0.0044897776,150.884336,0.5038783056,218,PASSIVE,,TRADE,,0.015,0.015,0.015,0.03,220,,OPEN
0xea3261cf890de0324714d74ce2d81972e9e39d68a8cde1d2de1ddab8e3765f96,2026-03-06T19:07:25Z,ethereum-up-or-down-march-6-2pm-et,Up,BUY,25,0.65,0.64,0.65,0.01,0.645,0.6490178782,0.511318716,5778.06,5522.25,95.652173913,0.0104347826,0.0020851441,44.352,0.6,352,CROSS,,TRADE,,-0.005,-0.005,-0.015,-0.015,488,,OPEN
0xceb4cdcc49fb6e215a0aeb0cc98c71ecd21e86b5e50f79332ffd4c6597fa0866,2026-03-06T19:07:41Z,ethereum-up-or-down-march-6-2pm-et,Up,BUY,15,0.64,0.63,0.64,0.01,0.635,0.6373137001,0.5220883498,5829.91,5336.61,95.8333333333,0.0104166667,0.0020412415,69.352,0.6180239935,16,CROSS,,TRADE,,-0.005,-0.005,-0.005,0.005,472,,OPEN
0x7fe788ba43409f9db129413a6eaf82957e857de330f2880f93da8b9c91bdd889,2026-03-06T19:07:45Z,bitcoin-up-or-down-march-6-2pm-et,Up,BUY,5.01259,0.64,0.64,0.65,0.01,0.645,0.6402125164,0.4878441357,4667.6,4900.21,100,0.01,0,119.75,0.6141753653,66,PASSIVE,,TRADE,,-0.015,-0.015,-0.025,-0.025,426,,OPEN
0x4bafc2d26bb2ba362802a8f4f360ccc19694c7522e76bcceb936891eaa6cf4e1,2026-03-06T19:07:47Z,xrp-up-or-down-march-6-2pm-et,Up,BUY,20,0.65,0.61,0.62,0.01,0.615,0.6177855967,0.4453815343,1736.89,2162.89,82.6086956522,0.0117391304,0.0038755339,164.9906,0.5198421995,110,CROSS,,TRADE,,-0.035,-0.025,-0.025,-0.005,458,,OPEN
0x9884b98c522bcd17d6d1c00c60d0cb6920da7e6e2b3819135f5cda96790d9423,2026-03-06T19:07:59Z,bitcoin-up-or-down-march-6-2pm-et,Down,SELL,25,0.36,0.36,0.37,0.01,0.365,0.368343699,0.3883503236,5685.34,8954.38,95.4545454545,0.0104545455,0.0021320072,56.190478,0.3988983048,134,CROSS,,TRADE,,-0.005,-0.025,-0.025,-0.045,,-0.24761912,REDUCE
0xdd10db292986041b28c37041abaed4ed59442a4c9151376135e2ccd41c9542e3,2026-03-06T19:08:03Z,solana-up-or-down-march-6-2pm-et,Up,BUY,4.92288,0.54,0.54,0.56,0.02,0.55,0.554379085,0.5125182431,3086.8,2936.01,100,0.0113043478,0.0034435022,155.806466,0.504387611,44,PASSIVE,,TRADE,,0.01,0.01,0.015,0.005,176,,OPEN
0xb8815ae388c7009a588917a04d36e341be5bcaefd59e4e98a0ca7bcbb2d98294,2026-03-06T19:08:59Z,bitcoin-up-or-down-march-6-2pm-et,Down,BUY,25,0.38,0.39,0.4,0.01,0.395,0.3970199275,0.3517296884,5576.53,10278.06,100,0.01,0,31.190478,0.3988983048,60,PASSIVE,,TRADE,,0.015,0.025,0.015,0.015,64,,OPEN
0x4e630a44f2db1da967380e6eb7de17d686ec70fc9d8f43f4fd5676278a676d1c,2026-03-06T19:09:17Z,solana-up-or-down-march-6-2pm-et,Up,BUY,9.45759,0.58,0.58,0.6,0.02,0.59,0.5884212738,0.4823013813,2579.56,2768.88,100,0.0122727273,0.0042893203,160.729346,0.5054783609,74,PASSIVE,,TRADE,,0.01,0.01,0.01,0.015,102,,OPEN
0x112140367ec41f284a3cee00498ad2e2fed4f0c438cb19b08b6f58138d798964,2026-03-06T19:09:17Z,solana-up-or-down-march-6-2pm-et,Up,BUY,24.63428,0.59,0.58,0.6,0.02,0.59,0.5884212738,0.4823013813,2579.56,2768.88,100,0.0126086957,0.0044897776,170.186936,0.5096196606,0,PASSIVE,,TRADE,,0,0,0,0.005,102,,OPEN
0xe9e67699dfdeac94112f2d40e510e83a46f17724a03e22aa8ed944c880213a2b,2026-03-06T19:09:21Z,solana-up-or-down-march-6-2pm-et,Up,BUY,2.439023,0.5900001763,0.58,0.6,0.02,0.59,0.5884212738,0.4823013813,2579.56,2768.88,100,0.0129166667,0.0046430562,194.821216,0.5197833986,4,PASSIVE,,TRADE,,-0.0000001763,-0.0000001763,-0.0000001763,-0.0000001763,98,,OPEN
0x094703227a934632b13540b480eb056e4ecd46a76379338ade77e5aaf2a3d61a,2026-03-06T19:10:03Z,bitcoin-up-or-down-march-6-2pm-et,Down,SELL,25,0.4,0.38,0.39,0.01,0.385,0.3835427223,0.3673836491,4918.04,8468.62,95.4545454545,0.0104545455,0.0021320072,56.190478,0.390490161,64,PASSIVE,,TRADE,,0.015,0.015,0.025,0.045,,0.0595239,REDUCE
0x3699d52b49aa4d87afd2a8188e0254a95c01d4838cc65330b3ba076860a5f1f6,2026-03-06T19:10:11Z,ethereum-up-or-down-march-6-2pm-et,Up,BUY,10.25,0.63,0.66,0.67,0.01,0.665,0.6697111514,0.5409635605,5680.35,4820.08,90.9090909091,0.0109090909,0.0029424494,84.352,0.6219319044,150,PASSIVE,,TRADE,,0.035,0.035,0.08,0.085,322,,OPEN
0x6f517c45b523278e79177a06e6742976f853bf00d0d5a54722f22daf57fab55b,2026-03-06T19:10:15Z,solana-up-or-down-march-6-2pm-et,Up,BUY,14.17,0.58,0.59,0.6,0.01,0.595,0.5939105495,0.4891393136,2550.93,2664.21,48,0.0152,0.0050990195,197.260239,0.5206515935,54,PASSIVE,,TRADE,,0.015,0.015,0.015,0.025,44,,OPEN
0x3b105335e75e1f42f8914ce4916bfc088496d9541b781acfbe140d9bd70dc8f6,2026-03-06T19:10:17Z,bitcoin-up-or-down-march-6-2pm-et,Down,BUY,7.163933,0.3900000181,0.38,0.39,0.01,0.385,0.380364786,0.3680890238,5185.94,8902.88,91.3043478261,0.0108695652,0.0028810407,31.190478,0.390490161,14,CROSS,,TRADE,,-0.0050000181,-0.0050000181,-0.0250000181,-0.0450000181,1128,,OPEN
0xf892a0fc5075f739b95c05742f4ba74a456916d3ded53ba2e3c35ac1831460b5,2026-03-06T19:10:19Z,xrp-up-or-down-march-6-2pm-et,Up,BUY,15.43,0.65,0.67,0.68,0.01,0.675,0.6759871589,0.5144834173,2068.46,1952,90.9090909091,0.0109090909,0.0029424494,184.9906,0.533914028,152,PASSIVE,,TRADE,,0.03,0.03,0.045,0.065,306,,OPEN
0x62316f5a47d3c9cec0c2c5c6f3d8d9be45d4b39f941d9ebd0fe35b5b83c460b1,2026-03-06T19:10:41Z,solana-up-or-down-march-6-2pm-et,Up,BUY,42.3808,0.6,0.6,0.61,0.01,0.605,0.6014559125,0.505947264,2518.99,2459.77,69.5652173913,0.0130434783,0.0047047197,211.430239,0.5246291083,26,PASSIVE,,TRADE,,0.005,0.005,-0.01,0.005,18,,OPEN
0x9c6f0b5a90fe29820189e846f0293be14b4282e7b1ed0acee72312cb3c716c3b,2026-03-06T19:10:59Z,solana-up-or-down-march-6-2pm-et,Up,SELL,16.262294,0.6099999791,0.6,0.62,0.02,0.61,0.6007107595,0.4614419621,2556.43,2983.66,100,0.0125,0.0044232587,253.811039,0.5372143714,18,PASSIVE,,TRADE,,0.0099999791,0.0099999791,-0.0150000209,-0.0050000209,,1.9514750296,REDUCE
0xfc1f2a50969c039222b79a726cbd3cb8a9a383feef0a66d6a2d4bca7dd53a21f,2026-03-06T19:10:59Z,solana-up-or-down-march-6-2pm-et,Up,SELL,3.278687,0.6099999786,0.6,0.62,0.02,0.61,0.6007107595,0.4614419621,2556.43,2983.66,100,0.0128,0.0045825757,237.548745,0.5372143714,0,PASSIVE,,TRADE,,0.0099999786,0.0099999786,-0.0150000214,-0.0050000214,,0.3934423879,REDUCE
0xa34ef803ddc069698912633f78a3fa9a16e05a929031da1945395bf171db64d9,2026-03-06T19:11:01Z,ethereum-up-or-down-march-6-2pm-et,Up,BUY,6.89655,0.7100000725,0.71,0.72,0.01,0.715,0.711012966,0.5151209441,5489,5166.75,100,0.01,0,94.602,0.6228060718,50,PASSIVE,,TRADE,,0.0049999275,0.0049999275,0.0249999275,0.0399999275,272,,OPEN
0x1e9af6c096c765fdc4c2668d4a0fd3ab3463b381ba40442eda79e0b71cef0252,2026-03-06T19:11:27Z,solana-up-or-down-march-6-2pm-et,Up,SELL,5,0.63,0.6,0.61,0.01,0.605,0.6094545653,0.4808200996,2561.17,2765.5,72,0.0128,0.0045825757,234.270058,0.5372143714,28,PASSIVE,,TRADE,,0.025,0.025,0.015,0.035,,0.7000000275,REDUCE
0x201c658ab9a3759f15e449c63227ce2c449ec857e8226553ccae923f96681578,2026-03-06T19:11:27Z,xrp-up-or-down-march-6-2pm-et,Up,BUY,5,0.72,0.72,0.73,0.01,0.725,0.7277400295,0.4565021969,1990.66,2370.02,72.7272727273,0.0127272727,0.0045584231,200.4206,0.5428512658,68,PASSIVE,,TRADE,,0.005,0.005,-0.015,-0.025,238,,OPEN
0x6c8aa17494ac8de25cd8e7567c914eb92436b02f98b5dff6fecbcce9f90d18fe,2026-03-06T19:11:31Z,solana-up-or-down-march-6-2pm-et,Up,SELL,20,0.63,0.6,0.61,0.01,0.605,0.6095639662,0.4640078121,2561.17,2958.5,73.0769230769,0.0126923077,0.0045234432,229.270058,0.5372143714,4,PASSIVE,,TRADE,,0.025,0.02,0.015,0.04,,2.80000011,REDUCE
0xcb77916ee8477114af478ee025a979b757d8ff7d1a64e1823d339af187699312,2026-03-06T19:11:41Z,ethereum-up-or-down-march-6-2pm-et,Up,BUY,4.63887,0.75,0.72,0.73,0.01,0.725,0.7293236715,0.5038762545,5883.37,5792.85,82.6086956522,0.0117391304,0.0038755339,101.49855,0.6287306666,40,CROSS,,TRADE,,-0.025,-0.025,-0.005,0.02,232,,OPEN
0x5201e09c9426a19e7e5ad259cb321a6f34456addb589b29a8faa0d2f259c1ceb,2026-03-06T19:12:33Z,xrp-up-or-down-march-6-2pm-et,Down,BUY,4.94281,0.31,0.28,0.29,0.01,0.285,0.2829086678,0.5166936861,2138.59,2000.4,86.9565217391,0.0113043478,0.0034435022,15.032428,0.4896450527,450,CROSS,,TRADE,,-0.025,-0.025,-0.035,-0.075,2016,,OPEN
0x3f9e3284589baefe5f6fc68376756dde362f246eabfd7f9de7ca65f51c531a6e,2026-03-06T19:12:57Z,bitcoin-up-or-down-march-6-2pm-et,Up,BUY,25,0.68,0.67,0.68,0.01,0.675,0.6786531941,0.6254908592,9248.07,5537.23,86.9565217391,0.0113043478,0.0034435022,124.76259,0.6152129224,312,CROSS,,TRADE,,-0.005,-0.005,0.015,0.075,114,,OPEN
0xc46181a490f6db1a0dbafe61b4507a04bd760f7e0f341923dfe04181c60d5b38,2026-03-06T19:13:15Z,ethereum-up-or-down-march-6-2pm-et,Up,BUY,23.71569,0.79,0.81,0.82,0.01,0.815,0.8166429561,0.4418286853,7478.41,9447.63,82.6086956522,0.0117391304,0.0038755339,106.13742,0.634030896,94,PASSIVE,,TRADE,,0.03,0.03,0.045,0.055,138,,OPEN
0x282eedc146cac0589026550e4de9f0b6c4a0b6ceef6518e8e6311f905ef00958,2026-03-06T19:13:19Z,bitcoin-up-or-down-march-6-2pm-et,Up,BUY,18.54,0.69,0.69,0.7,0.01,0.695,0.6968700758,0.6257924715,9134.53,5462.21,83.3333333333,0.0116666667,0.0038069349,149.76259,0.6260278859,22,PASSIVE,,TRADE,,0.005,0.005,0.055,0.075,92,,OPEN
0xbb5e63941e4fc03c7be8e8acbb74fde4765a58cb6efe266fe1cae94372570769,2026-03-06T19:13:19Z,bitcoin-up-or-down-march-6-2pm-et,Up,BUY,6.451611,0.6900000636,0.69,0.7,0.01,0.695,0.6968700758,0.6257924715,9134.53,5462.21,84,0.0116,0.0037416574,168.30259,0.6330749729,0,PASSIVE,,TRADE,,0.0049999364,0.0049999364,0.0549999364,0.0749999364,92,,OPEN
0x3beada869717ef9efdfd9444e89b3fc766408e872878cea565c09707f4274063,2026-03-06T19:13:19Z,ethereum-up-or-down-march-6-2pm-et,Up,BUY,7.95263,0.81,0.81,0.83,0.02,0.82,0.8245820362,0.3751473383,7689.41,12807.63,100,0.0120833333,0.0041485112,129.85311,0.662516274,4,PASSIVE,,TRADE,,0.01,0.01,0.055,0.035,134,,OPEN
0xce0586aa02d16f5da670d9889e12e8366a770adcbca626fbc68e01fab49af121,2026-03-06T19:13:35Z,solana-up-or-down-march-6-2pm-et,Up,BUY,25,0.65,0.68,0.69,0.01,0.685,0.6897260274,0.5495835345,2913.76,2388,60.8695652174,0.0139130435,0.0049901088,209.270058,0.5372143714,124,PASSIVE,,TRADE,,0.035,0.035,0.07,0.055,132,,OPEN
0x6a6323a5575b8e75457596d109d4cf10a480b622061cf772506f2171c8da6f14,2026-03-06T19:13:39Z,bitcoin-up-or-down-march-6-2pm-et,Up,BUY,4.714284,0.7200001103,0.76,0.77,0.01,0.765,0.7685845214,0.6248771036,9152.25,5494.23,88.4615384615,0.0111538462,0.0032581259,174.754201,0.6351765449,20,PASSIVE,,TRADE,,0.0449998897,0.0449998897,0.0549998897,0.0349998897,72,,OPEN
0x9bafd7a6b487d62ea048bd14dfc7f85a7976998189c9980cd5236b9cd6c5e144,2026-03-06T19:13:49Z,bitcoin-up-or-down-march-6-2pm-et,Up,BUY,2.862856,0.7200002375,0.76,0.77,0.01,0.765,0.7637049079,0.4985008948,9189.53,9244.8,96.1538461538,0.0103846154,0.0019611614,179.468485,0.6374046931,10,PASSIVE,,TRADE,,0.0449997625,0.0449997625,0.0449997625,0.0699997625,62,,OPEN
0x7d2a65c145e570eb58563ab1d16a7e90b8dc416855d3d557232db66b9eb7af9e,2026-03-06T19:13:53Z,xrp-up-or-down-march-6-2pm-et,Up,BUY,10.9296,0.8,0.81,0.82,0.01,0.815,0.815,0.2324684896,1898.97,6269.75,90.9090909091,0.0109090909,0.0029424494,205.4206,0.5471631199,146,PASSIVE,,TRADE,,0.02,0.02,0.025,0.055,92,,OPEN
0x2cbf515c66f670aceef79e0f25ca83b9179a4670e6efb89bfa95142032d25888,2026-03-06T19:13:53Z,solana-up-or-down-march-6-2pm-et,Up,BUY,1.85,0.71,0.71,0.72,0.01,0.715,0.7192481203,0.502217412,2709.93,2686,65.2173913043,0.0134782609,0.0048698475,234.270058,0.5492502275,18,PASSIVE,,TRADE,,0.01,0.01,0.005,0.02,114,,OPEN
0xd60dca216065434a9fa28f20d8ddf8087863e84dd5f56c61c10142f3e1bf4f2c,2026-03-06T19:13:53Z,bitcoin-up-or-down-march-6-2pm-et,Up,BUY,44.6045,0.75,0.76,0.77,0.01,0.765,0.7639184663,0.5015141281,9229.53,9173.8,96.2962962963,0.0103703704,0.0019245009,182.331341,0.6387015582,4,PASSIVE,,TRADE,,0.015,0.015,0.035,0.035,58,,OPEN
0x276294beb7a2170aa3892065ef3e1e9f05c772b28cbb81de671fc5f9dd9d3317,2026-03-06T19:13:57Z,xrp-up-or-down-march-6-2pm-et,Up,BUY,23.5212,0.82,0.81,0.83,0.02,0.82,0.82125,0.1863562438,1908.97,8334.69,100,0.0113043478,0.0034435022,216.3502,0.5599359575,4,PASSIVE,,TRADE,,0,0.005,0,0.035,88,,OPEN
0x8225e806fc7687393bb16e39081d005a72b1b90d8ab492ef7e751be3c8bd5125,2026-03-06T19:14:01Z,ethereum-up-or-down-march-6-2pm-et,Up,BUY,44.83692,0.86,0.84,0.85,0.01,0.845,0.8444972973,0.3408847201,7143.12,13811.53,79.1666666667,0.0120833333,0.0041485112,137.80574,0.6710274108,42,CROSS,,TRADE,,-0.015,-0.015,-0.015,-0.005,92,,OPEN
0x2c1b535cb088d1651ce6cf65a1ce3e0f0f30d8ecc941bcb368f0accd36d246a9,2026-03-06T19:14:51Z,bitcoin-up-or-down-march-6-2pm-et,Up,SELL,20,0.79,0.78,0.79,0.01,0.785,0.788554937,0.4963126118,9130.41,9266.08,92,0.0108,0.0027688746,226.935841,0.6605773946,58,PASSIVE,,TRADE,,0.005,0.005,0.005,0.035,,3.59,REDUCE
0x89b05efdbeabc5b998a69243ee1c368becb2eabb9bb4dad2e17e6654f8b4380d,2026-03-06T19:14:51Z,bitcoin-up-or-down-march-6-2pm-et,Up,SELL,45,0.78,0.78,0.79,0.01,0.785,0.788554937,0.4963126118,9130.41,9266.08,92.3076923077,0.0107692308,0.0027174649,206.935841,0.6605773946,0,CROSS,,TRADE,,-0.005,-0.005,-0.005,0.025,,6.4575,REDUCE
0xd46a1b35a1c586361b2133a855d018eafbc1a7d6fe0e7adb3df1976ee30351c5,2026-03-06T19:14:51Z,bitcoin-up-or-down-march-6-2pm-et,Up,SELL,2,0.79,0.78,0.79,0.01,0.785,0.788554937,0.4963126118,9130.41,9266.08,92.5925925926,0.0107407407,0.0026688026,161.935841,0.6605773946,0,PASSIVE,,TRADE,,0.005,0.005,0.005,0.035,,0.34,REDUCE
0xa8a00f5a020108bf465d05535d2394ce7c6b4e54ddb5d4dd0cdc946a35d70eea,2026-03-06T19:14:51Z,bitcoin-up-or-down-march-6-2pm-et,Up,BUY,117.72623,0.7895782168,0.78,0.79,0.01,0.785,0.788406057,0.4927393307,9078.53,9346.08,92.8571428571,0.0107142857,0.0026226526,159.935841,0.6605773946,0,PASSIVE,,TRADE,,-0.0045782168,-0.0045782168,-0.0045782168,-0.0345782168,42,,OPEN
0x4d5b1834a757544ad7825e5f54ea198a93844a2b29fcbfeaa22f07d2b4e38557,2026-03-06T19:14:51Z,bitcoin-up-or-down-march-6-2pm-et,Up,SELL,45,0.78,0.78,0.79,0.01,0.785,0.788406057,0.4927393307,9078.53,9346.08,93.1034482759,0.0106896552,0.0025788071,277.662071,0.7152725873,0,CROSS,,TRADE,,-0.005,-0.005,-0.005,0.025,,8.45,REDUCE
0x189165c1e278bd79404e08a5bb7a2ad1eaeb29bfef2be621fe0e7db63f82a1a3,2026-03-06T19:14:53Z,solana-up-or-down-march-6-2pm-et,Up,BUY,14.285713,0.7200000448,0.71,0.73,0.02,0.72,0.7276076555,0.5060251639,2741.28,2676,91.6666666667,0.0166666667,0.0063702206,236.120058,0.5505097015,60,PASSIVE,,TRADE,,0.0049999552,-0.0000000448,0.0099999552,-0.0050000448,54,,OPEN
0x9ef7cf62df57452a3d82e071db20d12f7d41375c52428a26b449faea8837e282,2026-03-06T19:15:11Z,xrp-up-or-down-march-6-2pm-et,Up,BUY,20,0.84,0.81,0.82,0.01,0.815,0.8171428571,0.2294521349,1668,5601.49,54.5454545455,0.0145454545,0.0050964719,239.8714,0.5854371984,74,CROSS,,TRADE,,-0.025,-0.025,-0.015,-0.005,14,,OPEN
0x37ebcfd604f21135f24457a9c37418c42fc4b57e14e847a3479ad21deb6377ca,2026-03-06T19:15:25Z,xrp-up-or-down-march-6-2pm-et,Up,SELL,30,0.83,0.82,0.83,0.01,0.825,0.8271428571,0.1908676178,1748,7410.18,65.2173913043,0.0134782609,0.0048698475,259.8714,0.6050286426,14,PASSIVE,,TRADE,,0.005,0.005,0.005,-0.02,,10.2,REDUCE
0x2e8425b9e01286ee779f51b2a285dea637c1edb08c5040cc0a512f9987c5a62b,2026-03-06T19:15:33Z,ethereum-up-or-down-march-6-2pm-et,Up,SELL,20,0.85,0.84,0.85,0.01,0.845,0.8428865808,0.2664238022,5139.84,14152.13,95.4545454545,0.0104545455,0.0021320072,182.64266,0.7174182642,92,PASSIVE,,TRADE,,0.005,0.005,-0.015,-0.025,,5,REDUCE
0xe4341ef1a80164018250e518ff69036409f1d7ccf9e82edf145fb62e64cf806f,2026-03-06T19:15:33Z,bitcoin-up-or-down-march-6-2pm-et,Up,SELL,30.6,0.78,0.75,0.76,0.01,0.755,0.7516678681,0.4906865802,9096.76,9442.08,88.8888888889,0.0111111111,0.0032025631,232.662071,0.7152725873,42,PASSIVE,,TRADE,,0.025,0.025,-0.005,-0.015,,3.7255036,REDUCE
0x4621fcb92f5776b2aabfc1794da6805c20956383518b8afbb3c065b0f0a696f3,2026-03-06T19:15:47Z,solana-up-or-down-march-6-2pm-et,Up,SELL,5.71,0.72,0.72,0.73,0.01,0.725,0.7205208333,0.4945050867,2531.51,2587.77,78.2608695652,0.012173913,0.0042174117,250.405771,0.5601791688,54,CROSS,,TRADE,,0,0,-0.015,-0.025,,1.3133000314,REDUCE
0x0f958b159822de9ed66bb85b81f564b20ddb4982d874dac50823ef0a885842df,2026-03-06T19:15:49Z,xrp-up-or-down-march-6-2pm-et,Up,SELL,5.98795,0.8299999165,0.83,0.84,0.01,0.835,0.832,0.1552237475,1740.78,9473.87,66.6666666667,0.0133333333,0.0048154341,229.8714,0.6050286426,24,CROSS,,TRADE,,-0.0050000835,-0.0050000835,-0.0200000835,-0.0300000835,,2.0359025,REDUCE
0x5615726c809b65152aa9c4dbbfb336020b45b2e1981f0c74e018aad9c652531d,2026-03-06T19:17:01Z,bitcoin-up-or-down-march-6-2pm-et,Up,BUY,25,0.79,0.77,0.78,0.01,0.775,0.7704818348,0.4988408387,8933.99,8975.51,100,0.01,0,202.062071,0.7152725873,88,CROSS,,TRADE,,-0.015,-0.015,0.015,-0.02,34,,OPEN
0xb0adbc3f762c9e36d57ecd92398862ff9dc7636a31c94eaa64700cef3745d816,2026-03-06T19:17:03Z,ethereum-up-or-down-march-6-2pm-et,Up,BUY,25,0.86,0.85,0.87,0.02,0.86,0.8686081103,0.3291563895,7222.31,14719.57,100,0.0104347826,0.0020851441,162.64266,0.7174182642,90,PASSIVE,,TRADE,,0,0.015,0.025,0.015,136,,OPEN
0x8998d197e41499ea42d7d2a7e784db5649c670311480966a228f11a740e0a212,2026-03-06T19:17:13Z,xrp-up-or-down-march-6-2pm-et,Up,SELL,20,0.86,0.83,0.85,0.02,0.84,0.8487626519,0.1373990684,1821.09,11432.93,86.3636363636,0.0204545455,0.0048572702,223.88345,0.6050286426,84,PASSIVE,,TRADE,,0.02,0.02,0.01,0.055,,7.4,REDUCE
0xfb7ae5ab611e881349206c3f1b94f907a298ae8b12b3cbd4fa17c754633e0231,2026-03-06T19:17:15Z,xrp-up-or-down-march-6-2pm-et,Up,BUY,20,0.84,0.83,0.85,0.02,0.84,0.8487626519,0.1373990684,1821.09,11432.93,86.9565217391,0.0204347826,0.0047465402,203.88345,0.6050286426,2,PASSIVE,,TRADE,,0,0.01,0.01,-0.035,8,,OPEN
0x3cc90c4af836232c97762ca9c525e126ed204d31c789cee77076480eb2b41f71,2026-03-06T19:17:17Z,xrp-up-or-down-march-6-2pm-et,Up,BUY,30.17,0.84,0.83,0.85,0.02,0.84,0.8487626519,0.1373990684,1821.09,11432.93,87.5,0.0204166667,0.0046430562,223.88345,0.6260191497,2,PASSIVE,,TRADE,,0,0.01,0.01,-0.035,6,,OPEN
0xaad9cf878b0ab583b02a7e86b2251ddc83e6267a859354895a1826d3fd76fe39,2026-03-06T19:17:23Z,xrp-up-or-down-march-6-2pm-et,Up,SELL,10.348836,0.8599999072,0.85,0.86,0.01,0.855,0.8552709256,0.0677825477,919.09,12640.3,4,0.0212,0.0043969687,254.05345,0.6514303467,6,PASSIVE,,TRADE,,0.0049999072,0.0049999072,0.0149999072,0.0299999072,,3.7342754396,REDUCE
0x3ecac5b00974e4c94f250993aec22d81580322cb72d3d2d31b9828629ad843bb,2026-03-06T19:17:23Z,xrp-up-or-down-march-6-2pm-et,Up,SELL,6.581394,0.8599998724,0.85,0.86,0.01,0.855,0.8552709256,0.0677825477,919.09,12640.3,7.6923076923,0.0207692308,0.0048357642,243.704614,0.6514303467,0,PASSIVE,,TRADE,,0.0049998724,0.0049998724,0.0149998724,0.0299998724,,2.3034870602,REDUCE
0x9acf3912e1fcace1688b337ff97a460ee5a5967e74fb231c68749e9d6650fc25,2026-03-06T19:17:33Z,xrp-up-or-down-march-6-2pm-et,Up,BUY,6.25,0.84,0.84,0.86,0.02,0.85,0.8562239927,0.1105421606,1680.62,13522.81,85.1851851852,0.02,0.005547002,237.12322,0.6514303467,10,PASSIVE,,TRADE,,0.01,0.01,-0.01,-0.035,180,,OPEN
0xecdcf80f86fdce6c504283a37d6d226f0bb52cacad4530e4dda0caa151f66f9b,2026-03-06T19:17:35Z,bitcoin-up-or-down-march-6-2pm-et,Up,SELL,25,0.82,0.8,0.81,0.01,0.805,0.8007139018,0.4321235577,8807.43,11574.31,91.3043478261,0.0108695652,0.0028810407,227.062071,0.7235002288,34,PASSIVE,,TRADE,,0.015,0.015,0.045,0.125,,3.3216259,REDUCE
0xbc355a12ba4ac9021857af9aa86080d0ea12745741d81e81faa469c2ee4ac8b7,2026-03-06T19:17:35Z,solana-up-or-down-march-6-2pm-et,Up,BUY,19.84318,0.77,0.76,0.78,0.02,0.77,0.7777743012,0.4802339511,2453.4,2655.36,100,0.0163636364,0.0049236596,244.695771,0.5601791688,108,PASSIVE,,TRADE,,0,0,-0.01,-0.055,178,,OPEN
0xaac0479767e2a61604aefde8019b6327b7e493d61e68db48968d38e6ed1edc00,2026-03-06T19:18:09Z,bitcoin-up-or-down-march-6-2pm-et,Up,SELL,6.99,0.77,0.73,0.74,0.01,0.735,0.7337742548,0.6294348631,8827.44,5196.95,91.3043478261,0.0108695652,0.0028810407,202.062071,0.7235002288,34,PASSIVE,,TRADE,,0.035,0.035,0.065,0.035,,0.5591996001,REDUCE
0x4112651e153e106d7de1287613430ce0be2a2d5a43b09dd86593648411cfaac2,2026-03-06T19:18:09Z,bitcoin-up-or-down-march-6-2pm-et,Up,BUY,25,0.75,0.73,0.74,0.01,0.735,0.7337742548,0.6294348631,8827.44,5196.95,91.6666666667,0.0108333333,0.0028232985,195.072071,0.7235002288,0,CROSS,,TRADE,,-0.015,-0.015,-0.045,-0.015,154,,OPEN
0xb98f887864883497fa18c9165c07ec35554613c63f6b0996be0c61bc3893536c,2026-03-06T19:18:27Z,bitcoin-up-or-down-march-6-2pm-et,Down,BUY,44.58356,0.26,0.29,0.3,0.01,0.295,0.2940137615,0.3794479201,5648.42,9237.47,95.652173913,0.0104347826,0.0020851441,38.354411,0.3903986109,490,PASSIVE,,TRADE,,0.035,0.035,0.025,-0.055,638,,OPEN
0x4902571350fc73b2f06bd5dd5603869f1d319a6679df32cc21ead7aa21ed46b0,2026-03-06T19:19:19Z,ethereum-up-or-down-march-6-2pm-et,Up,SELL,25,0.9,0.91,0.92,0.01,0.915,0.9195107351,0.2825445092,7881.37,20012.89,100,0.01,0,187.64266,0.7364147088,136,CROSS,,TRADE,,-0.015,-0.015,-0.035,-0.025,,7.4676,REDUCE
0xc24b21d49121cc51b9c5c3525c97075634a0ed11f7da58091647bb079cc11da9,2026-03-06T19:19:23Z,solana-up-or-down-march-6-2pm-et,Up,BUY,26.86562,0.83,0.85,0.87,0.02,0.86,0.8632265575,0.1727182628,3274.55,15684.36,100,0.0126086957,0.0044897776,264.538951,0.5759179192,108,PASSIVE,,TRADE,,0.035,0.035,0.035,-0.005,70,,OPEN
0x8dc120695ef8f7805beb085cffc297c082646266fd8cff9384e1e9f1e3d12ae7,2026-03-06T19:19:23Z,xrp-up-or-down-march-6-2pm-et,Up,BUY,4.97743,0.84,0.86,0.87,0.01,0.865,0.8683333333,0.1134513853,1718,13425.05,56.5217391304,0.0143478261,0.005068698,243.37322,0.6562729515,110,PASSIVE,,TRADE,,0.025,0.025,0.05,0.015,70,,OPEN
0xd5867d0f10dd1af28ff46866763f56dd94c5231667799c15c73ed76d55951fd2,2026-03-06T19:19:43Z,bitcoin-up-or-down-march-6-2pm-et,Up,BUY,25,0.82,0.83,0.84,0.01,0.835,0.8395835011,0.3462903851,9093.26,17165.8,95.4545454545,0.0104545455,0.0021320072,220.072071,0.7265105802,94,PASSIVE,,TRADE,,0.015,0.015,-0.005,-0.035,60,,OPEN
0x74feafff1f4eeab0b9755014392303902b2acd7300e976d8ec91150776c12154,2026-03-06T19:19:47Z,bitcoin-up-or-down-march-6-2pm-et,Up,BUY,7.619046,0.7900000866,0.83,0.84,0.01,0.835,0.8395835011,0.3462903851,9093.26,17165.8,95.652173913,0.0104347826,0.0020851441,245.072071,0.7360475115,4,PASSIVE,,TRADE,,0.0449999134,0.0449999134,0.0149999134,-0.0150000866,56,,OPEN
0x9eab9d1ac38c1dfe77672018e870533e49daad1859f0d768cfddec616f81d6b3,2026-03-06T19:20:01Z,ethereum-up-or-down-march-6-2pm-et,Down,BUY,4.283933,0.0600000047,0.08,0.09,0.01,0.085,0.0890378658,0.7203133826,18694.25,7258.69,100,0.01,0,19.448517,0.4600000093,1186,PASSIVE,,TRADE,,0.0249999953,0.0149999953,0.0149999953,0.0249999953,,,OPEN
0xfcb55310719677f2429e1f97be892372eb1c1d8dfc1ee9398aa8c2ba30a1d27b,2026-03-06T19:20:07Z,xrp-up-or-down-march-6-2pm-et,Up,BUY,7.857141,0.8600000942,0.85,0.86,0.01,0.855,0.8533980583,0.163792713,1807.98,9230.24,73.9130434783,0.0126086957,0.0044897776,248.35065,0.6599551988,44,CROSS,,TRADE,,-0.0050000942,-0.0050000942,0.0049999058,-0.0250000942,26,,OPEN
0xc9ba710321f4478ddcb8f29ca6b02287c982a0d13e475549b15f6f990cd044d6,2026-03-06T19:20:09Z,ethereum-up-or-down-march-6-2pm-et,Down,BUY,11.872333,0.0600000017,0.07,0.08,0.01,0.075,0.074041331,0.6909135664,17150.05,7672.23,100,0.01,0,23.73245,0.3877962031,8,PASSIVE,,TRADE,,0.0149999983,0.0149999983,0.0149999983,0.0349999983,,,OPEN
0x839094214a6659b993de1f5a56559372b15e4bbff81b8e5da51b826d3fd917f5,2026-03-06T19:20:09Z,ethereum-up-or-down-march-6-2pm-et,Down,BUY,12.75314,0.05,0.07,0.08,0.01,0.075,0.074041331,0.6909135664,17150.05,7672.23,100,0.01,0,35.604783,0.2784933137,0,PASSIVE,,TRADE,,0.025,0.025,0.025,0.045,,,OPEN
0x32f302a46369af85f48a5cf57309196f1b173266da61f33a0faf9ca21927aed2,2026-03-06T19:20:33Z,solana-up-or-down-march-6-2pm-et,Up,SELL,43,0.83,0.78,0.79,0.01,0.785,0.7801817273,0.4184017683,2173.07,3020.67,77.2727272727,0.0122727273,0.0042893203,291.404571,0.5993426466,70,PASSIVE,,TRADE,,0.045,0.045,0.055,0.12,,14.6200000878,REDUCE
0x21a220625b81fdae9a3e0cb05bc9462f7461fa9fb633113c3c6329f751e44308,2026-03-06T19:20:33Z,xrp-up-or-down-march-6-2pm-et,Up,SELL,35,0.85,0.84,0.85,0.01,0.845,0.8400226255,0.1585219111,1441.24,7650.5,100,0.01,0,256.207791,0.6660899887,26,PASSIVE,,TRADE,,0.01,0.01,0.015,0.055,,11.1103688,REDUCE
0xf354606d995c183ec86cd83d29a1ea7736a7ab92e3b6493bef154cd5e0b0a36d,2026-03-06T19:20:33Z,xrp-up-or-down-march-6-2pm-et,Up,BUY,7.333332,0.8500001091,0.84,0.85,0.01,0.845,0.8400226255,0.1585219111,1441.24,7650.5,100,0.01,0,221.207791,0.6660899887,0,CROSS,,TRADE,,-0.0100001091,-0.0100001091,-0.0150001091,-0.0650001091,748,,OPEN
0x33e5bb8f05e45621dcc88ab1bcbe7d4b1dee16454279403a0a9b4e8590d2e926,2026-03-06T19:20:43Z,ethereum-up-or-down-march-6-2pm-et,Up,SELL,11.59,0.93,0.9,0.91,0.01,0.905,0.9041399329,0.2813586697,7797.29,19915.7,95.4545454545,0.0104545455,0.0021320072,162.64266,0.7364147088,84,PASSIVE,,TRADE,,0.025,0.025,0.03,0.075,,3.2452,REDUCE
0x160ba3445a4c5dec057e976da2af01187bb68662f3386975d8aa52a0da6652ef,2026-03-06T19:20:43Z,bitcoin-up-or-down-march-6-2pm-et,Up,SELL,20,0.81,0.74,0.75,0.01,0.745,0.7429384383,0.6289778712,9022.48,5322.19,95.4545454545,0.0104545455,0.0021320072,252.691117,0.7376742689,56,PASSIVE,,TRADE,,0.075,0.085,0.085,0.165,,1.4371650496,REDUCE
0x025359000ccb26e253083674e6286ff12e5b8ba4227ca54d4ac7270f6baba29e,2026-03-06T19:20:49Z,solana-up-or-down-march-6-2pm-et,Up,SELL,20,0.82,0.78,0.79,0.01,0.785,0.7878277869,0.4549441733,2370.2,2839.67,78.2608695652,0.012173913,0.0042174117,248.404571,0.5993426466,16,PASSIVE,,TRADE,,0.035,0.045,0.045,0.105,,6.27015895,REDUCE
0x277e76380b930a1c7978a4ed31478fd8af9e8bcc50a77f5580f6d878a4d0ac69,2026-03-06T19:20:55Z,bitcoin-up-or-down-march-6-2pm-et,Up,SELL,19.48564,0.7799999897,0.74,0.75,0.01,0.745,0.7434610544,0.6169753156,9048.27,5617.26,95.652173913,0.0104347826,0.0020851441,232.691117,0.7376742689,12,PASSIVE,,TRADE,,0.0549999897,0.0549999897,0.0849999897,0.1449999897,,0.5845689993,REDUCE
0xf8895c0e922988c0ee3a7cc9675b94f3e3762001e7303c0bf68aaf282ccd536a,2026-03-06T19:21:17Z,solana-up-or-down-march-6-2pm-et,Up,BUY,25,0.76,0.7,0.72,0.02,0.71,0.7067823472,0.4833148995,2551.98,2728.18,100,0.012173913,0.0042174117,228.404571,0.5993426466,28,CROSS,,TRADE,,-0.05,-0.05,-0.095,-0.055,20,,OPEN
0xac7ab89ca2c78b9786bb37ffc19edd87d99bf87fea7ce448dd1bd5001fc96d5c,2026-03-06T19:21:17Z,solana-up-or-down-march-6-2pm-et,Down,BUY,5.09,0.21,0.28,0.3,0.02,0.29,0.2923294475,0.5121168358,2709.18,2580.98,100,0.0123809524,0.0043643578,46.367283,0.4700000063,1088,PASSIVE,,TRADE,,0.08,0.085,0.125,0.085,1086,,OPEN
0x382bf476c9263f2b3759220a0f5e8246483cba38d0fa6e6c938878f5b7a8860b,2026-03-06T19:21:19Z,solana-up-or-down-march-6-2pm-et,Down,BUY,0.44,0.22,0.28,0.3,0.02,0.29,0.2923294475,0.5121168358,2709.18,2580.98,100,0.0127272727,0.0045584231,51.457283,0.444281586,2,PASSIVE,,TRADE,,0.07,0.075,0.065,0.075,1084,,OPEN
0xac9a0f8a25500ea28c5ae0c0f82472022717dca88f050afdea08eb7c8f2f6282,2026-03-06T19:21:23Z,xrp-up-or-down-march-6-2pm-et,Up,BUY,20,0.81,0.79,0.8,0.01,0.795,0.7923560209,0.384938513,1567,2503.78,91.3043478261,0.0108695652,0.0028810407,228.541123,0.6719912197,50,CROSS,,TRADE,,-0.015,-0.025,-0.065,-0.065,698,,OPEN
0x8391e72015779b15f111343cd491111eeb190a0729fc8a059764b903f63db169,2026-03-06T19:21:23Z,solana-up-or-down-march-6-2pm-et,Down,BUY,5.09,0.22,0.28,0.3,0.02,0.29,0.2944927536,0.5128041082,2709.18,2573.89,100,0.0130434783,0.0047047197,51.897283,0.4423800626,4,PASSIVE,,TRADE,,0.075,0.075,0.04,0.065,1080,,OPEN
0xc411905a0e3e12672e4e70161fa1cc787981665154dc57757eef21e62517d523,2026-03-06T19:21:31Z,bitcoin-up-or-down-march-6-2pm-et,Down,BUY,20.8,0.3,0.39,0.4,0.01,0.395,0.3988927827,0.5130095275,5211.12,4946.82,95,0.0105,0.002236068,82.937971,0.3203024387,184,PASSIVE,,TRADE,,0.095,0.095,0.075,0.075,454,,OPEN
0x989c475cb4b6f3e4ef1684b4a4f792f726c84bd396d1e72b2048a9e82e2ffab1,2026-03-06T19:21:31Z,solana-up-or-down-march-6-2pm-et,Down,BUY,3.53,0.29,0.32,0.34,0.02,0.33,0.3375460521,0.5875792002,3091.83,2170.15,100,0.0134782609,0.0048698475,56.987283,0.4225174817,8,PASSIVE,,TRADE,,0.045,0.045,0.005,-0.005,1072,,OPEN
0x6a0bb0d4e24a8cee845de1c1d5faa12cfd74aaf67dcd3c85ee8bf988d515a941,2026-03-06T19:21:37Z,solana-up-or-down-march-6-2pm-et,Down,BUY,5.09,0.29,0.32,0.34,0.02,0.33,0.3375460521,0.5875792002,3091.83,2170.15,100,0.01375,0.0049453536,60.517283,0.4147876781,6,PASSIVE,,TRADE,,0.045,0.045,0.015,0.005,1066,,OPEN
0x01b8e5c3395a160cd249e3466bcd3237f929664663a0cd08df85cb10112229f4,2026-03-06T19:21:37Z,solana-up-or-down-march-6-2pm-et,Up,SELL,2.36,0.71,0.66,0.67,0.01,0.665,0.660142962,0.4121959909,2175.15,3101.83,78.2608695652,0.012173913,0.0042174117,253.404571,0.6151925336,20,PASSIVE,,TRADE,,0.045,-0.005,0.015,0.005,,0.354,REDUCE
0x9bb525ad08d3316114d86a6c748d72cc0385b8307144117d98a4b2ef86ff0068,2026-03-06T19:21:39Z,solana-up-or-down-march-6-2pm-et,Up,SELL,5.09,0.71,0.66,0.67,0.01,0.665,0.660142962,0.4121959909,2175.15,3101.83,79.1666666667,0.0120833333,0.0041485112,251.044571,0.6151925336,2,PASSIVE,,TRADE,,0.045,-0.005,0.015,0.005,,0.7635,REDUCE
0xf2ece4e0da184a912b9218e6b63471c57a267fac8a180625355bf50eed81dd83,2026-03-06T19:21:43Z,solana-up-or-down-march-6-2pm-et,Up,SELL,5.09,0.71,0.71,0.73,0.02,0.72,0.7221941748,0.4199095602,2034.55,2810.66,100,0.0116,0.0037416574,245.954571,0.6151925336,4,CROSS,,TRADE,,-0.01,-0.01,0.005,0.005,,0.7635,REDUCE
0x039e0fe56b18da02cf2c4649454030beb22f3f2f890ca742683edfe00f2b6113,2026-03-06T19:21:45Z,ethereum-up-or-down-march-6-2pm-et,Down,BUY,20,0.12,0.14,0.15,0.01,0.145,0.1427586207,0.590855122,10669.39,7388.15,80,0.012,0.0041039134,48.357923,0.2182341661,96,PASSIVE,,TRADE,,0.025,0.025,0.025,0.065,,,OPEN
0xdb30ded4f6465ef6d8c1b928bb8c9f03789925fb7d1161346ad2d08d39e5de88,2026-03-06T19:21:47Z,xrp-up-or-down-march-6-2pm-et,Down,BUY,4.95842,0.24,0.25,0.26,0.01,0.255,0.2585099338,0.6250311104,2662.02,1597,85,0.0115,0.0036634755,19.975238,0.4451924478,554,PASSIVE,,TRADE,,0.015,0.015,0.02,0.05,1462,,OPEN
0xfddc7b91fe72e5d99a8a90549e3855db16241265e53cbdb1172f5266ee9e40d1,2026-03-06T19:21:51Z,xrp-up-or-down-march-6-2pm-et,Down,BUY,20,0.25,0.25,0.26,0.01,0.255,0.2585099338,0.6250311104,2662.02,1597,85.7142857143,0.0114285714,0.0035856858,24.933658,0.4043869496,4,PASSIVE,,TRADE,,0.005,0.025,0.005,0.035,1458,,OPEN
0x3df3ac20db0dde9462d68f5f609154ca80555a81142b2519365e0243b4b81f52,2026-03-06T19:22:29Z,bitcoin-up-or-down-march-6-2pm-et,Down,BUY,25,0.36,0.41,0.42,0.01,0.415,0.4194163651,0.396121779,5452.85,8312.74,100,0.01,0,103.737971,0.3162316947,58,PASSIVE,,TRADE,,0.055,0.055,0.055,0.065,396,,OPEN
0x40e55e09fb3b5b693e6ab33d017f4cc993197fae499bb3c95dab3d9da7bf6f61,2026-03-06T19:23:29Z,bitcoin-up-or-down-march-6-2pm-et,Down,BUY,25,0.41,0.38,0.39,0.01,0.385,0.3824630542,0.4879360785,5460.6,5730.62,91.3043478261,0.0108695652,0.0028810407,128.737971,0.3247311889,60,CROSS,,TRADE,,-0.025,-0.025,-0.095,0.005,336,,OPEN
0xeeaa294f09c7ab6fac4188af20a2891c4be3eff1ff3325558301b38461cd4723,2026-03-06T19:23:45Z,solana-up-or-down-march-6-2pm-et,Up,BUY,4.94281,0.69,0.76,0.77,0.01,0.765,0.7691525424,0.5269894268,2632.66,2363,95.4545454545,0.0104545455,0.0021320072,240.864571,0.6151925336,122,PASSIVE,,TRADE,,0.075,0.075,0.015,0.015,658,,OPEN
0xb19a4c6ddec41451a25ff8f5c2f60ddba08cddfc91f13952a09b6df0f1a980ac,2026-03-06T19:23:55Z,solana-up-or-down-march-6-2pm-et,Up,BUY,4.9492,0.72,0.72,0.73,0.01,0.725,0.7287179487,0.4906838938,2662.23,2763.32,95.652173913,0.0104347826,0.0020851441,245.807381,0.6166967972,10,PASSIVE,,TRADE,,0.005,0.005,-0.015,-0.015,648,,OPEN
0x9d46e06f21c974cae1438f65d43579d02c46b570686ef6af1e3178b4fb167052,2026-03-06T19:23:57Z,solana-up-or-down-march-6-2pm-et,Up,BUY,15.76026,0.75,0.72,0.73,0.01,0.725,0.7287179487,0.4906838938,2662.23,2763.32,95.8333333333,0.0104166667,0.0020412415,250.756581,0.6187356997,2,CROSS,,TRADE,,-0.025,-0.025,-0.045,-0.045,646,,OPEN
0x84d226d0159d17d69faa253e4538d33249aa3ffca117869db20d723f52bcb10c,2026-03-06T19:25:09Z,xrp-up-or-down-march-6-2pm-et,Up,BUY,6.07,0.73,0.7,0.71,0.01,0.705,0.703125,0.4208734368,1607,2211.25,78.2608695652,0.012173913,0.0042174117,248.541123,0.6830967284,226,CROSS,,TRADE,,-0.035,-0.035,-0.045,-0.065,472,,OPEN
0x211e5d678c67d219ef6ede71d5f046a6bf45f9c116e7ad7a7b0e277ec0f6ee75,2026-03-06T19:25:21Z,bitcoin-up-or-down-march-6-2pm-et,Down,BUY,9.46033,0.48,0.46,0.47,0.01,0.465,0.4655111139,0.3863917244,4983.58,7914.16,100,0.01,0,153.737971,0.338597121,112,CROSS,,TRADE,,-0.015,-0.015,0.015,0.035,224,,OPEN
0x39f78354a1903c93c0b1f3a1c2ab6ff733cffe9fcf121c52f5da884ea9804208,2026-03-06T19:25:29Z,bitcoin-up-or-down-march-6-2pm-et,Down,BUY,25,0.49,0.49,0.5,0.01,0.495,0.4912215248,0.512492167,5806.69,5523.61,100,0.01,0,163.198301,0.3467940072,8,PASSIVE,,TRADE,,0.005,0.005,0.005,0.035,216,,OPEN
0xee44ba6f3c5b17c0ac1106d44ee4e3c867e7b5565342443e657fcdae4759032c,2026-03-06T19:25:37Z,bitcoin-up-or-down-march-6-2pm-et,Down,BUY,25,0.44,0.49,0.5,0.01,0.495,0.4912215248,0.512492167,5806.69,5523.61,100,0.01,0,188.198301,0.3658172917,8,PASSIVE,,TRADE,,0.055,0.055,0.065,0.065,208,,OPEN
0xaa06758dbe4be0a6b6d55373d85fc81fa4c6eda6fc722c61c63a900db563fb14,2026-03-06T19:25:43Z,xrp-up-or-down-march-6-2pm-et,Down,BUY,5.7971,0.31,0.32,0.33,0.01,0.325,0.3240590406,0.5781826096,2231.49,1628,77.2727272727,0.0122727273,0.0042893203,44.933658,0.3356692193,232,PASSIVE,,TRADE,,0.015,0.015,0.035,0.01,1226,,OPEN
0x1a5a182b9b98f63bce2472149d4330449aacda707a5fe06fa12d07f232cb1c95,2026-03-06T19:26:03Z,solana-up-or-down-march-6-2pm-et,Down,BUY,5.21,0.34,0.34,0.36,0.02,0.35,0.3429850746,0.5134415233,2789.23,2643.19,100,0.0113636364,0.0035125009,65.607283,0.4051062944,266,PASSIVE,,TRADE,,0.01,0.01,0.015,-0.005,800,,OPEN
0x9ebd604742f45faef68f7bfa79eb19e3f9b034d60d8fe9f8dc0cfc01aaeef3dc,2026-03-06T19:26:09Z,bitcoin-up-or-down-march-6-2pm-et,Down,BUY,25,0.5,0.51,0.52,0.01,0.515,0.519656838,0.6102019432,9369.84,5985.47,100,0.01,0,213.198301,0.3745160839,32,PASSIVE,,TRADE,,0.015,0.015,0.005,-0.065,176,,OPEN
0xf0f013540cc7133682b4e589bc3f0ba40776692d69908fc7f3cce2dd80168255,2026-03-06T19:26:13Z,solana-up-or-down-march-6-2pm-et,Down,BUY,4.1,0.34,0.34,0.36,0.02,0.35,0.3440782123,0.5134415233,2789.23,2643.19,100,0.0117391304,0.0038755339,70.817283,0.4003164496,10,PASSIVE,,TRADE,,0.01,0.01,-0.035,0.01,790,,OPEN
0xff948f250a7f04c5d8d157bfdd0522ae796d85160f5cac90f80a57220957f3b8,2026-03-06T19:26:15Z,solana-up-or-down-march-6-2pm-et,Down,BUY,25,0.32,0.34,0.36,0.02,0.35,0.3440782123,0.5134415233,2789.23,2643.19,100,0.0120833333,0.0041485112,74.917283,0.3970155098,2,PASSIVE,,TRADE,,0.03,0.03,0.005,0.03,788,,OPEN
0x24563d06b6518f1b437489cfd36e676b0d78de91097db1a4e54c8a39feaef731,2026-03-06T19:27:09Z,solana-up-or-down-march-6-2pm-et,Up,BUY,42.491,0.68,0.64,0.65,0.01,0.645,0.6485634661,0.5099210848,2541.36,2442.47,72.7272727273,0.0127272727,0.0045584231,266.516841,0.626497909,192,CROSS,,TRADE,,-0.035,-0.035,0.015,-0.055,454,,OPEN
0xe71728dca268d2ecff90d281a4d9a4d4c5171284f66bdf7161e70e6797cefe38,2026-03-06T19:27:19Z,xrp-up-or-down-march-6-2pm-et,Up,BUY,18.5,0.72,0.75,0.76,0.01,0.755,0.7506830601,0.4170963365,1537,2148,100,0.01,0,254.611123,0.6842149155,130,PASSIVE,,TRADE,,0.035,0.035,0.025,-0.045,342,,OPEN
0x672670125c7e7cbb71e6a59856e4407916c36e337aad04d57f5c58806cfef294,2026-03-06T19:27:19Z,xrp-up-or-down-march-6-2pm-et,Up,BUY,4.94701,0.71,0.75,0.76,0.01,0.755,0.7506830601,0.4170963365,1537,2148,100,0.01,0,273.111123,0.6866389254,0,PASSIVE,,TRADE,,0.045,0.045,0.035,-0.035,342,,OPEN
0xc9c7dfedc13a5adc48c8d9e2cbd8b2e14e34cf7b44112fbc259d893c8e25ec76,2026-03-06T19:27:33Z,bitcoin-up-or-down-march-6-2pm-et,Up,BUY,12,0.61,0.54,0.55,0.01,0.545,0.5404367448,0.3381085733,4824.62,9444.82,100,0.01,0,213.205477,0.7376742689,398,CROSS,,TRADE,,-0.065,-0.065,-0.095,-0.065,854,,OPEN
0xaabd26717df3a87012bd464cbcb460731b49eaae4b5b1d5a220257005607649e,2026-03-06T19:27:53Z,ethereum-up-or-down-march-6-2pm-et,Up,BUY,25,0.86,0.86,0.87,0.01,0.865,0.8617401739,0.4111024294,7702.67,11033.95,77.2727272727,0.0122727273,0.0042893203,151.05266,0.7364147088,430,PASSIVE,,TRADE,,0.005,0.005,0.005,-0.005,72,,OPEN
0x74f162da4c96f833774e66bf760c2500e9e5e3e9b7b54b29c2675daf03975517,2026-03-06T19:27:59Z,xrp-up-or-down-march-6-2pm-et,Down,BUY,9.8984,0.28,0.31,0.32,0.01,0.315,0.3141666667,0.5622778145,2304.49,1794,90.9090909091,0.0109090909,0.0029424494,50.730758,0.3327359489,136,PASSIVE,,TRADE,,0.035,0.035,0.035,0.045,1090,,OPEN
0x67af265dc29cc958db82c931a13566fbc88bd438c128e6a1658a287546254c20,2026-03-06T19:28:05Z,solana-up-or-down-march-6-2pm-et,Down,BUY,19.296875,0.36,0.36,0.37,0.01,0.365,0.3601362398,0.4593943784,2524,2970.19,50,0.015,0.0051176632,99.917283,0.3777456929,110,PASSIVE,,TRADE,,0.005,0.005,0,0,678,,OPEN
0xf6dd579cea48e5c8db5db39a298b48fc6e0e0573aa54b19114e809c2c25e3a07,2026-03-06T19:28:05Z,xrp-up-or-down-march-6-2pm-et,Down,BUY,9.87779,0.33,0.31,0.32,0.01,0.315,0.3141666667,0.5622778145,2304.49,1794,91.3043478261,0.0108695652,0.0028810407,60.629158,0.3241262051,6,CROSS,,TRADE,,-0.015,-0.015,-0.035,-0.015,1084,,OPEN
0x79a94631bf792c34101afc403c7675fa4f47f89ecceb7ac45b42bac9fe2ca820,2026-03-06T19:28:13Z,solana-up-or-down-march-6-2pm-et,Down,BUY,10.86,0.37,0.36,0.37,0.01,0.365,0.3601362398,0.4593943784,2524,2970.19,52.1739130435,0.0147826087,0.0051075392,119.214158,0.3748732453,8,CROSS,,TRADE,,-0.005,-0.01,-0.005,-0.02,670,,OPEN
0x41c316cd746fd1ee13c2249e0dd0bf8ab07b5194c4b0ec7fc47db8f7799377f6,2026-03-06T19:28:39Z,xrp-up-or-down-march-6-2pm-et,Down,BUY,20,0.29,0.29,0.3,0.01,0.295,0.2979500996,0.5573918554,2234.06,1774,92,0.0108,0.0027688746,70.506948,0.3249491043,34,PASSIVE,,TRADE,,0.005,0.015,0,-0.005,1050,,OPEN
0x07ffab277e2fa7fb0cb7c37bc8dfb907106de7403992cf65be0c76f555ff2e0b,2026-03-06T19:28:45Z,bitcoin-up-or-down-march-6-2pm-et,Down,BUY,25,0.45,0.45,0.46,0.01,0.455,0.4588035594,0.5022372612,5585.25,5535.49,95.4545454545,0.0104545455,0.0021320072,238.198301,0.3876861942,156,PASSIVE,,TRADE,,0.005,0.005,0.005,-0.025,20,,OPEN
0xe049984b1333c4a16029dd8d6c0d68dc664a24f2c0c145cb369e31426ca071d8,2026-03-06T19:28:47Z,bitcoin-up-or-down-march-6-2pm-et,Down,BUY,25,0.44,0.45,0.46,0.01,0.455,0.4588035594,0.5022372612,5585.25,5535.49,95.652173913,0.0104347826,0.0020851441,263.198301,0.3936050969,2,PASSIVE,,TRADE,,0.015,0.015,0.015,-0.015,18,,OPEN
0xc8744e85b78e962ef2168feb7de961abb1643630ea40d35c33de41b1ac9d1ad7,2026-03-06T19:28:49Z,ethereum-up-or-down-march-6-2pm-et,Down,BUY,4.977007,0.1300000181,0.12,0.14,0.02,0.13,0.1280418175,0.5965143163,11594.58,7842.64,100,0.0118181818,0.0039477102,68.357923,0.1894930453,424,PASSIVE,,TRADE,,-0.0000000181,-0.0000000181,-0.0000000181,-0.0050000181,,,OPEN
0xdd9dec9b599611ff3ddbf3b8e93f9a1f79edca6d8bef2599c9e636f3721016ed,2026-03-06T19:29:05Z,ethereum-up-or-down-march-6-2pm-et,Up,SELL,2.32558,0.859999656,0.86,0.88,0.02,0.87,0.871495778,0.4040988384,7862.64,11594.58,100,0.012173913,0.0042174117,176.05266,0.7539641868,72,CROSS,,TRADE,,-0.010000344,-0.010000344,-0.015000344,-0.035000344,,0.488371,REDUCE
0x6fa963a5d6ab9ebcb81761dbb5faae9e4f0815165ddce52f9cd1f2af4e2d4591,2026-03-06T19:29:05Z,bitcoin-up-or-down-march-6-2pm-et,Down,SELL,10,0.5,0.45,0.46,0.01,0.455,0.4588775868,0.5022372612,5585.25,5535.49,95.8333333333,0.0104166667,0.0020412415,288.198301,0.3976296612,18,PASSIVE,,TRADE,,0.045,0.045,0.065,0.095,,1.01428566,REDUCE
0x0ed9ef8f6fee33fd9d7fcf1c2daa3d7581a94f84a848f990ae511d27286b5476,2026-03-06T19:29:19Z,bitcoin-up-or-down-march-6-2pm-et,Down,BUY,25,0.44,0.43,0.44,0.01,0.435,0.4303217193,0.502574218,5449.95,5394.12,92,0.0108,0.0027688746,278.198301,0.3976296612,14,CROSS,,TRADE,,-0.005,-0.005,-0.005,-0.055,198,,OPEN
0x83d8b67fb639d690d6da93fbfec9ed08b3e8fb7f311c4561816b31e675617f6e,2026-03-06T19:29:39Z,ethereum-up-or-down-march-6-2pm-et,Down,BUY,6.85,0.12,0.12,0.13,0.01,0.125,0.1270422535,0.598208402,11374.52,7639.79,73.9130434783,0.0126086957,0.0044897776,73.33493,0.1854554439,50,PASSIVE,,TRADE,,0.005,0.005,-0.015,-0.005,,,OPEN
0x6e500854a1d35976fd7b9933b1545e590b5ff57f29f1b6429e60d6fed9f59428,2026-03-06T19:29:47Z,ethereum-up-or-down-march-6-2pm-et,Down,BUY,4.988633,0.120000008,0.12,0.13,0.01,0.125,0.1270422535,0.598208402,11374.52,7639.79,75,0.0125,0.0044232587,80.18493,0.1798637475,8,PASSIVE,,TRADE,,0.004999992,-0.005000008,-0.005000008,-0.005000008,,,OPEN
0x3c3777c8b21c6ddd855efc8b853b660b0e7c17f5db258d3a98abd60b3ae671a5,2026-03-06T19:30:15Z,solana-up-or-down-march-6-2pm-et,Up,BUY,5.01,0.74,0.72,0.73,0.01,0.725,0.7260281998,0.4917837866,2460.95,2543.18,52.1739130435,0.0156521739,0.0066237088,309.007841,0.6338548658,186,CROSS,,TRADE,,-0.015,-0.015,-0.045,-0.05,268,,OPEN
0x871b9aa3ccd92ac37229899fb5c4c1a419bf3e661565e9c50efb4b5a72741340,2026-03-06T19:30:15Z,xrp-up-or-down-march-6-2pm-et,Down,BUY,9.333332,0.25,0.21,0.23,0.02,0.22,0.2278378378,0.4725484792,1611.74,1799,100,0.0113043478,0.0034435022,90.506948,0.3172261383,96,CROSS,,TRADE,,-0.04,-0.03,-0.015,-0.025,954,,OPEN
0xbc4c27a308f53c72f3eb9084bf45b8209cf9d84f4b0c21e263533289a5a5c636,2026-03-06T19:30:17Z,bitcoin-up-or-down-march-6-2pm-et,Up,BUY,25,0.59,0.61,0.62,0.01,0.615,0.6176552572,0.4859401718,4890.74,5173.75,91.3043478261,0.0108695652,0.0028810407,225.205477,0.7308711874,164,PASSIVE,,TRADE,,0.035,0.025,-0.025,-0.005,690,,OPEN
0x6e394434a216aaa41cec6af797ea0b22ed088bec559a6f0c99e088ff36d7220c,2026-03-06T19:30:17Z,ethereum-up-or-down-march-6-2pm-et,Down,BUY,12.2,0.1,0.1,0.11,0.01,0.105,0.1004142257,0.6542313104,15129.4,7996.06,92,0.0108,0.0027688746,85.173563,0.176357516,30,PASSIVE,,TRADE,,-0.005,-0.005,0.015,0.005,,,OPEN
0x8cfd18959206f24fd82030a81764819dc61d2b0ed2fff944db9142a095ef0f9e,2026-03-06T19:30:17Z,solana-up-or-down-march-6-2pm-et,Down,BUY,5.410955,0.2700000277,0.27,0.28,0.01,0.275,0.2707012623,0.4816608053,2544.72,2738.5,47.8260869565,0.0156521739,0.0058976782,130.074158,0.374466374,124,PASSIVE,,TRADE,,0.0049999723,0.0049999723,0.0449999723,0.0399999723,546,,OPEN
0xd53f7d436ff0d5c50df8c0921f8f75a4f5e9367d445b45e2ef90f81c8e9ce053,2026-03-06T19:30:19Z,solana-up-or-down-march-6-2pm-et,Down,BUY,1.369862,0.2700001898,0.27,0.28,0.01,0.275,0.2707012623,0.4816608053,2544.72,2738.5,50,0.0154166667,0.0058822997,135.485113,0.3702942352,2,PASSIVE,,TRADE,,0.0049998102,0.0049998102,0.0449998102,0.0399998102,544,,OPEN
0xddd3aec0d07f0ccaf619959ea64c77a3f6558ab407b9a858d06f808a93340303,2026-03-06T19:30:19Z,solana-up-or-down-march-6-2pm-et,Down,BUY,2.722221,0.2800000441,0.27,0.28,0.01,0.275,0.2704011768,0.4845053693,2488.25,2647.4,52,0.0152,0.0058594653,136.854975,0.3692903331,0,CROSS,,TRADE,,-0.0050000441,-0.0050000441,0.0349999559,0.0299999559,544,,OPEN
0xd418230ab8c93d40cbab8a31b2c11c487932652e7bc34dbaff349deff3f75c7c,2026-03-06T19:30:19Z,solana-up-or-down-march-6-2pm-et,Down,BUY,1.388885,0.280000144,0.27,0.28,0.01,0.275,0.2704011768,0.4845053693,2488.25,2647.4,53.8461538462,0.015,0.0058309519,139.577196,0.3675488745,0,CROSS,,TRADE,,-0.005000144,-0.005000144,0.034999856,0.029999856,544,,OPEN
0x40661c9a0b3e29461362b21b2b3c8f4ff0b1ed62ef94afb7d5c62a0740fd1533,2026-03-06T19:30:21Z,bitcoin-up-or-down-march-6-2pm-et,Down,BUY,25,0.41,0.37,0.38,0.01,0.375,0.3704543937,0.429770721,3240.54,4299.62,91.6666666667,0.0108333333,0.0028232985,303.198301,0.4011232773,62,CROSS,,TRADE,,-0.045,-0.025,0.015,0.005,136,,OPEN
0xe6a6955393e3952bfa5cae64569b9990aa9f004fc50ef9315737d5f65aed8157,2026-03-06T19:30:27Z,solana-up-or-down-march-6-2pm-et,Down,BUY,2.112675,0.2900001183,0.3,0.32,0.02,0.31,0.3013333333,0.5240003709,1525.8,1386.03,96.1538461538,0.015,0.0058309519,140.966081,0.3666862903,8,PASSIVE,,TRADE,,0.0149998817,0.0149998817,0.0149998817,0.0349998817,536,,OPEN
0x659f4f24f56578fa38873408d54fc404ccc12603bac4103ea454808b563f67fa,2026-03-06T19:30:31Z,xrp-up-or-down-march-6-2pm-et,Down,BUY,8.974354,0.2200000134,0.23,0.24,0.01,0.235,0.2384904795,0.5088818361,982.89,948.58,86.9565217391,0.0113043478,0.0034435022,99.84028,0.310941662,16,PASSIVE,,TRADE,,0.0149999866,0.0149999866,0.0299999866,0.0049999866,938,,OPEN
0x13cbc95a86e28db85de150b0c6460bdf8991e8668431855e48dc0e27e2675785,2026-03-06T19:30:31Z,solana-up-or-down-march-6-2pm-et,Down,BUY,9.58904,0.2700000209,0.3,0.31,0.01,0.305,0.302,0.5331553586,1525.8,1336.03,55.5555555556,0.0148148148,0.0057981233,143.078756,0.3655539562,4,PASSIVE,,TRADE,,0.0349999791,0.0349999791,0.0349999791,0.0549999791,532,,OPEN
0xb13f297d7b7122c348a686c412b34f416fa5354ccc73966adeaa583d9570a9b0,2026-03-06T19:30:33Z,solana-up-or-down-march-6-2pm-et,Down,BUY,1.369862,0.2700001898,0.3,0.31,0.01,0.305,0.302,0.5331553586,1525.8,1336.03,57.1428571429,0.0146428571,0.0057620359,152.667796,0.3595522287,2,PASSIVE,,TRADE,,0.0349998102,0.0349998102,0.0349998102,0.0549998102,530,,OPEN
0xf1e31659d1799f8b90dec3a3cccc3a0302b997eb7ee922f90a33b679123b5a6a,2026-03-06T19:32:37Z,bitcoin-up-or-down-march-6-2pm-et,Down,SELL,25,0.44,0.39,0.4,0.01,0.395,0.3990154051,0.5148822089,4951.2,4664.98,95.652173913,0.0104347826,0.0020851441,328.198301,0.401799448,136,PASSIVE,,TRADE,,0.045,0.045,0.055,0.105,,1.461904711,REDUCE
0x70b46431c7aca3bba0c3e3adeb57b143660c1c03244c014c2d8c49aa6d74f1c2,2026-03-06T19:32:39Z,bitcoin-up-or-down-march-6-2pm-et,Down,BUY,0.25,0.41,0.39,0.4,0.01,0.395,0.3990154051,0.5148822089,4951.2,4664.98,95.8333333333,0.0104166667,0.0020412415,303.198301,0.401799448,2,CROSS,,TRADE,,-0.015,-0.015,-0.015,-0.075,360,,OPEN
0xdc2346197ade96f9cebbd3fa9977a97446ed90094742165cde8ac3c13adc34c7,2026-03-06T19:32:39Z,bitcoin-up-or-down-march-6-2pm-et,Down,BUY,0.07,0.41,0.39,0.4,0.01,0.395,0.3990154051,0.5148822089,4951.2,4664.98,96,0.0104,0.002,303.448301,0.4018062041,0,CROSS,,TRADE,,-0.015,-0.015,-0.015,-0.075,360,,OPEN
0xa0b855a42207f51f69af49c0a7ecc28542be9ee9ca24e07a7018609761230df4,2026-03-06T19:32:39Z,bitcoin-up-or-down-march-6-2pm-et,Down,BUY,0.13,0.41,0.39,0.4,0.01,0.395,0.3990154051,0.5148822089,4951.2,4664.98,96.1538461538,0.0103846154,0.0019611614,303.518301,0.4018080938,0,CROSS,,TRADE,,-0.015,-0.015,-0.015,-0.075,360,,OPEN
0xcdd714d5b9fb62198f333d3f3347e30a6b463efb68e2b68bc604c84e87e21d02,2026-03-06T19:32:39Z,bitcoin-up-or-down-march-6-2pm-et,Down,BUY,0.35,0.41,0.39,0.4,0.01,0.395,0.3990154051,0.5148822089,4951.2,4664.98,96.2962962963,0.0103703704,0.0019245009,303.648301,0.401811601,0,CROSS,,TRADE,,-0.015,-0.015,-0.015,-0.075,360,,OPEN
0x2577f805e932417ea99ad49fbe97f23789bba8bdbdbafcf16d633c784f2ad1ae,2026-03-06T19:32:59Z,bitcoin-up-or-down-march-6-2pm-et,Down,BUY,8.064515,0.3800000372,0.33,0.34,0.01,0.335,0.3391489701,0.4828897047,5035.4,5392.24,100,0.01,0,303.998301,0.4018210285,20,CROSS,,TRADE,,-0.0450000372,-0.0450000372,-0.0450000372,0.0049999628,340,,OPEN
0x54cbb4c5d3fa4e84a592d4631aed513e25142ba2c44898c017233e24e34fe194,2026-03-06T19:33:01Z,xrp-up-or-down-march-6-2pm-et,Up,SELL,20,0.82,0.85,0.86,0.01,0.855,0.8531842063,0.171197386,1776.19,8598.91,59.0909090909,0.0140909091,0.0050323628,278.058133,0.6870545488,342,CROSS,,TRADE,,-0.035,-0.035,-0.035,-0.005,,5.4183140679,REDUCE
0x79451e1c9939d1625b95028ebf3d23c1068f52475f607382a5b74ad8db2c20e7,2026-03-06T19:33:05Z,xrp-up-or-down-march-6-2pm-et,Up,SELL,0.094095,0.8299909666,0.85,0.86,0.01,0.855,0.8531842063,0.171197386,1776.19,8598.91,60.8695652174,0.0139130435,0.0049901088,258.058133,0.6870545488,4,CROSS,,TRADE,,-0.0250090334,-0.0250090334,-0.0250090334,0.0049909666,,0.0258453512,REDUCE
0x2a89be211abde7c3736a6b4746f4cb0a329a61ad1c6ca17ca7a99a1b3ad595b0,2026-03-06T19:33:07Z,xrp-up-or-down-march-6-2pm-et,Up,SELL,2.072288,0.8299999807,0.85,0.86,0.01,0.855,0.8531842063,0.171197386,1776.19,8598.91,62.5,0.01375,0.0049453536,257.964038,0.6870545488,2,CROSS,,TRADE,,-0.0250000193,-0.0250000193,-0.0350000193,0.0049999807,,0.5692201364,REDUCE
0x0f09966216beed4c409d8cc8f3256cad0735b777119c3ed85cde508d9ffd6364,2026-03-06T19:33:07Z,xrp-up-or-down-march-6-2pm-et,Up,SELL,2.048191,0.8299997412,0.85,0.86,0.01,0.855,0.8531842063,0.171197386,1776.19,8598.91,64,0.0136,0.0048989795,255.89175,0.6870545488,0,CROSS,,TRADE,,-0.0250002588,-0.0250002588,-0.0350002588,0.0049997412,,0.5626006346,REDUCE
0x7b3aa7e301a556a31996d5663d57300ef3fa341bf6d7111d01cd522de6af43da,2026-03-06T19:33:09Z,xrp-up-or-down-march-6-2pm-et,Up,SELL,2.096384,0.8299996566,0.85,0.86,0.01,0.855,0.8531842063,0.171197386,1776.19,8598.91,65.3846153846,0.0134615385,0.0048516452,253.843559,0.6870545488,2,CROSS,,TRADE,,-0.0250003434,-0.0250003434,-0.0350003434,0.0049996566,,0.5758381935,REDUCE
0x9fee7775115619a1b2a1ba7bb07f25ebf255e28a998b7fba8cd263e1b34ee56b,2026-03-06T19:33:11Z,xrp-up-or-down-march-6-2pm-et,Up,SELL,2.144577,0.8299995757,0.85,0.86,0.01,0.855,0.8531842063,0.171197386,1776.19,8598.91,66.6666666667,0.0133333333,0.0048038446,251.747175,0.6870545488,2,CROSS,,TRADE,,-0.0250004243,-0.0250004243,-0.0350004243,-0.0050004243,,0.5890757523,REDUCE
0x40e8523d7eee0306e0090b4da1bd432049a666e7ddd6ea442bc554687bec545f,2026-03-06T19:33:11Z,xrp-up-or-down-march-6-2pm-et,Up,SELL,2.12048,0.8299998114,0.85,0.86,0.01,0.855,0.8531842063,0.171197386,1776.19,8598.91,67.8571428571,0.0132142857,0.0047559487,249.602598,0.6870545488,0,CROSS,,TRADE,,-0.0250001886,-0.0250001886,-0.0350001886,-0.0050001886,,0.5824572505,REDUCE
0x6659182c0629b481f286943a8144f381c408b490b2d9771a97c71e599b8bf2bc,2026-03-06T19:33:43Z,solana-up-or-down-march-6-2pm-et,Up,BUY,12.5,0.68,0.63,0.65,0.02,0.64,0.6470353778,0.5083122911,2737.77,2648.23,100,0.0136363636,0.0049236596,314.017841,0.6355483592,208,CROSS,,TRADE,,-0.04,-0.04,-0.025,-0.035,60,,OPEN
0x60caa7d44461756d9a2b0e1ef484f7ff9dbd23b0dbf8d5a9b91d75b3ceda6667,2026-03-06T19:34:43Z,solana-up-or-down-march-6-2pm-et,Up,SELL,10,0.69,0.64,0.65,0.01,0.645,0.6455555556,0.5755583581,2765.65,2039.51,72.7272727273,0.0131818182,0.0056790036,326.517841,0.6372500901,60,PASSIVE,,TRADE,,0.035,0.035,0.035,0.015,,1.3,REDUCE
0xda9be84d39afae43648e395907cd1b6bca7fe03a1d24bc39fa393e434e47289b,2026-03-06T19:34:47Z,solana-up-or-down-march-6-2pm-et,Up,SELL,15,0.69,0.64,0.65,0.01,0.645,0.6455555556,0.5755583581,2765.65,2039.51,73.9130434783,0.0130434783,0.00558796,316.517841,0.6372500901,4,PASSIVE,,TRADE,,0.035,0.035,0.015,0.005,,2.1056649,REDUCE
0x71a3d5e2ed21c2b31b09b02db3c63f1318c1292f9fc7344c77e7324b09d18702,2026-03-06T19:35:23Z,xrp-up-or-down-march-6-2pm-et,Up,SELL,5,0.87,0.86,0.87,0.01,0.865,0.8602688172,0.1289976145,1672,11289.48,91.3043478261,0.0108695652,0.0028810407,247.482118,0.6870545488,132,PASSIVE,,TRADE,,0.005,0.005,0.015,-0.025,,1.573409913,REDUCE
0x1e3c4dc2c76724087897f02206834f10eacb8394467b423637aadd40f2788574,2026-03-06T19:36:03Z,bitcoin-up-or-down-march-6-2pm-et,Up,BUY,16,0.66,0.64,0.66,0.02,0.65,0.6426341027,0.5468680199,5839.32,4838.43,100,0.012173913,0.0042174117,250.205477,0.7167956374,346,CROSS,,TRADE,,-0.01,-0.01,-0.005,-0.035,344,,OPEN
0xd58b41fdd76d603046ea0fa693ef3a56b5a53add9c7a8c1c54531047f8e254ee,2026-03-06T19:36:33Z,solana-up-or-down-march-6-2pm-et,Up,BUY,15,0.68,0.67,0.69,0.02,0.68,0.6820772947,0.5192177298,2871.57,2659,100,0.0113043478,0.0034435022,301.517841,0.6372500901,106,PASSIVE,,TRADE,,0,0.005,0.025,0.035,804,,OPEN
0x6659117906f6bc265aa528856b13b43dcfd50f25d6cd6198c2a3859e43e952de,2026-03-06T19:36:39Z,bitcoin-up-or-down-march-6-2pm-et,Up,BUY,2.857141,0.6500001225,0.62,0.63,0.01,0.625,0.6212394369,0.4965515104,5126.8,5198.01,83.3333333333,0.0116666667,0.0038069349,266.205477,0.7133819954,36,CROSS,,TRADE,,-0.0250001225,-0.0250001225,-0.0250001225,-0.0450001225,308,,OPEN
0x8af67a34fb37d0eb8468796694c84f0ee966080e13b4c6bd353530c393dbd08c,2026-03-06T19:36:39Z,bitcoin-up-or-down-march-6-2pm-et,Up,BUY,18,0.65,0.62,0.63,0.01,0.625,0.6212394369,0.4965515104,5126.8,5198.01,84,0.0116,0.0037416574,269.062618,0.7127089515,0,CROSS,,TRADE,,-0.025,-0.025,-0.025,-0.045,308,,OPEN
0xa0e10ecc977fa324841065420846e961dd4f20ac73aa5212ca8b0b71844399ad,2026-03-06T19:37:29Z,xrp-up-or-down-march-6-2pm-et,Up,BUY,7.5,0.92,0.88,0.89,0.01,0.885,0.8814767777,0.0960984159,1605.99,15105.94,90.9090909091,0.0109090909,0.0029424494,242.482118,0.6870545488,126,CROSS,,TRADE,,-0.035,-0.035,-0.025,-0.055,420,,OPEN
0x55f73ea2aac912e876953e3fc118eb5f73ee248b899b2c1cd2c3a4761c15c5c9,2026-03-06T19:37:39Z,ethereum-up-or-down-march-6-2pm-et,Down,BUY,25,0.03,0.04,0.05,0.01,0.045,0.0496634615,0.5985283961,10321.7,6923.43,90.9090909091,0.0109090909,0.0029424494,97.373563,0.1667906308,442,PASSIVE,,TRADE,,0.015,0.015,0.025,0.045,,,OPEN
0xbcc14420a0ef29ee69e1ae110b849b049c400e10410a6dc7dbad19ccfdaa5fbf,2026-03-06T19:37:45Z,xrp-up-or-down-march-6-2pm-et,Up,BUY,4.036362,0.8900002032,0.88,0.89,0.01,0.885,0.8814767777,0.0960984159,1605.99,15105.94,91.3043478261,0.0108695652,0.0028810407,249.982118,0.6940434122,16,CROSS,,TRADE,,-0.0050002032,0.0049997968,-0.0100002032,-0.0000002032,404,,OPEN
0xa12a8339b75bbb30e039db987eb01b1b73cb3bafdd6752e5a2de3a50e535c2ae,2026-03-06T19:37:51Z,xrp-up-or-down-march-6-2pm-et,Up,BUY,9.166665,0.8800000873,0.88,0.89,0.01,0.885,0.8802598212,0.1083395739,1588.49,13073.65,87.5,0.01125,0.0033783196,254.01848,0.6971571721,6,PASSIVE,,TRADE,,0.0049999127,0.0049999127,0.0149999127,0.0099999127,398,,OPEN
0xb7c55156658e4cdc9aa728ecb82ff86b3f4d0b550aad22e41e39fcf4d93211aa,2026-03-06T19:37:51Z,xrp-up-or-down-march-6-2pm-et,Up,BUY,9.166665,0.8800000873,0.88,0.89,0.01,0.885,0.8802598212,0.1083395739,1588.49,13073.65,88,0.0112,0.0033166248,263.185145,0.7035255397,0,PASSIVE,,TRADE,,0.0049999127,0.0049999127,0.0149999127,0.0099999127,398,,OPEN
0xe61ed3d91b7e9ebb77ba22b724e399cde8e84c07268b7dc99d661ef6177635e1,2026-03-06T19:38:35Z,solana-up-or-down-march-6-2pm-et,Down,BUY,19.69644,0.44,0.43,0.44,0.01,0.435,0.4329806943,0.4261615454,2158.7,2906.75,86.3636363636,0.0113636364,0.0035125009,154.037658,0.3587558394,482,CROSS,,TRADE,,-0.015,-0.015,-0.05,-0.05,48,,OPEN
0x919ed53cd28e814894fe3f95a540b1b9b67905d5dc8326c35e43a6d92d89e4dd,2026-03-06T19:38:35Z,bitcoin-up-or-down-march-6-2pm-et,Down,BUY,61.05895,0.56,0.47,0.48,0.01,0.475,0.4729949875,0.5005125712,5106.96,5096.5,100,0.01,0,312.062816,0.4012571173,336,CROSS,,TRADE,,-0.085,-0.105,-0.125,-0.04,4,,OPEN
0x1d8876209e4e968fd4e2ea17ba0522ccb4dacd6cf2a2c836860b52516ffd3a5b,2026-03-06T19:38:39Z,bitcoin-up-or-down-march-6-2pm-et,Down,SELL,5.76,0.52,0.43,0.45,0.02,0.44,0.4459514613,0.503327894,5638.42,5563.86,100,0.0104166667,0.0020412415,373.121766,0.4272343575,4,PASSIVE,,TRADE,,0.075,0.075,0.085,-0.005,,1.0615265093,REDUCE
0xdad9f0e5390b38b41216e6ea88b330f96f5b4f43c111eea181bbdb00d8be7d8a,2026-03-06T19:38:41Z,bitcoin-up-or-down-march-6-2pm-et,Down,SELL,5,0.51,0.43,0.45,0.02,0.44,0.4459514613,0.503327894,5638.42,5563.86,100,0.0108,0.0027688746,367.361766,0.4272343575,2,PASSIVE,,TRADE,,0.065,0.065,0.085,-0.035,,1.25,REDUCE
0xdfeac297e43df734c286f4e58c8a103e7e747e49cf83701afcdd271f07975f08,2026-03-06T19:38:53Z,bitcoin-up-or-down-march-6-2pm-et,Down,SELL,8.65,0.46,0.44,0.45,0.01,0.445,0.4424920395,0.4981915349,5399.36,5438.56,92.3076923077,0.0107692308,0.0027174649,362.361766,0.4272343575,12,PASSIVE,,TRADE,,0.015,0.015,-0.075,-0.025,,1.73,REDUCE
0x3208c78038b8fdd574cbf8c571a0fecd8db954ed596141f257b59d3466be7c7b,2026-03-06T19:39:21Z,solana-up-or-down-march-6-2pm-et,Down,BUY,6.59,0.45,0.38,0.39,0.01,0.385,0.3806375228,0.4671895844,2420,2759.91,69.5652173913,0.0130434783,0.0047047197,173.734098,0.3679665859,46,CROSS,,TRADE,,-0.085,-0.085,-0.105,-0.085,2,,OPEN
0xd5445538cbedf795bf08f85a47e7f6d48ba4d4a5066634dc37fb56d958aaaf1c,2026-03-06T19:39:23Z,solana-up-or-down-march-6-2pm-et,Down,SELL,20,0.45,0.38,0.39,0.01,0.385,0.3806375228,0.4671895844,2420,2759.91,70.8333333333,0.0129166667,0.0046430562,180.324098,0.3709645224,2,PASSIVE,,TRADE,,0.085,0.1,0.105,0.085,,-0.4000002901,REDUCE
0x7e93694bbc25984e463d81f30af6e26d59c7ae498360fa98fb99368f8b3e6c5a,2026-03-06T19:39:25Z,solana-up-or-down-march-6-2pm-et,Down,BUY,2.915253,0.4100000926,0.38,0.39,0.01,0.385,0.3806375228,0.4671895844,2420,2759.91,72,0.0128,0.0045825757,160.324098,0.3709645224,2,CROSS,,TRADE,,-0.0450000926,-0.0600000926,-0.0650000926,-0.0650000926,46,,OPEN
0x35e31aa9ae1f3408acba0ba5e09e2bd0dcfb13b52b683cc17ea92fc6531e4a82,2026-03-06T19:39:25Z,solana-up-or-down-march-6-2pm-et,Down,BUY,0.59,0.41,0.36,0.37,0.01,0.365,0.364,0.4753058733,2055.85,2269.47,73.0769230769,0.0126923077,0.0045234432,163.239351,0.3716616495,0,CROSS,,TRADE,,-0.045,-0.06,-0.065,-0.065,46,,OPEN
0x425062c43cf56b190d20b5de29a08be7c415b39ecb75b791b59e0a4cdeaf03ee,2026-03-06T19:39:25Z,solana-up-or-down-march-6-2pm-et,Down,BUY,2.9,0.4,0.36,0.37,0.01,0.365,0.364,0.4753058733,2055.85,2269.47,74.0740740741,0.0125925926,0.0044657608,163.829351,0.3717997177,0,CROSS,,TRADE,,-0.035,-0.05,-0.055,-0.055,46,,OPEN
0x132e19b57c612e1d9f0b4af9b2d308164a1a0d01ecbfe2a4d4132d9f96417977,2026-03-06T19:39:25Z,solana-up-or-down-march-6-2pm-et,Down,BUY,16.949151,0.4100000053,0.36,0.37,0.01,0.365,0.364,0.4753058733,2055.85,2269.47,75,0.0125,0.0044095855,166.729351,0.3722902181,0,CROSS,,TRADE,,-0.0450000053,-0.0600000053,-0.0650000053,-0.0650000053,46,,OPEN
0x7918ec88804496de8b29ec07c59ff19521ad808550d55ea2671c5a8200250235,2026-03-06T19:39:25Z,solana-up-or-down-march-6-2pm-et,Down,BUY,1.864404,0.4100001931,0.36,0.37,0.01,0.365,0.364,0.4753058733,2055.85,2269.47,75.8620689655,0.0124137931,0.0043549417,183.678502,0.3757699333,0,CROSS,,TRADE,,-0.0450001931,-0.0600001931,-0.0650001931,-0.0650001931,46,,OPEN
0x902bee8a86c520e086c476686cad9b513ad86bf5ee16feb91d203bae6c590858,2026-03-06T19:39:25Z,solana-up-or-down-march-6-2pm-et,Down,BUY,0.27,0.41,0.36,0.37,0.01,0.365,0.364,0.4753058733,2055.85,2269.47,76.6666666667,0.0123333333,0.0043018307,185.542906,0.3761138917,0,CROSS,,TRADE,,-0.045,-0.06,-0.065,-0.065,46,,OPEN
0x831b9491fcf22607b54762f5d3468ed64dd50cff0157b983778f4f23e201ca2f,2026-03-06T19:39:25Z,solana-up-or-down-march-6-2pm-et,Down,BUY,2.4,0.41,0.36,0.37,0.01,0.365,0.3644444444,0.4516858279,2171.85,2636.47,77.4193548387,0.0122580645,0.0042502372,185.812906,0.3761631307,0,CROSS,,TRADE,,-0.045,-0.06,-0.065,-0.065,46,,OPEN
0x6c9d4a19baa8d741ae5ee6fda5e21d628659c90d699299c6b041c8f62e3d292b,2026-03-06T19:39:31Z,xrp-up-or-down-march-6-2pm-et,Up,BUY,6.666665,0.8500001125,0.87,0.88,0.01,0.875,0.8775806452,0.1429099413,1794.16,10760.32,82.6086956522,0.0117391304,0.0038755339,272.35181,0.7094652214,100,PASSIVE,,TRADE,,0.0249998875,0.0249998875,0.0349998875,0.0499998875,298,,OPEN
0xec63d6ac930f252be54673675f782f7da3e4b0aa9600f7617c123580fbbe5927,2026-03-06T19:39:45Z,solana-up-or-down-march-6-2pm-et,Down,BUY,25,0.39,0.36,0.37,0.01,0.365,0.364,0.4528238058,2181.85,2636.47,78.125,0.0121875,0.0042001344,188.212906,0.3765946021,20,CROSS,,TRADE,,-0.045,-0.04,-0.04,-0.085,26,,OPEN
0xe90647dc67ce2cb85e4245c5a8eb7bc7c24d5c296b28a7748077c87e16c64b7c,2026-03-06T19:39:55Z,xrp-up-or-down-march-6-2pm-et,Up,BUY,4.98188,0.86,0.87,0.88,0.01,0.875,0.8775806452,0.1429099413,1794.16,10760.32,83.3333333333,0.0116666667,0.0038069349,279.018475,0.7128230601,24,PASSIVE,,TRADE,,0.025,0.025,0.035,0.06,274,,OPEN
0x2257eeb5755d02570e48e125a5f92a72dfebc94111ffd7f9144aeb94ce189eea,2026-03-06T19:40:11Z,solana-up-or-down-march-6-2pm-et,Down,SELL,35,0.38,0.36,0.37,0.01,0.365,0.368,0.4982702834,2537.85,2555.47,78.125,0.0121875,0.0042001344,213.212906,0.3781664345,26,PASSIVE,,TRADE,,0.015,0.015,0.055,0.155,,-0.94092075,REDUCE
0x9bbd4befe9858a38cf9ed32a38b50be8a3a3ab1bcd2205643f62cc201c54614f,2026-03-06T19:40:21Z,xrp-up-or-down-march-6-2pm-et,Up,BUY,5,0.88,0.91,0.92,0.01,0.915,0.910080168,0.0960644804,1509.49,14203.81,78.2608695652,0.0126086957,0.0054082356,284.000355,0.7154048099,26,PASSIVE,,TRADE,,0.035,0.035,0.035,0.055,248,,OPEN
0x04fcc03760062be77647080e3a56775073514ca30b7a9c7c8c224f42e15e4f86,2026-03-06T19:40:45Z,bitcoin-up-or-down-march-6-2pm-et,Up,BUY,44.37555,0.62,0.74,0.75,0.01,0.745,0.741495789,0.5202983991,5430.37,5006.66,95.4545454545,0.0104545455,0.0021320072,287.062618,0.7087768438,246,PASSIVE,,TRADE,,0.125,0.125,0.125,0.125,62,,OPEN
0x29cdb09d0bfb1aab8485e5ceae0c76453362ddec0ac27ac73d2e1f159d12685f,2026-03-06T19:41:07Z,solana-up-or-down-march-6-2pm-et,Up,BUY,7.92597,0.74,0.76,0.77,0.01,0.765,0.7627027027,0.4884801165,2583.84,2705.71,72.7272727273,0.0127272727,0.0045584231,316.517841,0.639276038,274,PASSIVE,,TRADE,,0.025,0.005,-0.025,0.055,530,,OPEN
0x674b14c81a8a3f7d40b3f92861ad8d5f1c45a1166be6737b1b3cddefbd4bd15d,2026-03-06T19:41:09Z,ethereum-up-or-down-march-6-2pm-et,Up,BUY,25,0.95,0.96,0.97,0.01,0.965,0.9632659561,0.6950181816,7796.29,3421.1,95.4545454545,0.0104545455,0.0021320072,173.72708,0.7539641868,724,PASSIVE,,TRADE,,0.015,0.015,0.015,0.025,104,,OPEN
0x314b28b8a3a6b63bf26a1f30a4f8d01112a4acbfb21ff2f5bbf556445e56edb6,2026-03-06T19:41:09Z,bitcoin-up-or-down-march-6-2pm-et,Up,BUY,25,0.7,0.7,0.71,0.01,0.705,0.7034042553,0.4983743874,5239.39,5273.57,100,0.01,0,331.438168,0.6968907014,24,PASSIVE,,TRADE,,0.005,0.005,0.025,0.055,38,,OPEN
0x8f92d9410dba864fd9692b6cecf007c82fccb3e823ee2fe6bf62b852ecedf976,2026-03-06T19:41:31Z,solana-up-or-down-march-6-2pm-et,Up,BUY,25,0.72,0.77,0.79,0.02,0.78,0.7848509485,0.5639716507,2794.66,2160.66,100,0.012173913,0.0042174117,324.443811,0.6417366647,24,PASSIVE,,TRADE,,0.06,0.06,0.055,0.02,506,,OPEN
0x06dc84b9ffa9467726440a33e3fa9c7d39033b5bc49f105b970b39b95a4d2661,2026-03-06T19:41:47Z,bitcoin-up-or-down-march-6-2pm-et,Up,SELL,5.973683,0.7599999866,0.74,0.75,0.01,0.745,0.7493830179,0.4681622057,4647.17,5279.24,95.652173913,0.0104347826,0.0020851441,356.438168,0.6971087826,38,PASSIVE,,TRADE,,-0.0150000134,-0.0150000134,0.0149999866,0.1349999866,,0.05973675,REDUCE
0x32d8eac51b140d284c13840c818919be697804c956e441e40017c9ca16b41356,2026-03-06T19:41:51Z,xrp-up-or-down-march-6-2pm-et,Down,BUY,2,0.05,0.05,0.07,0.02,0.06,0.065347753,0.8074445509,7727.64,1842.85,100,0.0119047619,0.0040237391,108.814634,0.3034413607,680,PASSIVE,,TRADE,,0.005,0.01,0.01,0.06,258,,OPEN
0xc38a0ed8e85979e05b6c44daa4d1d16edf3ba9583ef5f0c914d5e84c69035193,2026-03-06T19:41:51Z,xrp-up-or-down-march-6-2pm-et,Down,BUY,2,0.05,0.05,0.07,0.02,0.06,0.065347753,0.8074445509,7727.64,1842.85,100,0.0122727273,0.0042893203,110.814634,0.298867211,0,PASSIVE,,TRADE,,0.005,0.01,0.01,0.06,258,,OPEN
0x65b66e5349d5e80e7efaab3e2064bf2ad1eeacc669fb6501fc59bfc202c6871d,2026-03-06T19:41:51Z,xrp-up-or-down-march-6-2pm-et,Down,BUY,4.44,0.05,0.05,0.07,0.02,0.06,0.065347753,0.8074445509,7727.64,1842.85,100,0.0126086957,0.0044897776,112.814634,0.2944552442,0,PASSIVE,,TRADE,,0.005,0.01,0.01,0.06,258,,OPEN
0x54a49d25e9e4d32d917c56df3240abf6c1ed24da479b1aac721174f4ef8ccd72,2026-03-06T19:41:53Z,xrp-up-or-down-march-6-2pm-et,Down,BUY,2,0.05,0.05,0.07,0.02,0.06,0.065347753,0.8074445509,7727.64,1842.85,100,0.0129166667,0.0046430562,117.254634,0.2851986268,2,PASSIVE,,TRADE,,0.005,0.01,0.005,0.05,256,,OPEN
0x533d60e215ee8ad9d58bd6fa88c473d54bffff1b7c57560114611e9898350417,2026-03-06T19:41:53Z,xrp-up-or-down-march-6-2pm-et,Down,BUY,2,0.05,0.05,0.06,0.01,0.055,0.0584990394,0.8265642398,7727.64,1621.47,72,0.0128,0.0045825757,119.254634,0.281254149,0,PASSIVE,,TRADE,,0.005,0.01,0.005,0.05,256,,OPEN
0xa80381c21ec767f0c19f171fc163106d8a1ef6b451e349813cd23720da40064e,2026-03-06T19:41:55Z,xrp-up-or-down-march-6-2pm-et,Down,BUY,2,0.05,0.05,0.06,0.01,0.055,0.0584990394,0.8265642398,7727.64,1621.47,73.0769230769,0.0126923077,0.0045234432,121.254634,0.2774397934,2,PASSIVE,,TRADE,,0.005,0.01,0.005,0.05,254,,OPEN
0x0502b75432cc1a0cb76308afc3e9ee3c279c47ea071ee71ba7a6b1c6fdfe365e,2026-03-06T19:42:07Z,bitcoin-up-or-down-march-6-2pm-et,Up,BUY,6,0.73,0.67,0.68,0.01,0.675,0.6798947398,0.5094193218,5258.7,5064.23,95.652173913,0.0104347826,0.0020851441,350.464485,0.6971087826,20,CROSS,,TRADE,,-0.055,-0.055,-0.055,-0.115,,,OPEN
0x5907476aaec3dbc3cc1fd1fc8daaa3a27ec0425af97a7daccf6b308b46794248,2026-03-06T19:42:33Z,bitcoin-up-or-down-march-6-2pm-et,Up,BUY,25,0.66,0.63,0.64,0.01,0.635,0.6358333593,0.4835916321,4390.04,4687.95,100,0.01,0,356.464485,0.6976624066,26,CROSS,,TRADE,,-0.025,-0.025,-0.025,0.035,,,OPEN
0x83bc839746ccd0b210ba202d59320e9cd8f2340d875e987810a67688b29e30aa,2026-03-06T19:42:53Z,ethereum-up-or-down-march-6-2pm-et,Up,SELL,16,0.97,0.96,0.97,0.01,0.965,0.9619625171,0.6457156988,7676.83,4212.04,100,0.01,0,198.72708,0.7786256236,104,PASSIVE,,TRADE,,0.005,0.005,0.005,0.005,,5.1756358,REDUCE
0x709e06f234c562d01254934b8f717c3202b3292bfba5f6013fff6d14eac85ccc,2026-03-06T19:42:59Z,xrp-up-or-down-march-6-2pm-et,Up,BUY,9.090908,0.8900000968,0.88,0.9,0.02,0.89,0.8905740181,0.1255747298,1960.16,13649.35,100,0.0163636364,0.0049236596,289.000355,0.718252474,158,PASSIVE,,TRADE,,0.0049999032,0.0049999032,0.0149999032,0.0099999032,90,,OPEN
0x9b5c1de9aaf3491225f03537adc0026276c6c3d0a7f0353d22b4e0f1dff66f06,2026-03-06T19:43:07Z,solana-up-or-down-march-6-2pm-et,Down,BUY,10,0.28,0.27,0.28,0.01,0.275,0.278,0.5590464943,2802.31,2210.35,77.2727272727,0.0122727273,0.0042893203,178.212906,0.3781664345,176,CROSS,,TRADE,,-0.005,-0.005,-0.015,0.025,122,,OPEN
0x785fb27fc7c8b5f5f927831f006f113e99b09b6d99c349a0ab6337ea2f0dc452,2026-03-06T19:43:07Z,solana-up-or-down-march-6-2pm-et,Down,BUY,10,0.28,0.27,0.28,0.01,0.275,0.278,0.5590464943,2802.31,2210.35,78.2608695652,0.012173913,0.0042174117,188.212906,0.3729507223,0,CROSS,,TRADE,,-0.005,-0.005,-0.015,0.025,122,,OPEN
0x60cba3ad1a457af6a54156fbb64c75fb70c4ac6dfdca834cde4872c1677222be,2026-03-06T19:43:37Z,bitcoin-up-or-down-march-6-2pm-et,Down,BUY,14,0.31,0.38,0.39,0.01,0.385,0.389070344,0.4766838494,4188.13,4597.84,100,0.01,0,353.711766,0.4272343575,284,PASSIVE,,TRADE,,0.085,0.085,0.105,0.235,112,,OPEN
0xb927045f77dfabeff0c9459089aec53ae9e49b2922c50a73525104a0f55921a0,2026-03-06T19:43:45Z,solana-up-or-down-march-6-2pm-et,Up,BUY,25,0.73,0.7,0.71,0.01,0.705,0.700472973,0.5008384826,2320.57,2312.8,76.1904761905,0.0123809524,0.0043643578,349.443811,0.6473358006,134,CROSS,,TRADE,,-0.025,-0.025,-0.055,-0.165,372,,OPEN
0x673cb6929cbad402df1f3aad244bf3343f3d44508b1212c54445d01cffd0c106,2026-03-06T19:44:11Z,solana-up-or-down-march-6-2pm-et,Down,BUY,6.92283,0.3,0.41,0.42,0.01,0.415,0.4110288066,0.4446163994,2103,2626.92,85.7142857143,0.0114285714,0.0035856858,198.212906,0.3682612839,64,PASSIVE,,TRADE,,0.11,0.11,0.125,0.175,58,,OPEN
0x82aa38073fd01c80197e54da3dc611a07af61f1ea029b7ee55844f97f7e00a3b,2026-03-06T19:44:27Z,solana-up-or-down-march-6-2pm-et,Down,BUY,7.12,0.33,0.41,0.42,0.01,0.415,0.4110288066,0.4446163994,2103,2626.92,86.3636363636,0.0113636364,0.0035125009,205.135736,0.3659576323,16,PASSIVE,,TRADE,,0.08,0.085,0.115,0.155,42,,OPEN
0x295f045375c59970a206bf31152bde97e6be8366a1827611ed650be550bb5376,2026-03-06T19:44:29Z,xrp-up-or-down-march-6-2pm-et,Up,SELL,6.17,0.9,0.85,0.87,0.02,0.86,0.8588888889,0.1635363773,1684.06,8613.71,90.4761904762,0.0142857143,0.006761234,298.091263,0.7234902721,90,PASSIVE,,TRADE,,0.04,0.04,0.105,0.17,,2.1266878326,REDUCE
0xf84bfdecb05235bac386091eebb6dd64640192b6583e563c09c3a773b8a02f7e,2026-03-06T19:44:37Z,bitcoin-up-or-down-march-6-2pm-et,Down,BUY,7.51164,0.53,0.56,0.57,0.01,0.565,0.5616666667,0.3701242333,4545.17,7734.95,90.9090909091,0.0109090909,0.0029424494,367.711766,0.4227708588,60,PASSIVE,,TRADE,,0.025,0.025,0.025,0.005,52,,OPEN
0x911f69bbd97c28d4be64998762d122b4a56388407387a546c4263bdaf2f8c471,2026-03-06T19:44:43Z,bitcoin-up-or-down-march-6-2pm-et,Down,BUY,44.31087,0.55,0.56,0.57,0.01,0.565,0.5616666667,0.3701242333,4545.17,7734.95,91.3043478261,0.0108695652,0.0028810407,375.223406,0.4249174911,6,PASSIVE,,TRADE,,0.005,0.005,-0.025,0.025,46,,OPEN
0x6a3ec149b7104a08da177ef8da3ffd40f3b53c4e2dfe7f0db67f3d79b132b202,2026-03-06T19:44:49Z,bitcoin-up-or-down-march-6-2pm-et,Down,BUY,25,0.53,0.56,0.57,0.01,0.565,0.5616666667,0.3701242333,4545.17,7734.95,91.6666666667,0.0108333333,0.0028232985,419.534276,0.4381286043,6,PASSIVE,,TRADE,,0.025,0.025,0.005,0.02,40,,OPEN
0x4dd2672e450e8fdf3b7a2cf7b464dba7d5d3cccc46485abb4ae7b2f34244c0df,2026-03-06T19:44:51Z,xrp-up-or-down-march-6-2pm-et,Up,BUY,5.5,0.8,0.77,0.79,0.02,0.78,0.7748441792,0.4332395362,1593.52,2084.63,86.9565217391,0.0156521739,0.0072776663,291.921263,0.7234902721,22,CROSS,,TRADE,,-0.015,-0.015,-0.025,-0.1,2,,OPEN
0x558bb311ed8ee6a4752b88dd75b5993df28374c05dbb3585c2dc63fabf5efc7d,2026-03-06T19:44:51Z,xrp-up-or-down-march-6-2pm-et,Up,BUY,0.45,0.8,0.77,0.79,0.02,0.78,0.7748441792,0.4332395362,1593.52,2084.63,87.5,0.0158333333,0.007172815,297.421263,0.7249051121,0,CROSS,,TRADE,,-0.015,-0.015,-0.025,-0.1,2,,OPEN
0x1035be0192ec1dc825a9706a2eed65d098fa247e5cad0d2be56933bf9ddfa573,2026-03-06T19:44:53Z,xrp-up-or-down-march-6-2pm-et,Up,SELL,35,0.84,0.78,0.79,0.01,0.785,0.7830769231,0.4673510735,1718.52,1958.63,56,0.0156,0.0071180522,297.871263,0.7250185594,2,PASSIVE,,TRADE,,0.055,0.055,0.115,0.11,,7.9303739775,REDUCE
0x08bc51918b99e7c6f26a048d6f5457241989f7d5db566081285c2906a8073c52,2026-03-06T19:44:53Z,solana-up-or-down-march-6-2pm-et,Down,BUY,4.92411,0.44,0.47,0.48,0.01,0.475,0.4702983294,0.5424891373,2589.42,2183.8,91.6666666667,0.0108333333,0.0028232985,212.255736,0.3647514536,26,PASSIVE,,TRADE,,0.035,0.035,0.025,-0.005,16,,OPEN
0x4de6c3d0e0200f56ae8811d60e94a68e4fa3368a26908c3c6ca2cacfc9e093ab,2026-03-06T19:44:53Z,xrp-up-or-down-march-6-2pm-et,Up,BUY,0.21,0.8,0.78,0.79,0.01,0.785,0.7811363636,0.4773955068,1743.52,1908.63,57.6923076923,0.0153846154,0.0070601809,262.871263,0.7250185594,0,CROSS,,TRADE,,-0.015,-0.015,-0.075,-0.07,274,,OPEN
0x91206af613756080fa1ee68c043d37313e04b81e0d2c24f811a88054bb60708e,2026-03-06T19:44:57Z,xrp-up-or-down-march-6-2pm-et,Up,BUY,10,0.8,0.78,0.79,0.01,0.785,0.7811363636,0.4773955068,1743.52,1908.63,59.2592592593,0.0151851852,0.0070002035,263.081263,0.725078412,4,CROSS,,TRADE,,-0.015,-0.015,-0.07,-0.085,270,,OPEN
0x37119888e8080c275c8d5348fe4cabc90cc1b426ccd7a891471cd9248bb029c4,2026-03-06T19:45:05Z,solana-up-or-down-march-6-2pm-et,Down,BUY,42.3415,0.45,0.46,0.48,0.02,0.47,0.4748275862,0.5239164772,2869.15,2607.2,100,0.0116666667,0.0038069349,217.179846,0.3664575609,12,PASSIVE,,TRADE,,0.015,0.015,0.085,0.045,4,,OPEN
0xb03a5c150e53d1af8bab7c821afc8662d92c48d9f59827521f66af65969b949c,2026-03-06T19:45:07Z,xrp-up-or-down-march-6-2pm-et,Up,BUY,4.545453,0.7800001452,0.73,0.74,0.01,0.735,0.7303447422,0.498559028,2020.57,2032.25,66.6666666667,0.0137037037,0.0056487903,273.081263,0.7278219759,10,CROSS,,TRADE,,-0.0450001452,-0.0450001452,-0.0600001452,-0.0900001452,260,,OPEN
0xb78ba9139632373dd8dade46b45865e53db87e4cbbe5ff92d3edbd073736c10d,2026-03-06T19:45:09Z,solana-up-or-down-march-6-2pm-et,Down,SELL,25,0.46,0.46,0.48,0.02,0.47,0.4744262295,0.5229615318,2869.15,2617.2,100,0.012,0.0040824829,259.521346,0.3800877005,4,CROSS,,TRADE,,-0.005,-0.005,-0.035,-0.045,,3.7711283,REDUCE
0xfaca8c0be49e410aa9b16cd4915bd2443d351f66d0ac171ca4e7cfd3c296025c,2026-03-06T19:45:11Z,solana-up-or-down-march-6-2pm-et,Down,BUY,0.36,0.46,0.46,0.48,0.02,0.47,0.4744262295,0.5229615318,2869.15,2617.2,100,0.0123076923,0.0042966892,234.521346,0.3800877005,2,PASSIVE,,TRADE,,0.005,0.005,0.025,0.055,102,,OPEN
0xf63dad3fc4971a6c4219e8c023f09bf2475a0e190772ad375e7c43bd9b0671f6,2026-03-06T19:45:11Z,solana-up-or-down-march-6-2pm-et,Down,BUY,0.58,0.46,0.46,0.48,0.02,0.47,0.4744262295,0.5229615318,2869.15,2617.2,100,0.0125925926,0.0044657608,234.881346,0.3802101812,0,PASSIVE,,TRADE,,0.005,0.005,0.025,0.055,102,,OPEN
0x2e8c6113cdb4d0b04c3843dcbf693fbd3c4d971a8e75515ec77c8227a0801743,2026-03-06T19:45:19Z,ethereum-up-or-down-march-6-2pm-et,Up,SELL,25,0.94,0.927,0.94,0.013,0.9335,0.9278724832,0.2887593668,4191.81,10324.81,66.6666666667,0.0125714286,0.0046105469,182.72708,0.7786256236,146,PASSIVE,,TRADE,,0.0065,0.0065,0,0.0305,,7.2305490148,REDUCE
0x69f2146000088b39aaa8bfbd075c4b2f5cfe22cc87e49545004de3f3e979d1e8,2026-03-06T19:45:21Z,ethereum-up-or-down-march-6-2pm-et,Up,SELL,25,0.94,0.93,0.95,0.02,0.94,0.9310207765,0.1691596541,2038.34,10011.46,100,0.0136818182,0.0048342662,157.72708,0.7786256236,2,PASSIVE,,TRADE,,0.005,0.005,0,0.065,,4.0621922852,REDUCE
0x04ce571c937233b164852b55c5641866891083f94d15e7b39fc8076e78f6dfcb,2026-03-06T19:45:25Z,xrp-up-or-down-march-6-2pm-et,Down,BUY,2.054792,0.2700000779,0.27,0.28,0.01,0.275,0.2793589744,0.5614119899,2334.25,1823.57,71.4285714286,0.0133333333,0.0057735027,123.254634,0.2737492255,210,PASSIVE,,TRADE,,0.0349999221,0.0349999221,0.0149999221,0.0849999221,44,,OPEN
0xaa1033823f37546482c9d75fa6611f7e683932eecbcc15abe485a88e20cda86b,2026-03-06T19:45:25Z,xrp-up-or-down-march-6-2pm-et,Down,BUY,14.82566,0.24,0.27,0.28,0.01,0.275,0.2793589744,0.5614119899,2334.25,1823.57,72.7272727273,0.0131818182,0.0056790036,125.309426,0.273687748,0,PASSIVE,,TRADE,,0.065,0.065,0.045,0.115,44,,OPEN
0xdf108252e3a3cb6a62ec297c2a5e995ef1058452acc7bbd5e18c87d4587a83c9,2026-03-06T19:45:27Z,xrp-up-or-down-march-6-2pm-et,Down,BUY,2.027396,0.2700000395,0.28,0.29,0.01,0.285,0.2869230769,0.531483393,2188.25,1929,73.9130434783,0.0130434783,0.00558796,140.135086,0.2701237362,2,PASSIVE,,TRADE,,0.0349999605,0.0349999605,0.0149999605,0.0699999605,42,,OPEN
0xca046419b1d69e951ae003fda551f02be23d39c3fef513d9ca0eb2c47e5a9e0a,2026-03-06T19:45:27Z,xrp-up-or-down-march-6-2pm-et,Down,BUY,2,0.27,0.28,0.29,0.01,0.285,0.2869230769,0.531483393,2188.25,1929,75,0.0129166667,0.0055003294,142.162482,0.2701219721,0,PASSIVE,,TRADE,,0.035,0.035,0.015,0.07,42,,OPEN
0xf47f149071617b05b3ee64fda96bcc2f880141649015b10c2557aa852457a936,2026-03-06T19:45:29Z,bitcoin-up-or-down-march-6-2pm-et,Down,SELL,40,0.53,0.57,0.58,0.01,0.575,0.5779392774,0.3728104132,4136.38,6958.75,100,0.01,0,444.534276,0.443295326,40,CROSS,,TRADE,,-0.045,-0.045,-0.015,-0.16,,10.34111884,REDUCE
0x55b41cacc464ec2221e9cfc399e91495fd676294ec3eb0687c49b2d662816640,2026-03-06T19:45:37Z,xrp-up-or-down-march-6-2pm-et,Down,BUY,2,0.28,0.3,0.31,0.01,0.305,0.3008126117,0.6283294307,2347.91,1388.84,76,0.0128,0.0054160256,144.162482,0.27012028,10,PASSIVE,,TRADE,,0.025,0.025,0.03,-0.03,32,,OPEN
0xa2495500285e9ec7c95b65883061b355205318cc216dc660c66c15d1075ed285,2026-03-06T19:45:41Z,xrp-up-or-down-march-6-2pm-et,Down,BUY,5.53,0.27,0.28,0.29,0.01,0.285,0.28375,0.5010541466,1977.32,1969,79.1666666667,0.0125,0.0053160953,146.162482,0.2702554682,4,PASSIVE,,TRADE,,0.015,0.015,0.035,-0.015,28,,OPEN
0x46b2fbb507e5a947afadb7d304d8341f4eb38747920a5763f2037c184b50e363,2026-03-06T19:45:45Z,xrp-up-or-down-march-6-2pm-et,Down,BUY,19.9,0.27,0.28,0.29,0.01,0.285,0.28375,0.5010541466,1977.32,1969,80,0.0124,0.005228129,151.692482,0.270246155,4,PASSIVE,,TRADE,,0.015,0.015,0.035,0,24,,OPEN
0xfbb67ebd4867a61072c12ee4ec5cc90aaa72ed3a2b184432885206ac02c1d018,2026-03-06T19:46:09Z,xrp-up-or-down-march-6-2pm-et,Down,SELL,20,0.29,0.3,0.32,0.02,0.31,0.3059259259,0.5169179415,2053.41,1919,96.2962962963,0.0133333333,0.005547002,171.592482,0.2702176078,24,CROSS,,TRADE,,-0.015,-0.045,0.04,0.085,,-3.0987679799,REDUCE
0xd56206c48df010ed5fc9598b16a86b22fc3112ec0303083cbfb02f6f29765b9f,2026-03-06T19:46:11Z,solana-up-or-down-march-6-2pm-et,Down,BUY,4.92194,0.51,0.51,0.53,0.02,0.52,0.5120942408,0.4299997388,2304.36,3054.62,100,0.0129166667,0.0046430562,235.461346,0.3804067234,60,PASSIVE,,TRADE,,0.01,0.085,0.035,-0.005,42,,OPEN
0xfac5e892bc2d4a3a9aac3d92fc8132a132410527b6378951134ec288356f8aa5,2026-03-06T19:46:19Z,bitcoin-up-or-down-march-6-2pm-et,Down,BUY,44.352,0.6,0.63,0.64,0.01,0.635,0.639119129,0.5556152806,5540.39,4431.24,100,0.01,0,404.534276,0.443295326,50,PASSIVE,,TRADE,,0.035,0.035,-0.035,0.015,20,,OPEN
0x3cc8b65f19100c91ff77136060a43bbb2b8da535a3e1f35b07cbaeefd7f3ad72,2026-03-06T19:46:19Z,solana-up-or-down-march-6-2pm-et,Down,BUY,42.33296,0.53,0.51,0.52,0.01,0.515,0.5104385965,0.4362233162,2275.62,2941.02,90.9090909091,0.0109090909,0.0029424494,240.383286,0.3830601955,8,CROSS,,TRADE,,-0.025,-0.025,-0.065,-0.005,34,,OPEN
0x2deb154eab196d869df821c18b076d9aaa40745dcb6e8fbfb76898fd4d19d233,2026-03-06T19:46:25Z,bitcoin-up-or-down-march-6-2pm-et,Down,BUY,44.41775,0.65,0.63,0.64,0.01,0.635,0.6307579432,0.5128716566,4782.6,4542.54,100,0.01,0,448.886276,0.4587784585,6,CROSS,,TRADE,,-0.015,-0.015,-0.07,-0.025,14,,OPEN
0x351ce08ed58273bdcdbb4ac1828df9d4644638f99edcd75a18237ca036e9b846,2026-03-06T19:46:25Z,solana-up-or-down-march-6-2pm-et,Down,BUY,20.51114,0.58,0.51,0.52,0.01,0.515,0.5104385965,0.4362233162,2275.62,2941.02,91.3043478261,0.0108695652,0.0028810407,282.716246,0.4050624573,6,CROSS,,TRADE,,-0.075,-0.075,-0.105,-0.07,28,,OPEN
0x50aed8d654ab537d55ba2588ce77c9e42d0ce19cd76b8fc70d2baf805c2eab7e,2026-03-06T19:46:25Z,bitcoin-up-or-down-march-6-2pm-et,Down,BUY,44.41775,0.65,0.63,0.64,0.01,0.635,0.6307579432,0.5128716566,4782.6,4542.54,100,0.01,0,493.304026,0.4759963002,0,CROSS,,TRADE,,-0.015,-0.025,-0.07,-0.025,14,,OPEN
0xe731dbb53d78390cfffc133e42199f2feb8a423c7ecf83049b5dffa388b0c78c,2026-03-06T19:46:27Z,xrp-up-or-down-march-6-2pm-et,Down,BUY,3,0.35,0.24,0.26,0.02,0.25,0.2533333333,0.4627202524,1648.39,1914,100,0.0131034483,0.0047082362,151.592482,0.2702176078,18,CROSS,,TRADE,,-0.1,-0.1,-0.15,-0.135,,,OPEN
0x5854a9378ea29777d8fc4d28153f6c959bbc562832a16dc9d73e7646833cf8fd,2026-03-06T19:46:33Z,bitcoin-up-or-down-march-6-2pm-et,Down,BUY,25,0.68,0.56,0.57,0.01,0.565,0.5600463527,0.4487998395,3914.32,4807.43,100,0.01,0,537.721776,0.4903696308,8,CROSS,,TRADE,,-0.115,-0.115,-0.115,-0.085,6,,OPEN
0xe4b965acf95d765d90cf3dd0f346d7c288dc604436fcd5460216ebb3168b8fc2,2026-03-06T19:46:39Z,bitcoin-up-or-down-march-6-2pm-et,Down,SELL,25,0.64,0.56,0.57,0.01,0.565,0.5600463527,0.4487998395,3914.32,4807.43,100,0.01,0,562.721776,0.4987943256,6,PASSIVE,,TRADE,,0.075,0.075,0.045,0.035,,7.55967826,REDUCE
0xb32c373cb83abce542296d83e45fb7aa91dffbedd85adebc77b113957d8280d8,2026-03-06T19:46:39Z,solana-up-or-down-march-6-2pm-et,Up,BUY,4.92213,0.48,0.52,0.53,0.01,0.525,0.5297028762,0.5870412646,2892.91,2035.04,100,0.01,0,374.443811,0.652854933,174,PASSIVE,,TRADE,,0.045,0.035,0.015,-0.005,198,,OPEN
0xb2a22ff0a546775e1db0253c6fb55257ae1efb4987a3787e70123237115c0d10,2026-03-06T19:46:47Z,solana-up-or-down-march-6-2pm-et,Down,BUY,25,0.51,0.47,0.48,0.01,0.475,0.4703371999,0.414641551,2035.04,2872.91,91.6666666667,0.0108333333,0.0028232985,303.227386,0.4168957171,22,CROSS,,TRADE,,-0.035,-0.035,0.03,0.095,6,,OPEN
0x38decb79b8ab544a69725475be7aaa0b6264d004393b8ffe57316cc7624eb0f5,2026-03-06T19:46:53Z,solana-up-or-down-march-6-2pm-et,Down,SELL,5,0.5,0.49,0.5,0.01,0.495,0.4993181508,0.5616364984,3061.84,2389.8,92.3076923077,0.0107692308,0.0027174649,328.227386,0.423987164,6,PASSIVE,,TRADE,,-0.005,-0.005,-0.005,-0.115,,0.9,REDUCE
0x3241be44768e4d04c48a6c413f6f15089ccb51eea16b4ab996f721ab905f2bb4,2026-03-06T19:46:53Z,bitcoin-up-or-down-march-6-2pm-et,Down,SELL,45,0.61,0.58,0.59,0.01,0.585,0.5899651125,0.5018541192,4566.2,4532.46,100,0.01,0,537.721776,0.4987943256,14,PASSIVE,,TRADE,,0.025,0.025,-0.005,-0.115,,8.70723953,REDUCE
0x7f0406a207fc5c2dedade0b7e67403dd108a842440aa8add6a1540c90aeea06b,2026-03-06T19:47:03Z,bitcoin-up-or-down-march-6-2pm-et,Down,SELL,25,0.58,0.58,0.59,0.01,0.585,0.5899651125,0.5018541192,4566.2,4532.46,100,0.01,0,492.721776,0.4987943256,10,CROSS,,TRADE,,-0.005,-0.045,-0.015,-0.085,,2.31058495,REDUCE
0xe8b7eaa3a585be8ad9623f0990a8f3ebe4cbf6f2eebfd89979aadb7621f999cc,2026-03-06T19:47:13Z,bitcoin-up-or-down-march-6-2pm-et,Down,BUY,25,0.56,0.6,0.61,0.01,0.605,0.6040823815,0.4845052714,4670.5,4969.23,96.5517241379,0.0103448276,0.0018569534,467.721776,0.4987943256,10,PASSIVE,,TRADE,,0.045,0.045,0.115,0.075,52,,OPEN
0x1096a0a7eec90ae0e75fe1cab56a596de17c775f21021b2fdda5aeb1f202ed83,2026-03-06T19:47:23Z,bitcoin-up-or-down-march-6-2pm-et,Down,BUY,16.923075,0.6100000148,0.6,0.61,0.01,0.605,0.6040823815,0.4845052714,4670.5,4969.23,96.6666666667,0.0103333333,0.0018257419,492.721776,0.5018998142,10,CROSS,,TRADE,,-0.0050000148,-0.0150000148,0.1149999852,0.0449999852,42,,OPEN
0x84a70b3ff83fb8f89cb8431e7fa7dad4de18aeecd2302bd4c4cfefe62defacf5,2026-03-06T19:47:49Z,bitcoin-up-or-down-march-6-2pm-et,Down,BUY,44.52306,0.71,0.66,0.67,0.01,0.665,0.6680106101,0.438782679,3941.01,5040.68,92.3076923077,0.0107692308,0.0027174649,509.644851,0.5054893487,26,CROSS,,TRADE,,-0.045,-0.045,-0.065,-0.065,16,,OPEN
0xb01354b4a0304bddb5d494eb94a001e5c936b489b23b7c79e9436ca8c3833282,2026-03-06T19:47:55Z,solana-up-or-down-march-6-2pm-et,Down,BUY,42.4033,0.62,0.51,0.52,0.01,0.515,0.511,0.4460496767,2109.36,2619.62,91.3043478261,0.0108695652,0.0028810407,323.227386,0.423987164,62,CROSS,,TRADE,,-0.105,-0.105,-0.145,-0.095,32,,OPEN
0x637785c7cfff40b0c92bef8bc1316bf1e2b5f7043d637fdfb4f8cea1e3f5268a,2026-03-06T19:47:59Z,bitcoin-up-or-down-march-6-2pm-et,Down,BUY,25,0.72,0.66,0.67,0.01,0.665,0.6600358212,0.4121654221,3289.01,4690.82,92.5925925926,0.0107407407,0.0026688026,554.167911,0.521920181,10,CROSS,,TRADE,,-0.055,-0.065,-0.065,-0.035,6,,OPEN
0x83f04051d74668b00548b03891a34ba3c4baa211d22a3bbf0d57688dfe1b6a84,2026-03-06T19:48:03Z,solana-up-or-down-march-6-2pm-et,Down,BUY,76.009604,0.6193513251,0.49,0.5,0.01,0.495,0.496,0.4359475878,2148.62,2780,100,0.01,0,365.630686,0.4467193673,8,CROSS,,TRADE,,-0.1243513251,-0.1243513251,-0.1643513251,-0.1043513251,24,,OPEN
0xf9117629e0e8e63c59114edacd72277e5bcb76829a0c3c8a8870b9bdecc61c4a,2026-03-06T19:48:05Z,xrp-up-or-down-march-6-2pm-et,Up,BUY,34.64438,0.72,0.76,0.77,0.01,0.765,0.765,0.4568783932,1848,2196.84,81.8181818182,0.0118181818,0.0039477102,277.626716,0.7286762648,178,PASSIVE,,TRADE,,0.045,0.045,0.07,0.065,82,,OPEN
0x74c8128bd8a0d76905301f2db3d2c63a1ac5c319a827adaa8371d933abe1d953,2026-03-06T19:48:05Z,bitcoin-up-or-down-march-6-2pm-et,Down,SELL,25,0.71,0.64,0.65,0.01,0.645,0.6461382114,0.4915476795,5195.89,5374.58,88.4615384615,0.0111538462,0.0032581259,579.167911,0.5304703707,6,PASSIVE,,TRADE,,0.045,0.055,0.105,0.035,,6.67729806,REDUCE
0x8a22c5baba203fa1154c8af9c56affffe51573095c3cd73cad9a072f3f88abef,2026-03-06T19:48:09Z,solana-up-or-down-march-6-2pm-et,Up,BUY,4.92213,0.48,0.5,0.51,0.01,0.505,0.506334908,0.5549545045,2752.48,2207.35,81.8181818182,0.0118181818,0.0039477102,379.365941,0.6506122054,90,PASSIVE,,TRADE,,0.025,0.03,0.065,0.055,108,,OPEN
0x85e565b0c4909c932b33b392ddbba67556f82844437213b6a6609ce533b65836,2026-03-06T19:48:09Z,xrp-up-or-down-march-6-2pm-et,Up,BUY,20,0.76,0.76,0.77,0.01,0.765,0.765,0.4557516449,1848,2206.84,82.6086956522,0.0117391304,0.0038755339,312.271096,0.7277136915,4,PASSIVE,,TRADE,,0.005,0.005,0.05,0.045,78,,OPEN
0xe2e42f66aa0b7bd2596f6788a9c1cde0a1886783a09a615909cf15e37ee5d88c,2026-03-06T19:48:09Z,bitcoin-up-or-down-march-6-2pm-et,Down,SELL,4.47761,0.6699998437,0.66,0.67,0.01,0.665,0.667491831,0.4620858937,4075.69,4744.51,88.8888888889,0.0111111111,0.0032025631,554.167911,0.5304703707,4,PASSIVE,,TRADE,,0.0049998437,0.0149998437,0.0449998437,-0.0050001563,,0.7611930001,REDUCE
0x8bd776d07280923619c48fd0a15f5fbd00fa54e9c11917973601b551e12a263b,2026-03-06T19:48:09Z,solana-up-or-down-march-6-2pm-et,Up,BUY,13,0.48,0.5,0.51,0.01,0.505,0.502084897,0.549723873,2746.36,2249.53,82.6086956522,0.0117391304,0.0038755339,384.288071,0.6484269296,0,PASSIVE,,TRADE,,0.025,0.03,0.065,0.055,108,,OPEN
0x3558603ed803dc4bd7de788ff2ffec23178dcd71d7c1804fdc82ddaf542c8338,2026-03-06T19:48:11Z,solana-up-or-down-march-6-2pm-et,Up,BUY,4.92194,0.49,0.5,0.51,0.01,0.505,0.502084897,0.549723873,2746.36,2249.53,83.3333333333,0.0116666667,0.0038069349,397.288071,0.6429156891,2,PASSIVE,,TRADE,,0.015,0.02,0.015,0.045,106,,OPEN
0xf8e38ab997652b118b3d6c18030b21eda071f2ec0e42646ff061debca596a8c4,2026-03-06T19:48:11Z,bitcoin-up-or-down-march-6-2pm-et,Down,SELL,6.303029,0.6599999778,0.66,0.67,0.01,0.665,0.6676256,0.4860220608,4874.15,5154.51,89.2857142857,0.0110714286,0.0031497039,549.690301,0.5304703707,2,CROSS,,TRADE,,-0.0050000222,0.0049999778,0.0149999778,-0.0150000222,,1.0084845001,REDUCE
0xaa03d4892655b9004da0288a4447909c758f5dd4a7c37f5a8cb94a93500a8810,2026-03-06T19:48:11Z,solana-up-or-down-march-6-2pm-et,Up,BUY,42.32867,0.49,0.5,0.51,0.01,0.505,0.502084897,0.549723873,2746.36,2249.53,84,0.0116,0.0037416574,402.210011,0.6410444233,0,PASSIVE,,TRADE,,0.02,0.035,0.015,0.045,106,,OPEN
0xaee63d3a080133009b1664fcfd9ef03e14137eb1e27b6e9623443ab97c6a0692,2026-03-06T19:48:17Z,solana-up-or-down-march-6-2pm-et,Up,BUY,9.84425,0.48,0.5,0.51,0.01,0.505,0.502084897,0.549723873,2746.36,2249.53,84.6153846154,0.0115384615,0.0036794648,444.538681,0.6266620763,6,PASSIVE,,TRADE,,0.03,0.045,0.035,0.1,100,,OPEN
0x6c6e5559b6794669fa0de42a1997774c6a1dcfae2710bb1618da6568c15ed0fb,2026-03-06T19:48:27Z,solana-up-or-down-march-6-2pm-et,Down,SELL,5,0.5,0.45,0.46,0.01,0.455,0.4582758621,0.5431202239,2944.51,2476.96,95.652173913,0.0104347826,0.0020851441,441.64029,0.4764306211,24,PASSIVE,,TRADE,,0.045,0.045,-0.025,0.025,,0.9,REDUCE
0x6ca3e8bcdd476696088f262cda1c01330ee06e32609999bfe6eaa2f55b763511,2026-03-06T19:48:27Z,bitcoin-up-or-down-march-6-2pm-et,Down,SELL,18.69,0.66,0.62,0.63,0.01,0.625,0.6203135255,0.4804291037,4969.28,5374.14,88.4615384615,0.0111538462,0.0032581259,543.387272,0.5304703707,16,PASSIVE,,TRADE,,0.035,0.035,-0.035,-0.015,,3.2745169,REDUCE
0x78fbe1015c6ecbdb9b7bf6e377ff8011f4b1b233c2b836f177a64140a34f8696,2026-03-06T19:48:29Z,solana-up-or-down-march-6-2pm-et,Down,SELL,2.04,0.5,0.45,0.46,0.01,0.455,0.4579310345,0.5417753629,2934.51,2481.96,95.8333333333,0.0104166667,0.0020412415,436.64029,0.4764306211,2,PASSIVE,,TRADE,,0.045,0.005,-0.02,0.025,,0.3672,REDUCE
0xeab47500bddd7e59325ae60e366b255ddf6b0a18f51df67b36a4b84c58322bd9,2026-03-06T19:48:31Z,bitcoin-up-or-down-march-6-2pm-et,Down,SELL,1.492536,0.6699999196,0.62,0.63,0.01,0.625,0.6203135255,0.4804291037,4969.28,5374.14,88.8888888889,0.0111111111,0.0032025631,524.697272,0.5304703707,4,PASSIVE,,TRADE,,0.0449999196,0.0249999196,-0.0150000804,-0.0350000804,,0.3283578,REDUCE
0xdac58cd5851b2fe35414bcc0e9b3dea1077d6043bda071a6b24e324d105ba90b,2026-03-06T19:48:39Z,solana-up-or-down-march-6-2pm-et,Up,BUY,4.92288,0.54,0.47,0.48,0.01,0.475,0.4765030675,0.3901542198,2043.62,3194.36,96.1538461538,0.0103846154,0.0019611614,454.382931,0.6234846283,22,CROSS,,TRADE,,-0.065,-0.065,-0.005,0.005,78,,OPEN
0x7ccc70f99f45a14bac23d31bd73b13535c0f841b6d93e54e711bda5c9093def4,2026-03-06T19:48:39Z,solana-up-or-down-march-6-2pm-et,Up,BUY,42.3415,0.55,0.47,0.48,0.01,0.475,0.4765030675,0.3901542198,2043.62,3194.36,96.2962962963,0.0103703704,0.0019245009,459.305811,0.6225898327,0,CROSS,,TRADE,,-0.075,-0.075,-0.015,-0.005,78,,OPEN
0x61b536b34b4ba7a18711893e6f63ad9478aeff7caeb701559278a7e1a11f0768,2026-03-06T19:48:47Z,bitcoin-up-or-down-march-6-2pm-et,Down,SELL,14.861537,0.6499999966,0.69,0.7,0.01,0.695,0.6951282051,0.4835922102,4997.94,5337.09,89.2857142857,0.0110714286,0.0031497039,523.204736,0.5304703707,16,CROSS,,TRADE,,-0.0450000034,-0.0450000034,0.0199999966,-0.0050000034,,2.9723073495,REDUCE
0x2bbd318ecb4c25368c297d084de61195f176692677bf9a89d1147f7be7b165c5,2026-03-06T19:48:47Z,solana-up-or-down-march-6-2pm-et,Down,BUY,4.056602,0.4700000148,0.52,0.53,0.01,0.525,0.5236695279,0.6098457802,3194.36,2043.62,92,0.0108,0.0027688746,434.60029,0.4764306211,18,PASSIVE,,TRADE,,0.0549999852,0.0499999852,-0.0450000148,-0.0250000148,242,,OPEN
0xccd72220f89b6d6ae4ce01090c705f952e7403a10c99fe719e7f09f7efe55339,2026-03-06T19:48:51Z,bitcoin-up-or-down-march-6-2pm-et,Down,SELL,10.13,0.65,0.69,0.7,0.01,0.695,0.6951282051,0.4835922102,4997.94,5337.09,89.6551724138,0.0110344828,0.0030993405,508.343199,0.5304703707,4,CROSS,,TRADE,,-0.045,-0.035,0.015,-0.005,,2.09766411,REDUCE
0x6153c15b5d046d1e364f93141b464b6d500e638b7b6029172c252d0b174de490,2026-03-06T19:49:19Z,bitcoin-up-or-down-march-6-2pm-et,Down,BUY,13.888887,0.640000023,0.67,0.68,0.01,0.675,0.6706482667,0.3169301015,2501.58,5391.58,95.4545454545,0.0104545455,0.0021320072,498.213199,0.5304703707,28,PASSIVE,,TRADE,,0.024999977,0.024999977,0.024999977,0.024999977,50,,OPEN
0xcab8d6f6ef6b90e1d89d95fc9101583505fab8af5e1ba96b4f265811d924c73e,2026-03-06T19:49:27Z,xrp-up-or-down-march-6-2pm-et,Up,SELL,20,0.82,0.83,0.85,0.02,0.84,0.8335856574,0.2341797446,1963,6419.45,100,0.0136363636,0.0049236596,332.271096,0.7296570629,78,CROSS,,TRADE,,-0.025,-0.025,-0.025,-0.025,,3.10294835,REDUCE
0x099d32febc6e1fd116afe0faaf095f20e0503255be45107a3914e3be9a5974d7,2026-03-06T19:49:27Z,xrp-up-or-down-march-6-2pm-et,Down,BUY,9.94554,0.18,0.15,0.17,0.02,0.16,0.1664143426,0.7660992916,6429.45,1963,100,0.0122727273,0.0042893203,154.592482,0.2717658537,180,CROSS,,TRADE,,-0.025,-0.025,-0.025,-0.025,,,OPEN
0x699647c0b8daea97f4e62697862478a1a76614c6c29a83ddc45fbd0100b7c7ea,2026-03-06T19:49:57Z,solana-up-or-down-march-6-2pm-et,Up,SELL,25,0.57,0.52,0.53,0.01,0.525,0.5228125,0.5169657083,2582.74,2413.22,86.3636363636,0.0118181818,0.0050108108,501.647311,0.6164628939,78,PASSIVE,,TRADE,,0.045,0.025,0.05,0.085,,0.18993675,REDUCE
0x76d86402b17ea91d6e35d60125329abb3762c1d2bf51bc63cc6d4463013e5e3c,2026-03-06T19:49:59Z,bitcoin-up-or-down-march-6-2pm-et,Down,BUY,25,0.64,0.66,0.67,0.01,0.665,0.6612117687,0.3324555174,2452.91,4925.25,95.652173913,0.0104347826,0.0020851441,512.102086,0.5334409599,40,PASSIVE,,TRADE,,-0.005,-0.005,0.035,0.065,10,,OPEN
0xec3e1aee408f29eba247e0b8ef3b554273e8fab50e97ca489e113a7f7ca63a98,2026-03-06T19:50:01Z,solana-up-or-down-march-6-2pm-et,Down,BUY,10,0.5,0.47,0.48,0.01,0.475,0.4771875,0.4757862983,2353.22,2592.74,86.3636363636,0.0113636364,0.0035125009,438.656892,0.4763711523,74,CROSS,,TRADE,,-0.04,-0.04,-0.02,-0.005,168,,OPEN
0xc1459a8814b1629561bc37a7214cb4722bc4488cac016f3a936eb9a53e2f0a87,2026-03-06T19:50:05Z,xrp-up-or-down-march-6-2pm-et,Up,BUY,29.85069,0.83,0.84,0.85,0.01,0.845,0.8468446602,0.1989928171,1596,6424.39,73.9130434783,0.0126086957,0.0044897776,312.271096,0.7296570629,38,PASSIVE,,TRADE,,0.015,0.015,0.015,-0.04,24,,OPEN
0xdce32ae12bfb9ae8b05dcb88769ee7149a68a47470c648b4231545372589bcd8,2026-03-06T19:50:09Z,bitcoin-up-or-down-march-6-2pm-et,Down,SELL,3.21,0.67,0.66,0.68,0.02,0.67,0.6633624832,0.2849832772,2160.88,5421.6,100,0.0104166667,0.0020412415,537.102086,0.5384008662,10,PASSIVE,,TRADE,,0.005,0.005,-0.015,-0.125,,0.7383,REDUCE
0xac0e65d2ce93986b7a4a18fb54db074290523052ba730fcc9839220ff213fcd5,2026-03-06T19:50:09Z,bitcoin-up-or-down-march-6-2pm-et,Down,SELL,15,0.69,0.66,0.68,0.02,0.67,0.6633624832,0.2849832772,2160.88,5421.6,100,0.0108,0.0027688746,533.892086,0.5384008662,0,PASSIVE,,TRADE,,0.025,0.025,0.005,-0.105,,3.75,REDUCE
0x538e8c407e0b13d4ca7585ab5e6482cac403e6e9f417f45d9c06da36992afbfe,2026-03-06T19:50:11Z,bitcoin-up-or-down-march-6-2pm-et,Down,SELL,25,0.67,0.66,0.68,0.02,0.67,0.6633624832,0.2849832772,2160.88,5421.6,100,0.0111538462,0.0032581259,518.892086,0.5384008662,2,PASSIVE,,TRADE,,0.005,0.005,-0.005,-0.165,,5.76129233,REDUCE
0xdc4c2fd79a4b5d36c1a329f36ba2fa1fe627a9161cb529fc9693810457c65255,2026-03-06T19:50:13Z,solana-up-or-down-march-6-2pm-et,Up,BUY,15,0.52,0.54,0.55,0.01,0.545,0.5472593122,0.5387236153,2694.41,2307.06,86.9565217391,0.0113043478,0.0034435022,476.647311,0.6164628939,16,PASSIVE,,TRADE,,0.025,0,-0.005,-0.085,,,OPEN
0x2f5a409fc59ff95b5256188eb2aff70713410f52f4860ee54d307dcca3a8aa75,2026-03-06T19:50:15Z,solana-up-or-down-march-6-2pm-et,Up,BUY,4.92343,0.55,0.54,0.55,0.01,0.545,0.5472593122,0.5387236153,2694.41,2307.06,87.5,0.01125,0.0033783196,491.647311,0.6135198423,2,CROSS,,TRADE,,-0.005,-0.03,-0.035,-0.105,,,OPEN
0xaa6ce8e63fa2bcb7d7bf0c85926b01eeae5f28ac80e7ad1e84124e04a2de1041,2026-03-06T19:50:19Z,bitcoin-up-or-down-march-6-2pm-et,Down,SELL,15,0.64,0.67,0.68,0.01,0.675,0.6798620157,0.3678872389,2997.88,5151.03,88.4615384615,0.0111538462,0.0032581259,493.892086,0.5384008662,8,CROSS,,TRADE,,-0.035,-0.035,-0.095,-0.175,,3.45,REDUCE
0xf57cdd0519fed7650558cb7786ca7ea6cb82a01fcf55e6892abf644343d4c328,2026-03-06T19:50:23Z,bitcoin-up-or-down-march-6-2pm-et,Down,SELL,25,0.65,0.67,0.68,0.01,0.675,0.6798620157,0.3678872389,2997.88,5151.03,88.8888888889,0.0111111111,0.0032025631,478.892086,0.5384008662,4,CROSS,,TRADE,,-0.025,-0.025,-0.105,-0.165,,5.26515075,REDUCE
0xf202bdc4da0c6c8b781bddbdcc7de5425d9007b31f97c5a6ecf39bf65fa3ee33,2026-03-06T19:50:29Z,bitcoin-up-or-down-march-6-2pm-et,Down,SELL,25,0.67,0.67,0.68,0.01,0.675,0.6798620157,0.3678872389,2997.88,5151.03,89.2857142857,0.0110714286,0.0031497039,453.892086,0.5384008662,6,CROSS,,TRADE,,-0.005,-0.005,-0.035,-0.125,,2.75,REDUCE
0x9f0f190e3470b5e37a6dd9a87d6b5de92190a3495437128a3a6a80405ef2d496,2026-03-06T19:50:29Z,xrp-up-or-down-march-6-2pm-et,Up,SELL,35,0.84,0.84,0.86,0.02,0.85,0.8488927676,0.1853331963,1912.09,8404.95,100,0.0126086957,0.0044897776,342.121786,0.7384121497,24,CROSS,,TRADE,,-0.01,-0.01,-0.005,-0.015,,0.9942325,REDUCE
0xeb5e34c19f6a890d20221f1506ec91a386398bfa699646a84f8def35b51ceba9,2026-03-06T19:50:39Z,solana-up-or-down-march-6-2pm-et,Down,BUY,25,0.47,0.48,0.49,0.01,0.485,0.4801705262,0.4104798795,1907.5,2739.5,72.7272727273,0.0127272727,0.0045584231,448.656892,0.4768978097,38,PASSIVE,,TRADE,,0.015,0.015,0.115,0.11,130,,OPEN
0x483474e995f25932930a7e7b6b18e377c639229b336396c9df76a6b2d48fd269,2026-03-06T19:50:41Z,solana-up-or-down-march-6-2pm-et,Up,BUY,21.739129,0.5400000156,0.51,0.52,0.01,0.515,0.5198418772,0.5895201205,2739.5,1907.5,79.1666666667,0.0120833333,0.0041485112,496.570741,0.6128900518,26,CROSS,,TRADE,,-0.0250000156,-0.0250000156,-0.1450000156,-0.1300000156,,,OPEN
0x9796e5a866b5b857fb16c038fa6c8e6fe280990bd0d23a442c9ecf400e6bdb47,2026-03-06T19:50:47Z,solana-up-or-down-march-6-2pm-et,Up,BUY,9.31,0.51,0.51,0.52,0.01,0.515,0.5198418772,0.5895201205,2739.5,1907.5,80,0.012,0.0040824829,518.30987,0.6098328731,6,PASSIVE,,TRADE,,0.005,0.005,-0.065,-0.09,,,OPEN
0xb820fca9c27b7a4ea2706b2bb117e5d4685a812932a0d5b27a2ca57a81778d44,2026-03-06T19:51:05Z,xrp-up-or-down-march-6-2pm-et,Up,SELL,35,0.84,0.84,0.85,0.01,0.845,0.8472085753,0.231049236,1809.64,6022.63,70.8333333333,0.0129166667,0.0046430562,307.121786,0.7384121497,36,CROSS,,TRADE,,-0.015,-0.015,-0.005,-0.025,,0.0041441,REDUCE
0xcaae700149de87c00f2924ad6bf25eb12bf2b0aae012fa09b7168e626e219a3f,2026-03-06T19:51:07Z,bitcoin-up-or-down-march-6-2pm-et,Down,BUY,25,0.73,0.79,0.81,0.02,0.8,0.7906794233,0.2800515526,2505.4,6440.81,96.4285714286,0.0125,0.0051818773,428.892086,0.5384008662,38,PASSIVE,,TRADE,,0.075,0.075,0.075,0.115,16,,OPEN
0x2b39ad6bd0ddab518cde4b976f272ac37d51f43312c1ac7a36f9a7d33c0287ab,2026-03-06T19:51:11Z,solana-up-or-down-march-6-2pm-et,Down,BUY,60,0.58,0.55,0.56,0.01,0.555,0.5583440282,0.457287624,2390.75,2837.36,73.9130434783,0.0126086957,0.0044897776,473.656892,0.4765337376,32,CROSS,,TRADE,,-0.025,-0.015,0.005,0.055,98,,OPEN
0x318e419b7011c0b0e5404e17d5a1913c379b835444ff3eed88e6e22b6a4271d7,2026-03-06T19:51:17Z,xrp-up-or-down-march-6-2pm-et,Up,BUY,59.64473,0.81,0.85,0.86,0.01,0.855,0.8558333333,0.1485771622,1485.21,8511.01,70.8333333333,0.0129166667,0.0046430562,272.121786,0.7384121497,12,PASSIVE,,TRADE,,0.045,0.045,0.05,0.035,2,,OPEN
0x69d0c04a004385f8c6f4b01205429caeeff4bcd60ed19912edd42be3cbef7f42,2026-03-06T19:51:19Z,xrp-up-or-down-march-6-2pm-et,Up,SELL,10,0.84,0.85,0.86,0.01,0.855,0.8558333333,0.1485771622,1485.21,8511.01,72,0.0128,0.0045825757,331.766516,0.7512821585,2,CROSS,,TRADE,,-0.015,-0.015,-0.025,-0.015,,0,REDUCE
0x6e5fe0b48799c0fe03ce96fc16afc50032328ed4bda47b27e9d9bb3b874dcc6e,2026-03-06T19:51:19Z,xrp-up-or-down-march-6-2pm-et,Up,SELL,10,0.84,0.85,0.86,0.01,0.855,0.8558333333,0.1485771622,1485.21,8511.01,73.0769230769,0.0126923077,0.0045234432,321.766516,0.7512821585,0,CROSS,,TRADE,,-0.015,-0.015,-0.025,-0.015,,0,REDUCE
0x634fa1185f3eb5c31cee8a31c2755d215c1539df9e8b91dedc6b28eb336d6c24,2026-03-06T19:51:21Z,bitcoin-up-or-down-march-6-2pm-et,Down,BUY,5.61,0.81,0.79,0.8,0.01,0.795,0.7990577094,0.3745036025,3103.59,5183.62,84.6153846154,0.0119230769,0.0049146563,453.892086,0.5489539877,14,CROSS,,TRADE,,-0.005,-0.005,-0.015,0.03,2,,OPEN
0x0036a3ff7121e407e6c86237df65a7da8ada7ddb076d099a8e143393b55ca028,2026-03-06T19:51:23Z,bitcoin-up-or-down-march-6-2pm-et,Down,SELL,7.752681,0.8199999458,0.79,0.8,0.01,0.795,0.7990577094,0.3745036025,3103.59,5183.62,85.1851851852,0.0118518519,0.004833407,459.502086,0.5521410639,2,PASSIVE,,TRADE,,0.0149999458,0.0149999458,0.0249999458,-0.0200000542,,2.0156966398,REDUCE
0x3b3adc11706d8e92f741b2159719262ab2863c48e6baa084f77a2f1a719bd725,2026-03-06T19:51:37Z,bitcoin-up-or-down-march-6-2pm-et,Down,BUY,25,0.79,0.84,0.85,0.01,0.845,0.8429213299,0.352835242,7029.72,12893.8,96,0.0104,0.002,451.749405,0.5521410639,14,PASSIVE,,TRADE,,0.04,0.04,0.04,0.085,60,,OPEN
0x46ba4b4d185d4d9fa00fe63c8497d823cd5eda8d29037a45767ba41783f281d0,2026-03-06T19:51:43Z,solana-up-or-down-march-6-2pm-et,Down,BUY,15.51465,0.5700000322,0.59,0.6,0.01,0.595,0.592,0.4744777846,2251.25,2493.44,82.6086956522,0.0117391304,0.0038755339,533.656892,0.4881666348,32,PASSIVE,,TRADE,,0.0249999678,0.0249999678,0.0349999678,0.1249999678,66,,OPEN
0x0e6c5f050f3b34daac0cbf0470c7db1ac9a4fd32d920d6cbdb4762d04efe973d,2026-03-06T19:51:53Z,bitcoin-up-or-down-march-6-2pm-et,Down,BUY,25,0.79,0.83,0.84,0.01,0.835,0.8394959335,0.2001734511,2622.03,10476.76,96.1538461538,0.0103846154,0.0019611614,476.749405,0.5646140179,16,PASSIVE,,TRADE,,0.04,0.04,0.05,0.035,44,,OPEN
0x58661dea5abf2aa78e7261054c534c9d5e66f6466e1e666d1dd11b6ae1b0a258,2026-03-06T19:51:59Z,xrp-up-or-down-march-6-2pm-et,Up,SELL,35,0.86,0.86,0.88,0.02,0.87,0.8764285714,0.1662738277,1736.08,8705.01,100,0.0115384615,0.0036794648,311.766516,0.7512821585,40,CROSS,,TRADE,,-0.015,-0.015,0.02,-0.035,,0.5374741411,REDUCE
0x782ee53a67e82f399accf323e701e6d242bcf37c57d4219d5fb1378e777753b9,2026-03-06T19:52:01Z,bitcoin-up-or-down-march-6-2pm-et,Down,BUY,25,0.8,0.82,0.84,0.02,0.83,0.8314017349,0.2162938913,3127.03,11330.29,100,0.0107407407,0.0026688026,501.749405,0.5758440253,8,PASSIVE,,TRADE,,0.03,0.04,0.075,0.035,36,,OPEN
0x44e7345bdf0077012dbfae842422c3d9cb4afd656a9b5618b59abd88b0ae897b,2026-03-06T19:52:25Z,bitcoin-up-or-down-march-6-2pm-et,Down,BUY,17.1875,0.84,0.87,0.88,0.01,0.875,0.8706267235,0.1732899034,2945.23,14050.74,92,0.0108,0.0027688746,526.749405,0.5864826693,24,PASSIVE,,TRADE,,0.035,0.035,-0.015,0.005,12,,OPEN
0xdcd9d5b98ad25b2a57d19f584ec65186bfa818d422ab101f89e6cd25ccf67432,2026-03-06T19:52:31Z,solana-up-or-down-march-6-2pm-et,Down,BUY,4.92686,0.59,0.74,0.75,0.01,0.745,0.7448257081,0.6100876379,2924.51,1869.08,86.9565217391,0.0113043478,0.0034435022,549.171542,0.4904785108,48,PASSIVE,,TRADE,,0.155,0.095,0.065,0.135,18,,OPEN
0x59779c4e48ef2da55f4dc03adb5c23e361edc25ab64127fb3024c93b6f033e77,2026-03-06T19:52:33Z,solana-up-or-down-march-6-2pm-et,Down,BUY,60.173324,0.6899999974,0.62,0.63,0.01,0.625,0.6235714286,0.4599062291,2059.92,2419.08,91.6666666667,0.0108333333,0.0028232985,554.098402,0.491363423,2,CROSS,,TRADE,,-0.0749999974,-0.0749999974,-0.0349999974,0.0350000026,16,,OPEN
0x9c741b15f825432aae9a923120d87bcea701dd378b439d10bfc476d63b44832c,2026-03-06T19:52:37Z,bitcoin-up-or-down-march-6-2pm-et,Down,SELL,25,0.88,0.82,0.83,0.01,0.825,0.8281395349,0.2866379477,2597,6463.21,92.3076923077,0.0107692308,0.0027174649,543.936905,0.5944933945,12,PASSIVE,,TRADE,,0.055,0.055,0.075,-0.005,,8.80140675,REDUCE
0x73f972d5746d3176c5d64a4831857212154f6f2b644ba934d334a7a7e6988c07,2026-03-06T19:52:45Z,bitcoin-up-or-down-march-6-2pm-et,Down,SELL,25,0.88,0.82,0.83,0.01,0.825,0.8281395349,0.2866379477,2597,6463.21,92.5925925926,0.0107407407,0.0026688026,518.936905,0.5944933945,8,PASSIVE,,TRADE,,0.055,0.055,0.045,-0.005,,10.99088232,REDUCE
0x01b14b4d28b00221241737aba89906229697c974960d8607ea3799176886be2e,2026-03-06T19:52:49Z,xrp-up-or-down-march-6-2pm-et,Up,BUY,24.93031,0.88,0.89,0.9,0.01,0.895,0.891011236,0.1393917084,1995.6,12320.89,82.6086956522,0.0117391304,0.0038755339,276.766516,0.7512821585,50,PASSIVE,,TRADE,,0.015,0.015,0.005,0.005,68,,OPEN
0xe6a79ba4c22dbcca9544ee8f16c89f177ad02f4854e47706bfbea5e5f28a547a,2026-03-06T19:52:49Z,solana-up-or-down-march-6-2pm-et,Down,SELL,25,0.71,0.61,0.62,0.01,0.615,0.6109607625,0.4173161668,1764.25,2463.36,92,0.0108,0.0027688746,614.271726,0.5108216244,16,PASSIVE,,TRADE,,0.095,0.075,0.04,-0.025,,9.06509132,REDUCE
0xe502821f38df173877ebfe81aee3124dc64c38a6c66f67b3c835eac11657a8f0,2026-03-06T19:52:55Z,xrp-up-or-down-march-6-2pm-et,Up,BUY,5,0.88,0.91,0.92,0.01,0.915,0.9130900953,0.1564743928,1982.36,10686.55,79.1666666667,0.0120833333,0.0041485112,301.696826,0.7619185836,6,PASSIVE,,TRADE,,0.035,0.035,-0.005,-0.005,62,,OPEN
0x53f21df141f268ed6c0a7a1e4c8febe4d72f242a8eebf5710e579287a7eda6ce,2026-03-06T19:53:01Z,solana-up-or-down-march-6-2pm-et,Down,SELL,25,0.61,0.59,0.6,0.01,0.595,0.5931403485,0.5050177618,2453.75,2404.99,92.3076923077,0.0107692308,0.0027174649,589.271726,0.5108216244,12,PASSIVE,,TRADE,,0.015,0.015,-0.115,-0.085,,7.155735483,REDUCE
0x79bdca36dc8e55b24c8a535e342bdf4f87b23f21c125814ab341812e03b1c0f4,2026-03-06T19:53:07Z,bitcoin-up-or-down-march-6-2pm-et,Down,BUY,13.05,0.8,0.85,0.86,0.01,0.855,0.8520671835,0.286454625,2253,5612.12,96,0.0104,0.002,493.936905,0.5944933945,22,PASSIVE,,TRADE,,0.055,0.055,0.085,0.035,16,,OPEN
0x2c31b5482b7ce9e64c9de1f6b8bce319039e8126e826f8fdcf74b1abf82f6b22,2026-03-06T19:53:07Z,bitcoin-up-or-down-march-6-2pm-et,Down,BUY,6.35,0.81,0.85,0.86,0.01,0.855,0.8520671835,0.286454625,2253,5612.12,96.1538461538,0.0103846154,0.0019611614,506.986905,0.5997831982,0,PASSIVE,,TRADE,,0.045,0.045,0.075,0.025,16,,OPEN
0xe7ea5f079c02e6dbbaca3042766aca689affaf59bc1656ab71d1f550d93d28f4,2026-03-06T19:53:15Z,bitcoin-up-or-down-march-6-2pm-et,Down,BUY,25,0.77,0.85,0.86,0.01,0.855,0.8520671835,0.286454625,2253,5612.12,96.2962962963,0.0103703704,0.0019245009,513.336905,0.6023835893,8,PASSIVE,,TRADE,,0.085,0.085,0.115,0.065,8,,OPEN
0x73bb2ba4b487d1b4b4b76d61fc3939aa340b6cf8bd84e5c965e857c782a9ea27,2026-03-06T19:53:23Z,bitcoin-up-or-down-march-6-2pm-et,Down,BUY,25,0.8,0.86,0.87,0.01,0.865,0.8675683891,0.505794655,5798,5665.15,96.4285714286,0.0103571429,0.0018898224,538.336905,0.6101675815,8,PASSIVE,,TRADE,,0.065,0.065,0.085,0.025,2,,OPEN
0xf29c3d68879592a6820569d663f0537da461492d1ae8d220be030eb39918086b,2026-03-06T19:53:23Z,bitcoin-up-or-down-march-6-2pm-et,Down,SELL,45,0.83,0.86,0.87,0.01,0.865,0.8675683891,0.505794655,5798,5665.15,96.5517241379,0.0103448276,0.0018569534,563.336905,0.6185920437,0,CROSS,,TRADE,,-0.035,-0.035,-0.055,0.005,,12.74766234,REDUCE
0xed18f398c3bb0fbd4bb0338170d7327b0552e0fad8cdbea2208ad96736b252a6,2026-03-06T19:53:25Z,bitcoin-up-or-down-march-6-2pm-et,Down,SELL,25,0.84,0.86,0.87,0.01,0.865,0.8675683891,0.505794655,5798,5665.15,96.6666666667,0.0103333333,0.0018257419,518.336905,0.6185920437,2,CROSS,,TRADE,,-0.025,-0.025,-0.045,-0.005,,7.23318181,REDUCE
0x2350c8de55ea0c272e470e4808b97847ec0a30a052ec328817dc7321b5b18840,2026-03-06T19:53:27Z,bitcoin-up-or-down-march-6-2pm-et,Down,SELL,81,0.8258024691,0.86,0.87,0.01,0.865,0.8675683891,0.505794655,5798,5665.15,96.7741935484,0.0103225806,0.001796053,493.336905,0.6185920437,2,CROSS,,TRADE,,-0.0391975309,-0.0591975309,-0.0491975309,-0.0191975309,,16.0884441471,REDUCE
0x7c14be4df6d3f5d8695485e8ea98421809950e937cd23245f043fc05dd9adddb,2026-03-06T19:53:27Z,bitcoin-up-or-down-march-6-2pm-et,Down,BUY,25,0.77,0.86,0.87,0.01,0.865,0.8675683891,0.505794655,5798,5665.15,96.875,0.0103125,0.001767767,412.336905,0.6185920437,0,PASSIVE,,TRADE,,0.095,0.115,0.105,0.075,2,,OPEN
0xdc223ea7609e0b96b122b1a813a8ae3ff9c174d034c6cdd4184638fcaccd5808,2026-03-06T19:53:29Z,bitcoin-up-or-down-march-6-2pm-et,Down,SELL,25,0.85,0.86,0.87,0.01,0.865,0.8675683891,0.505794655,5798,5665.15,96.9696969697,0.0103030303,0.0017407766,437.336905,0.6272471534,2,CROSS,,TRADE,,-0.015,-0.035,-0.025,0.005,,5,REDUCE
0x05f5ecb9ee216b0ad8a3fdddb2c5c9ea38777056354bb645b2bdfb770131cb8b,2026-03-06T19:53:29Z,bitcoin-up-or-down-march-6-2pm-et,Down,SELL,45,0.84,0.86,0.87,0.01,0.865,0.8675683891,0.505794655,5798,5665.15,97.0588235294,0.0102941176,0.0017149859,412.336905,0.6272471534,0,CROSS,,TRADE,,-0.025,-0.045,-0.035,-0.005,,7.81760553,REDUCE
0x05c9920ec36d04a88c99b1a97c58de7111beb5fdb35d723a68f1ab78dc855c16,2026-03-06T19:53:35Z,xrp-up-or-down-march-6-2pm-et,Up,BUY,35.54952,0.8429983521,0.88,0.89,0.01,0.885,0.8878177374,0.1511240893,1669.56,9378.05,80,0.012,0.0040824829,306.696826,0.7638436348,40,PASSIVE,,TRADE,,0.0420016479,0.0420016479,0.0420016479,0.0520016479,22,,OPEN
0x6f65519b46191ff6ec9ee03a76c1086f72fa23e179bb646c7e048ea54bbfc512,2026-03-06T19:53:35Z,bitcoin-up-or-down-march-6-2pm-et,Down,SELL,17,0.88,0.86,0.87,0.01,0.865,0.8625462852,0.5191065003,5953.43,5515.18,97.1428571429,0.0102857143,0.0016903085,367.336905,0.6272471534,6,PASSIVE,,TRADE,,-0.005,-0.005,0.045,0.035,,5.44,REDUCE
0x96861acc9a195b13788cc0b3ec88bd89aa1468be2be3e3106a4583f2609b3633,2026-03-06T19:53:35Z,bitcoin-up-or-down-march-6-2pm-et,Down,SELL,7,0.88,0.86,0.87,0.01,0.865,0.8622690932,0.5310266612,6054.15,5346.69,97.2222222222,0.0102777778,0.0016666667,350.336905,0.6272471534,0,PASSIVE,,TRADE,,-0.005,-0.005,0.045,0.035,,2.24,REDUCE
0x1149fc3386829730db048773b2377f8804f78307ea4a77a295246332fc735abf,2026-03-06T19:53:37Z,solana-up-or-down-march-6-2pm-et,Down,BUY,16,0.72,0.71,0.72,0.01,0.715,0.711966759,0.4294884264,2208,2933,84.6153846154,0.0115384615,0.0036794648,564.271726,0.5108216244,36,CROSS,,TRADE,,0.015,0.015,-0.045,-0.035,34,,OPEN
0xc7a25a30af02fce2ab1f5009d66a87466eba8d871c03a68012bd553e7c47bc9c,2026-03-06T19:53:37Z,bitcoin-up-or-down-march-6-2pm-et,Down,SELL,25,0.89,0.86,0.87,0.01,0.865,0.8622690932,0.533969793,6126.15,5346.69,97.2972972973,0.0102702703,0.0016439899,343.336905,0.6272471534,2,PASSIVE,,TRADE,,0.005,0.005,0.055,0.055,,6.3129646995,REDUCE
0x403c4888619827cc7429b0cbca333c63e5487c27920b0f7f9be745427114e33b,2026-03-06T19:53:37Z,solana-up-or-down-march-6-2pm-et,Down,BUY,42.58238,0.73,0.71,0.72,0.01,0.715,0.711966759,0.4294884264,2208,2933,85.1851851852,0.0114814815,0.0036201399,580.271726,0.5165893602,0,CROSS,,TRADE,,0.005,0.005,-0.055,-0.045,34,,OPEN
0x96fc652a9dc1dd1223cb31b2260e2d9b8d31a8cd25f05ab12851f90bf64e9306,2026-03-06T19:53:49Z,bitcoin-up-or-down-march-6-2pm-et,Down,SELL,45,0.86,0.83,0.85,0.02,0.84,0.8371260604,0.598507328,5171.63,3469.25,100,0.0102941176,0.0017149859,318.336905,0.6272471534,12,PASSIVE,,TRADE,,0.025,0.025,0.03,0.035,,6.67250518,REDUCE
0x33785f3230a3c97dd3c5a54e87845ba383b6fe7938df08b828a19b27986672ef,2026-03-06T19:53:49Z,bitcoin-up-or-down-march-6-2pm-et,Down,BUY,25,0.82,0.83,0.85,0.02,0.84,0.8371260604,0.598507328,5171.63,3469.25,100,0.0105714286,0.0023550411,273.336905,0.6272471534,0,PASSIVE,,TRADE,,0.015,0.015,0.01,0.005,6,,OPEN
0xa0f80e437256ceed14587ae105712ef679a30a78fcebbde3d0de580f49ba73f7,2026-03-06T19:53:49Z,bitcoin-up-or-down-march-6-2pm-et,Down,SELL,25,0.87,0.83,0.85,0.02,0.84,0.8320749758,0.5989577552,5126.15,3432.3,100,0.0108333333,0.0028030596,298.336905,0.6433994332,0,PASSIVE,,TRADE,,0.035,0.035,0.04,0.045,,4.3699583818,REDUCE
0x9e88ccd2ec350fe856c6fea722c8699d8201255e4f3fabd6b99204899be9ced7,2026-03-06T19:53:55Z,bitcoin-up-or-down-march-6-2pm-et,Down,SELL,25,0.89,0.83,0.85,0.02,0.84,0.8320749758,0.5989577552,5126.15,3432.3,100,0.0110810811,0.0031480009,273.336905,0.6433994332,6,PASSIVE,,TRADE,,0.055,0.055,0.045,0.095,,6.2499998588,REDUCE
0x15a069eeb1e058214110fa3f318071e57979e889e7b4af50305619b45869f80a,2026-03-06T19:53:57Z,xrp-up-or-down-march-6-2pm-et,Up,SELL,30.39,0.88,0.88,0.89,0.01,0.885,0.8856753689,0.1676043531,1918.8,9529.59,78.2608695652,0.012173913,0.0042174117,342.246346,0.772065526,22,CROSS,,TRADE,,-0.005,-0.005,-0.01,-0.025,,2.1430862987,REDUCE
0x6287d76afbb2f93c6292d425cecd28736c0262709dc382505b652582378d6372,2026-03-06T19:53:57Z,bitcoin-up-or-down-march-6-2pm-et,Down,SELL,45,0.88,0.83,0.84,0.01,0.835,0.8369432982,0.6701760786,5952.39,2929.44,89.4736842105,0.0110526316,0.0031101175,248.336905,0.6433994332,2,PASSIVE,,TRADE,,0.045,0.045,0.035,0.045,,6.35871075,REDUCE
0x07291f68a1c3b1d0c974ddc9a3188a5e6d5ee317695882740fc1e7b791f2dece,2026-03-06T19:53:59Z,bitcoin-up-or-down-march-6-2pm-et,Down,BUY,25,0.84,0.83,0.84,0.01,0.835,0.8369432982,0.6701760786,5952.39,2929.44,89.7435897436,0.011025641,0.0030735474,203.336905,0.6433994332,2,CROSS,,TRADE,,-0.005,-0.005,0.005,-0.005,2,,OPEN
0x4de3a42884c8ea0cd922d330caa563149f8e5114d1d8e61bd9329158b176e9a4,2026-03-06T19:54:01Z,bitcoin-up-or-down-march-6-2pm-et,Down,SELL,1.75,0.88,0.83,0.84,0.01,0.835,0.8369432982,0.6701760786,5952.39,2929.44,90,0.011,0.0030382181,228.336905,0.664924706,2,PASSIVE,,TRADE,,0.045,0.045,0.035,0.055,,0.1575,REDUCE
0x279410c4267d404fd12d28a2a5bdce886e4576c46af1cdfdb4aa9a4f41262875,2026-03-06T19:54:03Z,bitcoin-up-or-down-march-6-2pm-et,Down,SELL,23.25,0.88,0.82,0.83,0.01,0.825,0.8268944099,0.6606129721,6516.98,3348.07,87.8048780488,0.0112195122,0.0033129458,226.586905,0.664924706,2,PASSIVE,,TRADE,,0.055,0.055,0.035,0.055,,2.0925,REDUCE
0x097283303c1c8327c12119c11636c6cac91e710bdca55cdf20edd0d3fdf4a579,2026-03-06T19:54:11Z,bitcoin-up-or-down-march-6-2pm-et,Down,SELL,44.12,0.85,0.82,0.83,0.01,0.825,0.8268944099,0.6606129721,6516.98,3348.07,88.0952380952,0.0111904762,0.0032777007,203.336905,0.664924706,8,PASSIVE,,TRADE,,0.025,0.025,0.005,0.015,,2.27867025,REDUCE
0xf7802f8f386cefe92f968c82752f75bf4aae3f93f35a87c181510e5b7bb9b02c,2026-03-06T19:54:11Z,solana-up-or-down-march-6-2pm-et,Down,SELL,5,0.71,0.66,0.67,0.01,0.665,0.6601694915,0.4186363374,2034.02,2824.66,91.3043478261,0.0108695652,0.0028810407,622.854106,0.5311795072,34,PASSIVE,,TRADE,,0.045,0.015,-0.005,-0.035,,2.1792246743,REDUCE
0x069ded2968731718caf780fc1a3bd97165cccc463d39dc4b69ea13c74ea197c3,2026-03-06T19:54:11Z,bitcoin-up-or-down-march-6-2pm-et,Down,BUY,25,0.79,0.82,0.83,0.01,0.825,0.8239775342,0.6562097605,6466.98,3388.07,88.3720930233,0.0111627907,0.0032435301,159.216905,0.664924706,0,PASSIVE,,TRADE,,0.035,0.055,0.055,0.045,16,,OPEN
0x40cdec51241f478011f30e5e3a137f2b708fdce37c2fb693d3460f8df04a94c7,2026-03-06T19:54:11Z,bitcoin-up-or-down-march-6-2pm-et,Down,SELL,45,0.85,0.82,0.83,0.01,0.825,0.8239775342,0.6562097605,6466.98,3388.07,88.6363636364,0.0111363636,0.0032103822,184.216905,0.6818986224,0,PASSIVE,,TRADE,,0.025,0.005,0.005,0.015,,1.91731665,REDUCE
0x17090250c38a64417a5d04d09c3b294b814af67c904d17f731d86c292e650ee7,2026-03-06T19:54:13Z,bitcoin-up-or-down-march-6-2pm-et,Down,BUY,16.52,0.83,0.82,0.83,0.01,0.825,0.8239775342,0.6605665957,6466.98,3323.07,88.8888888889,0.0111111111,0.0031782086,139.216905,0.6818986224,2,CROSS,,TRADE,,-0.005,0.015,0.015,-0.005,14,,OPEN
0xdf3de377fe20091ccddf6d0b156d8f875bd87cebb59f7a88cc78f9dc3dbc7f04,2026-03-06T19:54:13Z,bitcoin-up-or-down-march-6-2pm-et,Down,BUY,8.470587,0.8300000933,0.82,0.83,0.01,0.825,0.8239775342,0.6605665957,6466.98,3323.07,89.1304347826,0.0110869565,0.0031469639,155.736905,0.6976086737,0,CROSS,,TRADE,,-0.0050000933,0.0149999067,0.0149999067,-0.0050000933,14,,OPEN
0x09e8a8d2cf8fc3dcf85b261c32a7af7ce77eff4f00578031685c777e4aa8a5ae,2026-03-06T19:54:17Z,solana-up-or-down-march-6-2pm-et,Down,SELL,20,0.68,0.66,0.67,0.01,0.665,0.6620091324,0.5094576312,2586.98,2490.93,91.6666666667,0.0108333333,0.0028232985,617.854106,0.5311795072,6,PASSIVE,,TRADE,,0.015,-0.015,-0.065,-0.055,,5.9896014824,REDUCE
0xe8b1964025ba385531bf22c5732985573bb1094128bdb9f0a88db966c51a7499,2026-03-06T19:54:27Z,bitcoin-up-or-down-march-6-2pm-et,Down,SELL,25,0.84,0.83,0.84,0.01,0.835,0.8388424437,0.6658661877,6577.04,3300.38,88.3720930233,0.0111627907,0.0032435301,164.207492,0.7044380395,14,PASSIVE,,TRADE,,-0.005,-0.005,0.005,-0.005,,1.42650715,REDUCE
0x9834f8572e6c8fedfe9b6ff915a7290e937e1dd2e9956ebc4de1428278cdd0b9,2026-03-06T19:54:31Z,bitcoin-up-or-down-march-6-2pm-et,Down,SELL,25,0.86,0.83,0.84,0.01,0.835,0.8388424437,0.6658661877,6577.04,3300.38,88.6363636364,0.0111363636,0.0032103822,139.207492,0.7044380395,4,PASSIVE,,TRADE,,0.015,0.015,0.035,0.065,,1.82349285,REDUCE
0x9dab403b31884b94d9a5c0d9d218248b42d5446b18fbcc6bf0006c1cee9c1960,2026-03-06T19:54:33Z,bitcoin-up-or-down-march-6-2pm-et,Down,BUY,0.04,0.84,0.83,0.84,0.01,0.835,0.8388424437,0.6658661877,6577.04,3300.38,88.8888888889,0.0111111111,0.0031782086,114.207492,0.7044380395,2,CROSS,,TRADE,,0.005,0.005,-0.015,-0.035,50,,OPEN
0x56f41f6757b6378122864173f20344dd6f1c0b7b3edd3157a9795ae59c84baca,2026-03-06T19:54:33Z,bitcoin-up-or-down-march-6-2pm-et,Down,BUY,0.12,0.84,0.83,0.84,0.01,0.835,0.8388424437,0.6658661877,6577.04,3300.38,89.1304347826,0.0110869565,0.0031469639,114.247492,0.7044855021,0,CROSS,,TRADE,,0.005,0.005,-0.015,-0.035,50,,OPEN
0xdd3adc3ac9ae3150d2fd132e169002682806fbe5075a3d58c81a5dbdccc4bd2f,2026-03-06T19:54:35Z,bitcoin-up-or-down-march-6-2pm-et,Down,BUY,0.05,0.84,0.83,0.84,0.01,0.835,0.8388424437,0.6658661877,6577.04,3300.38,89.3617021277,0.0110638298,0.0031166053,114.367492,0.7046276906,2,CROSS,,TRADE,,0.005,0.005,0.005,-0.035,48,,OPEN
0x34b4adae16e9883a4bdfa00f9c6afab1f4b9f20b00deb807996959ab1422356f,2026-03-06T19:54:35Z,bitcoin-up-or-down-march-6-2pm-et,Down,BUY,0.01,0.84,0.84,0.85,0.01,0.845,0.8473101988,0.3505972841,1545.24,2862.21,89.5833333333,0.0110416667,0.0030870928,114.417492,0.7046868477,0,PASSIVE,,TRADE,,0.005,0.005,0.005,-0.035,48,,OPEN
0xcb14465859ba2153e8caf37b233eaf2f5ec765ae3a0ea1040101daa95d4749bf,2026-03-06T19:54:41Z,bitcoin-up-or-down-march-6-2pm-et,Down,BUY,1.19,0.84,0.83,0.84,0.01,0.835,0.8339735484,0.4298846224,2248.95,2982.57,87.1794871795,0.0112820513,0.0033868843,114.427492,0.704698673,6,CROSS,,TRADE,,-0.005,-0.005,-0.005,-0.025,42,,OPEN
0x8847b2a277338438624bc9546346172f07ac080247c1d711a294f3a4419f831f,2026-03-06T19:54:55Z,bitcoin-up-or-down-march-6-2pm-et,Down,BUY,14,0.81,0.82,0.83,0.01,0.825,0.8211862511,0.4650708452,2554.29,2937.97,97.1428571429,0.0102857143,0.0016903085,115.617492,0.70609127,14,PASSIVE,,TRADE,,0.015,0.015,0.035,-0.045,28,,OPEN
0x3fff503ff62e94fc25b76950d70aea5c3f6584a1542476abbbe1b653b9a89483,2026-03-06T19:54:57Z,bitcoin-up-or-down-march-6-2pm-et,Down,BUY,25,0.79,0.82,0.83,0.01,0.825,0.8211862511,0.4650708452,2554.29,2937.97,97.2222222222,0.0102777778,0.0016666667,129.617492,0.7173144637,2,PASSIVE,,TRADE,,0.035,0.035,0.055,-0.035,26,,OPEN
0x225c6a248ee3750c7f3e59bb568331cf3e685d2a152ca5fa25746535aed14454,2026-03-06T19:55:09Z,bitcoin-up-or-down-march-6-2pm-et,Down,BUY,3.333332,0.790000216,0.82,0.83,0.01,0.825,0.8211862511,0.4650708452,2554.29,2937.97,97.2972972973,0.0102702703,0.0016439899,154.617492,0.72906694,12,PASSIVE,,TRADE,,0.034999784,0.024999784,0.024999784,-0.095000216,14,,OPEN
0x04137d34545978365b9e1f0fc21ac47bd332b45faf7eaa12cbed53c5750ffb35,2026-03-06T19:55:17Z,xrp-up-or-down-march-6-2pm-et,Up,SELL,35,0.98,0.98,0.99,0.01,0.985,0.9802024389,0.7231472576,1586.52,607.39,77.2727272727,0.0122727273,0.0042893203,311.856346,0.772065526,80,CROSS,,TRADE,,-0.005,-0.005,-0.005,,,7.3564787594,REDUCE
0xab0bb72036364151ca6a9f27b6875ee21c9f9b116791fce10bd44ad45988474e,2026-03-06T19:55:19Z,xrp-up-or-down-march-6-2pm-et,Up,SELL,20,0.98,0.98,0.99,0.01,0.985,0.9802024389,0.7231472576,1586.52,607.39,78.2608695652,0.012173913,0.0042174117,276.856346,0.772065526,2,CROSS,,TRADE,,-0.005,-0.005,-0.005,,,1.9754131691,REDUCE
0xbd3519a06c903a1f53cca7f1839a6866d056ea0f9d9bcd347c20e7c51f57f0d5,2026-03-06T19:55:23Z,bitcoin-up-or-down-march-6-2pm-et,Down,SELL,12.14634,0.8199999341,0.79,0.8,0.01,0.795,0.7993802592,0.5805856104,2714.11,1960.67,100,0.01,0,157.950824,0.7303528519,14,PASSIVE,,TRADE,,0.0249999341,0.0149999341,0.0449999341,0.1049999341,,0.6073161996,REDUCE
0x6f698b1c90c07fdc35bf8507ab6d5c2127d76eb233b9ad84b517a91e185b9461,2026-03-06T19:55:27Z,bitcoin-up-or-down-march-6-2pm-et,Down,SELL,6.03,0.84,0.78,0.79,0.01,0.785,0.7825500196,0.39073147,1815.44,2830.82,96.4285714286,0.0103571429,0.0018898224,145.804484,0.7303528519,4,PASSIVE,,TRADE,,0.055,0.055,0.085,0.135,,0.22412825,REDUCE
0xcc29557469b30dcb504f3670f1f910a38cae02b28915084bc7a1908b67d00ca0,2026-03-06T19:55:29Z,solana-up-or-down-march-6-2pm-et,Down,SELL,16.657533,0.7299999946,0.62,0.64,0.02,0.63,0.6298597721,0.4668933973,2057.87,2349.71,100,0.0108695652,0.0028810407,597.854106,0.5311795072,72,PASSIVE,,TRADE,,0.1049999946,0.1049999946,0.0949999946,0.1749999946,,4.8659872601,REDUCE
0x9f92b7de5efb36b1a1d310d1a4a095ee2eb7f5005042a61cb983a66d1bd76321,2026-03-06T19:55:31Z,bitcoin-up-or-down-march-6-2pm-et,Down,SELL,1.176469,0.8499994475,0.78,0.79,0.01,0.785,0.7812580879,0.3983631772,1888.11,2851.56,96.5517241379,0.0103448276,0.0018569534,139.774484,0.7303528519,4,PASSIVE,,TRADE,,0.0649994475,0.0749994475,0.0799994475,0.1449994475,,0.03529342,REDUCE
0x55b44adf0b96307456d2656174332f4dfdc4451b7b2d08320bc8d1ddf75a1e5f,2026-03-06T19:55:33Z,bitcoin-up-or-down-march-6-2pm-et,Down,SELL,4.705881,0.8499998194,0.78,0.79,0.01,0.785,0.7812580879,0.3983631772,1888.11,2851.56,96.6666666667,0.0103333333,0.0018257419,138.598015,0.7303528519,2,PASSIVE,,TRADE,,0.0649998194,0.0749998194,0.1549998194,0.1649998194,,0.1411755801,REDUCE
0x32e9c52ebfe66a805ec13d7433780e0ca683812b52633ad61c59ee5e7a323bfd,2026-03-06T19:55:49Z,solana-up-or-down-march-6-2pm-et,Down,SELL,3.835819,0.6699998097,0.6,0.61,0.01,0.605,0.605,0.4768254592,1309.83,1437.15,91.3043478261,0.0108695652,0.0028810407,581.196573,0.5311795072,20,PASSIVE,,TRADE,,0.1099998097,0.0949998097,0.0799998097,0.0949998097,,1.0263122058,REDUCE
0x2f55a3cb50de5632855d78a9ea71ee4191108d8c3c6b78f3dfebc444c5e642f4,2026-03-06T19:55:49Z,solana-up-or-down-march-6-2pm-et,Down,SELL,1.880596,0.6699998298,0.6,0.61,0.01,0.605,0.605,0.4768254592,1309.83,1437.15,91.6666666667,0.0108333333,0.0028232985,577.360754,0.5311795072,0,PASSIVE,,TRADE,,0.1099998298,0.0949998298,0.0799998298,0.0949998298,,0.48895463,REDUCE
0x67b36ea74261cedf13e25f756f15c5ae2b7b36204d99670787e44c1d85addca8,2026-03-06T19:55:49Z,solana-up-or-down-march-6-2pm-et,Down,SELL,1.64179,0.6699998173,0.6,0.61,0.01,0.605,0.605,0.4768254592,1309.83,1437.15,92,0.0108,0.0027688746,575.480158,0.5311795072,0,PASSIVE,,TRADE,,0.1099998173,0.0949998173,0.0799998173,0.0949998173,,0.4268650913,REDUCE
0x49d0b356b45cb85e10dee35a2698fdf9a86800a3a1ac0150a0c68a85df6355a8,2026-03-06T19:55:49Z,solana-up-or-down-march-6-2pm-et,Down,SELL,2.134327,0.6699999578,0.6,0.61,0.01,0.605,0.605,0.4768254592,1309.83,1437.15,92.3076923077,0.0107692308,0.0027174649,573.838368,0.5311795072,0,PASSIVE,,TRADE,,0.1099999578,0.0949999578,0.0799999578,0.0949999578,,0.5549249186,REDUCE
0x62f1253e5b71558b5d18399ee884498343163d19e47c312571da35611cff4379,2026-03-06T19:55:49Z,solana-up-or-down-march-6-2pm-et,Down,SELL,2.074625,0.6699996385,0.6,0.61,0.01,0.605,0.605,0.4768254592,1309.83,1437.15,92.5925925926,0.0107407407,0.0026688026,571.704041,0.5311795072,0,PASSIVE,,TRADE,,0.1099996385,0.0949996385,0.0799996385,0.0949996385,,0.539401739,REDUCE
0x17ef72692e547c84397ceb1cb7634f41a40901e997b11b3d25d76637527609ed,2026-03-06T19:55:49Z,solana-up-or-down-march-6-2pm-et,Down,SELL,1.64179,0.6699998173,0.6,0.61,0.01,0.605,0.605,0.4768254592,1309.83,1437.15,92.8571428571,0.0107142857,0.0026226526,569.629416,0.5311795072,0,PASSIVE,,TRADE,,0.1099998173,0.0949998173,0.0799998173,0.0949998173,,0.4268650913,REDUCE
0x579e0e5846c49a503ab9b1ba3d80608ec73094ed76102435116859fd4a2134e9,2026-03-06T19:55:49Z,solana-up-or-down-march-6-2pm-et,Down,SELL,1.805969,0.6699998726,0.55,0.57,0.02,0.56,0.5611593304,0.5093581601,1270.38,1223.7,100,0.0110344828,0.0030993405,567.987626,0.5311795072,0,PASSIVE,,TRADE,,0.1099998726,0.0949998726,0.0799998726,0.0949998726,,0.4695517003,REDUCE
0x4423660fa674352c4fcad09a9052715f121143ed3b844c5efad9ca78edfe0a34,2026-03-06T19:55:49Z,solana-up-or-down-march-6-2pm-et,Down,SELL,10,0.66,0.55,0.57,0.02,0.56,0.5611593304,0.5093581601,1270.38,1223.7,100,0.0113333333,0.003457459,566.181657,0.5311795072,0,PASSIVE,,TRADE,,0.1,0.085,0.07,0.085,,2.5099904737,REDUCE
0x17b44c81ebbca99be8531139b160396803f69db31785eb4ebfae0abd7b401020,2026-03-06T19:55:51Z,solana-up-or-down-march-6-2pm-et,Down,SELL,25,0.65,0.55,0.57,0.02,0.56,0.5611593304,0.5093581601,1270.38,1223.7,100,0.0116129032,0.0037387825,556.181657,0.5311795072,2,PASSIVE,,TRADE,,0.09,0.075,0.075,0.11,,6.55494973,REDUCE
0x1cbfe346dfa1fe0bee5105808584bcaba1a7e0fdaadc451c2c8eb6fa08071ffd,2026-03-06T19:55:51Z,bitcoin-up-or-down-march-6-2pm-et,Down,BUY,22.434781,0.7700000281,0.67,0.69,0.02,0.68,0.68,0.2865884516,1421.43,3538.4,96.5517241379,0.0113793103,0.0044111368,133.892134,0.7303528519,18,CROSS,,TRADE,,-0.0850000281,-0.0750000281,-0.0550000281,-0.1150000281,12,,OPEN
0xac6325c1ecbf4bd6b7576873afd9fc6dee42a8b89fc83b3afef21070226b84b2,2026-03-06T19:55:53Z,bitcoin-up-or-down-march-6-2pm-et,Down,BUY,25,0.76,0.67,0.69,0.02,0.68,0.68,0.2865884516,1421.43,3538.4,96.6666666667,0.0116666667,0.0046113304,156.326915,0.7360426956,2,CROSS,,TRADE,,-0.035,-0.065,-0.045,-0.145,10,,OPEN
0xc49f087204f4c4ec4fbb8a5645d011ca9c20306398c8678dd9e11bed26d50a1f,2026-03-06T19:56:03Z,bitcoin-up-or-down-march-6-2pm-et,Down,SELL,4.33,0.77,0.7,0.72,0.02,0.71,0.7035133042,0.3665605383,2272.69,3927.35,96.2962962963,0.012962963,0.0054170776,181.326915,0.7393457497,10,PASSIVE,,TRADE,,0.065,0.065,0.085,0.065,,-0.2165,REDUCE
0xe8dc89239d413e6940304acaffcb2887950632bba8801e18b5a681696843839c,2026-03-06T19:56:03Z,bitcoin-up-or-down-march-6-2pm-et,Down,SELL,5.194804,0.7699999846,0.7,0.72,0.02,0.71,0.7035133042,0.3665605383,2272.69,3927.35,96.4285714286,0.0132142857,0.00547964,176.996915,0.7393457497,0,PASSIVE,,TRADE,,0.0649999846,0.0649999846,0.0849999846,0.0349999846,,-0.25974028,REDUCE
0x882e5bcb23729bc667deb416441a3bf49bcd70180abeeb365f279c698b161761,2026-03-06T19:56:05Z,solana-up-or-down-march-6-2pm-et,Down,BUY,25,0.63,0.56,0.57,0.01,0.565,0.5642477876,0.4065304335,1801.19,2629.45,80.6451612903,0.0119354839,0.0040160966,531.181657,0.5311795072,14,CROSS,,TRADE,,-0.065,-0.065,-0.115,0.04,36,,OPEN
0xa6e515e74259132e582f9eb58852a7459f3f7bb20bdfef4536abae9ea0d13e04,2026-03-06T19:56:07Z,bitcoin-up-or-down-march-6-2pm-et,Down,SELL,10,0.75,0.7,0.71,0.01,0.705,0.7044334975,0.3764348814,2123.36,3517.35,72.4137931034,0.0131034483,0.0054139029,171.802111,0.7393457497,4,PASSIVE,,TRADE,,0.045,0.035,0.045,0.015,,-0.78733178,REDUCE
0xead57a7a55a643191f53ca2df32f47882f6d48a6fb0e576c88950be8c5b3fba5,2026-03-06T19:56:09Z,bitcoin-up-or-down-march-6-2pm-et,Down,SELL,25,0.75,0.7,0.71,0.01,0.705,0.7044554455,0.3774455364,2117.36,3492.35,73.3333333333,0.013,0.0053498308,161.802111,0.7393457497,2,PASSIVE,,TRADE,,0.045,0.035,0.075,0.015,,-2.03167055,REDUCE
0x01bf9a99a06a4c1524a6dd5fbf388ad30d86573b5ef6f9d632b97dc87af27ffa,2026-03-06T19:56:11Z,bitcoin-up-or-down-march-6-2pm-et,Down,BUY,25,0.71,0.7,0.71,0.01,0.705,0.7044554455,0.3774455364,2117.36,3492.35,74.1935483871,0.0129032258,0.0052874369,136.802111,0.7393457497,2,CROSS,,TRADE,,-0.005,0.005,-0.035,0.035,10,,OPEN
0x25f517eeacc6fa87b99091416dfe1b294e60d86376da04167b6cf0dd8660b930,2026-03-06T19:56:11Z,bitcoin-up-or-down-march-6-2pm-et,Down,SELL,25,0.75,0.7,0.71,0.01,0.705,0.7044554455,0.3774455364,2117.36,3492.35,75,0.0128125,0.0052267149,161.802111,0.7348115459,0,PASSIVE,,TRADE,,0.045,0.035,0.075,0.005,,-1.17466356,REDUCE
0xd5b6802f23d5d30aac2331eb7c22ad964192b0aaba58f2b1b1b2ab6366571a44,2026-03-06T19:56:19Z,bitcoin-up-or-down-march-6-2pm-et,Down,BUY,3.56,0.66,0.73,0.74,0.01,0.735,0.7311111111,0.3568411462,1829,3296.53,71.875,0.013125,0.0053506105,136.802111,0.7348115459,8,PASSIVE,,TRADE,,0.045,0.045,-0.005,0.115,2,,OPEN
0xe40321c10dd3f087a7b3ddcc7b69726c50cd8a2c596619c5a2d11edd22b97964,2026-03-06T19:56:21Z,solana-up-or-down-march-6-2pm-et,Down,BUY,42.37096,0.59,0.56,0.57,0.01,0.565,0.5645454545,0.4731566313,1322.61,1472.68,81.25,0.011875,0.0039655777,556.181657,0.5356214234,16,CROSS,,TRADE,,-0.025,-0.025,-0.05,0.14,20,,OPEN
0x88373f4419e9bf59339ca69eab177c4ed0e5a3a414cac9fd1a298b9db4bcd342,2026-03-06T19:56:21Z,bitcoin-up-or-down-march-6-2pm-et,Down,SELL,25,0.72,0.7,0.71,0.01,0.705,0.7056,0.4150434141,1793,2527.03,72.7272727273,0.013030303,0.0052943652,140.362111,0.7329141029,2,PASSIVE,,TRADE,,0.015,0.015,0.065,-0.085,,-2.7047807503,REDUCE
0x418474c9d5f6a75523208e3941f62a689873e3ff7326c4d5a42c27f6b67300a1,2026-03-06T19:56:27Z,solana-up-or-down-march-6-2pm-et,Up,BUY,14,0.43,0.43,0.44,0.01,0.435,0.4374686749,0.5193374243,1477.65,1367.61,85.7142857143,0.0119047619,0.0051176632,527.61987,0.6080712942,340,PASSIVE,,TRADE,,0.005,-0.005,-0.085,-0.12,,,OPEN
0x7ea7a20f914536133d5f75bfb76d19cb6d1f96441bfd7cfa7d977d6b3e458724,2026-03-06T19:56:29Z,solana-up-or-down-march-6-2pm-et,Up,BUY,18.71089,0.4426315789,0.43,0.44,0.01,0.435,0.4374686749,0.5193374243,1477.65,1367.61,86.3636363636,0.0118181818,0.0050108108,541.61987,0.6034684385,2,CROSS,,TRADE,,-0.0076315789,-0.0176315789,-0.0976315789,-0.1326315789,,,OPEN
0x61e0f5088f18ba1406b5a0013af871d0cb0b7dac6aca8689551d836c0d7bf79a,2026-03-06T19:56:33Z,solana-up-or-down-march-6-2pm-et,Up,BUY,4.92411,0.44,0.43,0.44,0.01,0.435,0.4374686749,0.5193374243,1477.65,1367.61,86.9565217391,0.0117391304,0.0049102619,560.33076,0.5980976807,4,CROSS,,TRADE,,-0.015,-0.015,-0.115,-0.115,,,OPEN
0x79016406588cd772c0ef9c21120af30edb178a782a258ca5810f9a0723cca021,2026-03-06T19:56:37Z,solana-up-or-down-march-6-2pm-et,Up,BUY,32.26816,0.45,0.43,0.44,0.01,0.435,0.4392277992,0.5523596872,1380.38,1118.68,82.6086956522,0.012173913,0.0051843486,565.25487,0.5967204429,4,CROSS,,TRADE,,-0.035,-0.035,-0.125,-0.15,,,OPEN
0xe4eef4c5af1ed33df1337d6c94a1e4c731f6cbc5dbfc2c35bb9eeb3ffc633f3e,2026-03-06T19:56:37Z,bitcoin-up-or-down-march-6-2pm-et,Down,BUY,25,0.69,0.61,0.62,0.01,0.615,0.6101459144,0.4284884136,1740.19,2321.04,73.3333333333,0.013,0.0053498308,115.362111,0.7329141029,16,CROSS,,TRADE,,-0.045,-0.045,0.045,-0.045,2,,OPEN
0x3ded2fd516a1e72543f9c1c5e3f5903f821b40bb95e0c8822950172954825467,2026-03-06T19:56:39Z,solana-up-or-down-march-6-2pm-et,Down,BUY,2.55319,0.5300001175,0.56,0.57,0.01,0.565,0.5607722008,0.4440862862,1118.68,1400.38,80.6451612903,0.0119354839,0.0040160966,598.552617,0.5394708302,18,PASSIVE,,TRADE,,0.0699998825,0.1249998825,0.1449998825,0.1799998825,2,,OPEN
0xf2b257687a2b30d03489fa128846a8bb45003579a8772056f6df6f28026821f0,2026-03-06T19:56:39Z,bitcoin-up-or-down-march-6-2pm-et,Down,SELL,45,0.67,0.61,0.62,0.01,0.615,0.6101459144,0.4284884136,1740.19,2321.04,74.1935483871,0.0129032258,0.0052874369,140.362111,0.7252706401,2,PASSIVE,,TRADE,,0.025,-0.045,-0.075,0.025,,-5.5080274383,REDUCE
0xeabc0d87ff40bb48b06eef8ff083eb1715828c19e1104afe5d6ce87f2a125b95,2026-03-06T19:56:41Z,solana-up-or-down-march-6-2pm-et,Down,SELL,25,0.61,0.56,0.57,0.01,0.565,0.5607722008,0.4440862862,1118.68,1400.38,81.25,0.011875,0.0039655777,601.105807,0.5394306034,2,PASSIVE,,TRADE,,0.01,-0.045,-0.065,-0.1,,8.14000914,REDUCE
0x11a56d56aded13951fd72a09887f108aad97464b915f1953665bfc067298bc2c,2026-03-06T19:56:41Z,bitcoin-up-or-down-march-6-2pm-et,Down,BUY,45.16143,0.72,0.6,0.62,0.02,0.61,0.6008376531,0.4174828791,1655.09,2309.36,96.875,0.013125,0.0053506105,95.362111,0.7252706401,2,CROSS,,TRADE,,-0.075,-0.005,0.025,-0.075,12,,OPEN
0xebad7079e82832fd3740a41665a476315ed7271b55e55c57a95d9014d4f595b4,2026-03-06T19:56:45Z,solana-up-or-down-march-6-2pm-et,Down,BUY,37.4293,0.57,0.55,0.56,0.01,0.555,0.5535988484,0.443039673,1122.76,1411.46,81.8181818182,0.0118181818,0.0039167473,576.105807,0.5394306034,4,CROSS,,TRADE,,0.085,0.085,0.145,0.155,,,OPEN
0xe4490e005f7de07b4d9dd572e37126b06469904ea3a42516bc0a74eeb0a9c6d9,2026-03-06T19:56:45Z,solana-up-or-down-march-6-2pm-et,Down,BUY,25,0.57,0.55,0.56,0.01,0.555,0.5535988484,0.443039673,1122.76,1411.46,82.3529411765,0.0117647059,0.0038695299,613.535107,0.5412955189,0,CROSS,,TRADE,,0.085,0.085,0.145,0.155,,,OPEN
0xdaf328765d663fda0b84c48751d5eb1eef7b991afad8777cae711eabb46f2ff2,2026-03-06T19:56:45Z,bitcoin-up-or-down-march-6-2pm-et,Down,BUY,5,0.7,0.61,0.62,0.01,0.615,0.6169767442,0.7062652196,1719.89,715.3,72.7272727273,0.013030303,0.0052943652,140.523541,0.7235767628,4,CROSS,,TRADE,,0.015,0.005,0.075,0.015,8,,OPEN
0xed4d4cd01ef82f3ac49ffe1fe036816d5dbd653b5f025266f88b5674686de2a6,2026-03-06T19:56:51Z,bitcoin-up-or-down-march-6-2pm-et,Down,BUY,25,0.66,0.61,0.62,0.01,0.615,0.6169767442,0.7062652196,1719.89,715.3,73.5294117647,0.0129411765,0.0052393683,145.523541,0.7227666958,6,CROSS,,TRADE,,0.055,0.045,0.145,0.095,2,,OPEN
0xdc36e2d4af366f6c31750d31bcd799197381ae4ca43a0e091408e4aa128c6ce0,2026-03-06T19:56:53Z,bitcoin-up-or-down-march-6-2pm-et,Down,SELL,5.882351,0.6799998844,0.61,0.62,0.01,0.615,0.6169767442,0.7062652196,1719.89,715.3,74.2857142857,0.0128571429,0.0051856298,170.523541,0.7135646385,2,PASSIVE,,TRADE,,-0.0250001156,-0.0550001156,-0.1250001156,-0.0850001156,,-0.5294124353,REDUCE
0xfe7fe271821f3d75b0107765cfe131529d81a0d32d097b8de8d65b14073165b0,2026-03-06T19:56:55Z,bitcoin-up-or-down-march-6-2pm-et,Down,BUY,25,0.67,0.69,0.71,0.02,0.7,0.7030595642,0.6382057439,1661.09,941.66,96.4285714286,0.0125,0.0079930525,164.64119,0.7135646385,2,PASSIVE,,TRADE,,0.035,0.035,0.025,0.115,2,,OPEN
0x9df4aad97d7e5332d55bb473ee5993d64e7c76d2e79cf8649bda45f803fdae3b,2026-03-06T19:56:57Z,bitcoin-up-or-down-march-6-2pm-et,Down,SELL,62,0.65,0.69,0.71,0.02,0.7,0.7030595642,0.6382057439,1661.09,941.66,96.5517241379,0.0127586207,0.0079716246,189.64119,0.7078216037,2,CROSS,,TRADE,,-0.055,-0.055,-0.045,-0.125,,-5.5711739068,REDUCE
0x77efe92808680115195eae8a925444c6bf230a158c2500c7eb44749e004012d6,2026-03-06T19:56:59Z,bitcoin-up-or-down-march-6-2pm-et,Down,BUY,9,0.6,0.69,0.71,0.02,0.7,0.7030595642,0.6382057439,1661.09,941.66,96.6666666667,0.013,0.0079437679,127.64119,0.7078216037,2,PASSIVE,,TRADE,,0.105,0.105,0.095,0.175,4,,OPEN
0xab5965048917bcb8568cf6986e22c85016bb99b9ae9c0ebfbea004fc7054e90c,2026-03-06T19:56:59Z,bitcoin-up-or-down-march-6-2pm-et,Down,BUY,23,0.61,0.69,0.71,0.02,0.7,0.7030595642,0.6382057439,1661.09,941.66,96.7741935484,0.0132258065,0.007910793,136.64119,0.7007198327,0,PASSIVE,,TRADE,,0.095,0.085,0.085,0.165,4,,OPEN
0x5054895080f20237a1a0f1cc54878c4c305ef7a71ed5eb874974242a29d835c2,2026-03-06T19:57:03Z,bitcoin-up-or-down-march-6-2pm-et,Down,SELL,6.451611,0.6199998729,0.69,0.71,0.02,0.7,0.7030595642,0.6382057439,1661.09,941.66,96.875,0.0134375,0.0078737518,159.64119,0.6876495458,4,CROSS,,TRADE,,-0.0850001271,-0.0750001271,-0.0750001271,-0.0750001271,,-0.37722079,REDUCE
0xa0bfabce45f9afe040c1d212af5c5bd907183bae4848ca7654c93eb0e9ce523b,2026-03-06T19:59:03Z,bitcoin-up-or-down-march-6-2pm-et,Up,BUY,197.05947,0.41345,0.17,0.19,0.02,0.18,0.1734370016,0.5479363516,2314.39,1909.44,73.9130434783,0.0191304348,0.0112464311,381.464485,0.6951941292,990,CROSS,,TRADE,,-0.23345,-0.23345,-0.25345,,,,OPEN
0xc9902c447e8000f6df7ca878f7e63cf90a2d4270f337b26da80d762db9537c2d,2026-03-06T19:59:23Z,bitcoin-up-or-down-march-6-2pm-et,Up,BUY,99.44029,0.183185,0.15,0.16,0.01,0.155,0.1596677594,0.8049516867,3577.97,866.98,45.8333333333,0.0179166667,0.0088362724,578.523955,0.599225158,20,CROSS,,TRADE,,-0.028185,-0.023185,-0.103185,,,,OPEN
0xfc7b9194da4d7085e2959f3de7e0cd1125000308bafe5d41fb3f5bbf3f01eade,2026-03-06T20:00:05Z,bitcoin-up-or-down-march-6-2pm-et,Up,BUY,99.998018,0.0090000402,,0.01,,,,0,0,455368.67,,,,677.964245,0.5382025388,42,,,TRADE,,,,,,,,OPEN
0x7b61b42a45ac0f427a13e3ffcbea8ae90ff27a320e53a53b99290c57f768ace9,2026-03-06T20:00:11Z,solana-up-or-down-march-6-3pm-et,Up,BUY,42.32867,0.49,0.48,0.49,0.01,0.485,0.4874860192,0.5181392343,3736.53,3474.91,,,,0,0,,CROSS,,TRADE,,-0.005,-0.005,0.015,0.025,380,,OPEN
0xb3e682d8a21b612484cf78fc58c667f61f2541bb78d96e27a947a33ed7cc23de,2026-03-06T20:00:13Z,solana-up-or-down-march-6-3pm-et,Up,BUY,42.32867,0.49,0.48,0.49,0.01,0.485,0.4874860192,0.5181392343,3736.53,3474.91,100,0.01,0,42.32867,0.49,2,CROSS,,TRADE,,-0.005,-0.005,0.015,0.025,378,,OPEN
0x28a613742ee97e1c051093387f1e49549913f156da634b9f206354dd3950937d,2026-03-06T20:00:15Z,bitcoin-up-or-down-march-6-3pm-et,Down,BUY,25,0.47,0.47,0.48,0.01,0.475,0.4720221931,0.4757024063,12013.85,13241.12,,,,0,0,,PASSIVE,,TRADE,,0.005,0.005,-0.015,-0.025,210,,OPEN
0xfc893aa74eaf8592db2daba5c2e4cd83764213edda6a6f953fb20021236dd705,2026-03-06T20:00:19Z,bitcoin-up-or-down-march-6-3pm-et,Down,BUY,1.296791,0.4700001774,0.47,0.48,0.01,0.475,0.4720221931,0.4757024063,12013.85,13241.12,100,0.01,0,25,0.47,4,PASSIVE,,TRADE,,0.0049998226,0.0049998226,-0.0150001774,-0.0250001774,206,,OPEN
0x87ea1400f089ba5cc0a5ef7b471df69c701a65a8281c497b53a10ca8be329cc0,2026-03-06T20:00:21Z,solana-up-or-down-march-6-3pm-et,Up,BUY,25,0.48,0.49,0.5,0.01,0.495,0.4983060896,0.5324342349,3592.6,3154.9,100,0.01,0,84.65734,0.49,8,PASSIVE,,TRADE,,0.015,0.015,0.025,0.035,370,,OPEN
0x1a529b5b6676a7e101bbd368f0638ecf927301724e9016e67ef108281d3ca6d4,2026-03-06T20:00:25Z,bitcoin-up-or-down-march-6-3pm-et,Down,BUY,9.698112,0.4700000371,0.47,0.48,0.01,0.475,0.4772222222,0.4867195713,8356.61,8812.64,100,0.01,0,26.296791,0.4700000087,6,PASSIVE,,TRADE,,0.0049999629,0.0149999629,-0.0150000371,-0.0250000371,200,,OPEN
0xd8c7df48f086de22a9c7a957fad95380e4e8598b7d481eb171e1d07b28506ab5,2026-03-06T20:00:29Z,xrp-up-or-down-march-6-3pm-et,Up,BUY,10,0.46,0.44,0.45,0.01,0.445,0.4495597235,0.4148645415,2132.69,3008,,,,0,0,,CROSS,,TRADE,,-0.015,-0.015,0.01,0.025,116,,OPEN
0x3c42be05f1437d226005b327ef688bdbe4c8a9ef726851bca01c5b9ad4790ee1,2026-03-06T20:00:29Z,xrp-up-or-down-march-6-3pm-et,Up,BUY,1.85185,0.46,0.44,0.45,0.01,0.445,0.4495597235,0.4148645415,2132.69,3008,100,0.01,0,10,0.46,0,CROSS,,TRADE,,-0.015,-0.005,0.01,0.025,116,,OPEN
0xaf3a1d0ef05ec365a78316f4ccb431918147178ed3f9e5df926e1de600be6156,2026-03-06T20:00:29Z,xrp-up-or-down-march-6-3pm-et,Up,BUY,1.85185,0.46,0.44,0.45,0.01,0.445,0.4495597235,0.4148645415,2132.69,3008,100,0.01,0,11.85185,0.46,0,CROSS,,TRADE,,-0.015,-0.005,0.01,0.025,116,,OPEN
0xacb34f73ba0522280b89fa8e1b44347e2510b35e9c0e15dba4a21a156e127b99,2026-03-06T20:00:29Z,xrp-up-or-down-march-6-3pm-et,Up,BUY,1.85185,0.46,0.44,0.45,0.01,0.445,0.4495597235,0.4148645415,2132.69,3008,100,0.01,0,13.7037,0.46,0,CROSS,,TRADE,,-0.015,-0.005,0.015,0.025,116,,OPEN
0x04dd463c115bc2716816b123c3314848a6d4a303aeb7b778ab1b2d7a7a87afec,2026-03-06T20:00:33Z,bitcoin-up-or-down-march-6-3pm-et,Down,BUY,25,0.46,0.47,0.48,0.01,0.475,0.4766494845,0.4020351576,8367.61,12445.52,100,0.01,0,35.994903,0.4700000164,8,PASSIVE,,TRADE,,0.025,-0.005,-0.015,-0.085,192,,OPEN
0xe4da5b069ffc26d3127fdbca884862cc98d2520892c283762e925d8f8ab8c71c,2026-03-06T20:01:11Z,xrp-up-or-down-march-6-3pm-et,Up,BUY,5,0.46,0.48,0.49,0.01,0.485,0.489824469,0.4945735863,2283.56,2333.67,87.5,0.01125,0.0033783196,15.55555,0.46,42,PASSIVE,,TRADE,,0.03,0.03,0.035,0.065,74,,OPEN
0xd0c82b0b76b0c3b91e873988a336e005cc094be39a2706a9d86f073dfa25bfa3,2026-03-06T20:01:11Z,xrp-up-or-down-march-6-3pm-et,Up,BUY,10,0.46,0.48,0.49,0.01,0.485,0.489824469,0.4945735863,2283.56,2333.67,88,0.0112,0.0033166248,20.55555,0.46,0,PASSIVE,,TRADE,,0.03,0.03,0.035,0.075,74,,OPEN
0x5ffb5dcf89f2ab3d8b79d55eb105fade7e74fdf121e9181c460ca5b4d5fe3941,2026-03-06T20:01:31Z,xrp-up-or-down-march-6-3pm-et,Up,BUY,9.84575,0.46,0.48,0.49,0.01,0.485,0.489824469,0.4945735863,2283.56,2333.67,88.4615384615,0.0111538462,0.0032581259,30.55555,0.46,20,PASSIVE,,TRADE,,0.035,0.035,0.07,0.05,54,,OPEN
0xefe7c77254ac10c8fd6cfb09ec4e482b6258a835e46f7e06bbd3d7c16a5c7675,2026-03-06T20:01:35Z,xrp-up-or-down-march-6-3pm-et,Up,BUY,14.76638,0.48,0.48,0.49,0.01,0.485,0.489824469,0.4956658735,2293.56,2333.67,88.8888888889,0.0111111111,0.0032025631,40.4013,0.46,4,PASSIVE,,TRADE,,0.015,0.005,0.05,0.025,50,,OPEN
0x95c59aee115b60a7193fc71f267c430ad1016636a91abbaa807c050db64f0bbf,2026-03-06T20:01:37Z,xrp-up-or-down-march-6-3pm-et,Up,BUY,34.45357,0.49,0.48,0.49,0.01,0.485,0.489824469,0.4956658735,2293.56,2333.67,89.2857142857,0.0110714286,0.0031497039,55.16768,0.4653532721,2,CROSS,,TRADE,,0.005,-0.005,0.04,0.015,48,,OPEN
0xecc857f00e15f42d9a96c8a3bcf5e5a4c4be0c9cda224d4a3fcbd0a51801e2ea,2026-03-06T20:01:37Z,xrp-up-or-down-march-6-3pm-et,Up,BUY,34.45357,0.49,0.48,0.49,0.01,0.485,0.489824469,0.4956658735,2293.56,2333.67,89.6551724138,0.0110344828,0.0030993405,89.62125,0.4748283437,0,CROSS,,TRADE,,0.005,-0.005,0.04,0.015,48,,OPEN
0xef44f2a5d6f6bfeab082f6913f13c303a5344e52e188eaeb071f8f730b127b69,2026-03-06T20:01:39Z,xrp-up-or-down-march-6-3pm-et,Down,BUY,2.8,0.5,0.51,0.52,0.01,0.515,0.5101740038,0.5043247801,2338.67,2298.56,,,,0,0,,PASSIVE,,TRADE,,0.005,0.005,-0.03,-0.005,570,,OPEN
0x7b8426f9a8b6198ba0a2bb83a29c2f64b5d3930798e2be6dfbb11084ece1f37e,2026-03-06T20:01:39Z,xrp-up-or-down-march-6-3pm-et,Down,BUY,12.081631,0.5100000157,0.51,0.52,0.01,0.515,0.5101740038,0.5043247801,2338.67,2298.56,100,0.01,0,2.8,0.5,0,PASSIVE,,TRADE,,0.0049999843,-0.0050000157,-0.0400000157,-0.0150000157,570,,OPEN
0x1046f42c94e7d5578748c570b7d025a5c276735feee4515ebf57a95aa83556b5,2026-03-06T20:01:39Z,xrp-up-or-down-march-6-3pm-et,Down,BUY,2.7,0.5,0.51,0.52,0.01,0.515,0.5101740038,0.5043247801,2338.67,2298.56,100,0.01,0,14.881631,0.5081184986,0,PASSIVE,,TRADE,,0.015,0.005,-0.025,-0.005,570,,OPEN
0x68f15dc39fb6a5bced462705ecd003b85842d7c842165fc91953476a8a736dbd,2026-03-06T20:01:39Z,xrp-up-or-down-march-6-3pm-et,Down,BUY,2.755101,0.5100001779,0.51,0.52,0.01,0.515,0.5101740038,0.5043247801,2338.67,2298.56,100,0.01,0,17.581631,0.5068717459,0,PASSIVE,,TRADE,,0.0049998221,-0.0150001779,-0.0350001779,-0.0150001779,570,,OPEN
0x985e12e0dbcc7c738dba76aa866efba1f811a0c15d10c00ef01e5a3db656f80b,2026-03-06T20:01:39Z,bitcoin-up-or-down-march-6-3pm-et,Up,BUY,79.87598,0.62,0.62,0.63,0.01,0.625,0.6298834884,0.500940881,11444.3,11401.31,,,,0,0,,PASSIVE,,TRADE,,0.015,0.015,0.035,0.015,214,,OPEN
0x78170466825d848bbd005e897b0220e1459019c5ab707e93bb05910c794eafa1,2026-03-06T20:01:41Z,solana-up-or-down-march-6-3pm-et,Up,BUY,42.3808,0.6,0.6,0.61,0.01,0.605,0.6094023904,0.4413915782,2937.92,3718.12,91.6666666667,0.0108333333,0.0028232985,109.65734,0.4877201709,80,PASSIVE,,TRADE,,0.015,0.025,0.055,0.03,290,,OPEN
0x5d511a98d62b0af13374e0142f6ba58429f9c9a12266e2b3ee71c249873e44d2,2026-03-06T20:01:41Z,ethereum-up-or-down-march-6-3pm-et,Up,BUY,16.75131,0.59,0.58,0.6,0.02,0.59,0.5975345234,0.4811676846,6826.35,7360.7,,,,0,0,,PASSIVE,,TRADE,,0.025,0.035,0.055,0.04,2180,,OPEN
0x30230d0691abef6c31a795050e8ad443097a3a6deca468f57c30d8cbefb4c23c,2026-03-06T20:01:43Z,xrp-up-or-down-march-6-3pm-et,Up,BUY,7.84,0.5,0.49,0.5,0.01,0.495,0.4929171529,0.4718851457,2293.56,2566.86,90,0.011,0.0030512858,124.07482,0.4790412672,6,CROSS,,TRADE,,-0.015,0.005,0.025,0.01,42,,OPEN
0xe3d98baf5cc09de8dde3aaa1ae40bf6d0e22b211a1431048a61e3938b03aca14,2026-03-06T20:01:43Z,ethereum-up-or-down-march-6-3pm-et,Up,BUY,44.352,0.6,0.58,0.59,0.01,0.585,0.5898508019,0.4921872739,6803.17,7019.15,50,0.015,0.0070710678,16.75131,0.59,2,CROSS,,TRADE,,0.01,0.035,0.045,0.035,2178,,OPEN
0x2e62b49c66295c6a2709d0f5c1db452d9e998b0a96c59b206317f2ebf871b30f,2026-03-06T20:01:45Z,bitcoin-up-or-down-march-6-3pm-et,Up,BUY,19.236841,0.6200000302,0.61,0.63,0.02,0.62,0.6271344325,0.4923361886,11671.43,12034.79,100,0.015,0.0070710678,79.87598,0.62,6,PASSIVE,,TRADE,,0.0049999698,0.0249999698,0.0349999698,0.0249999698,208,,OPEN
0x888311377d52a8adf48f561a4aaa11321a4381ea95a272ae3f4bf1d189753fb4,2026-03-06T20:01:45Z,bitcoin-up-or-down-march-6-3pm-et,Up,BUY,5,0.62,0.61,0.63,0.02,0.62,0.6271344325,0.4923361886,11671.43,12034.79,100,0.0166666667,0.0057735027,99.112821,0.6200000059,0,PASSIVE,,TRADE,,0.015,0.025,0.035,0.015,208,,OPEN
0x91f6ed9c64a110a7cadcd81ff4a047b396e578b76eac6f7fa3e4f037c09a069e,2026-03-06T20:02:01Z,ethereum-up-or-down-march-6-3pm-et,Up,BUY,2.80896,0.6,0.64,0.65,0.01,0.645,0.6442182001,0.5504704714,4205.71,3434.5,83.3333333333,0.0116666667,0.0038924947,61.10331,0.5972585266,18,PASSIVE,,TRADE,,0.045,0.045,0.035,-0.015,2160,,OPEN
0x6abaa24d3b4fdad758006fe91e0dbe10a088da2073a7e060c40dfe289a6a5866,2026-03-06T20:02:03Z,xrp-up-or-down-march-6-3pm-et,Up,BUY,5,0.49,0.52,0.53,0.01,0.525,0.5225,0.5906231173,1794,1243.47,88.8888888889,0.0111111111,0.0032025631,131.91482,0.4802868927,20,PASSIVE,,TRADE,,0.04,0.035,0.015,-0.035,22,,OPEN
0xf42d5f9093d8fdb70a5af267b96112aac2ff391c7cd8dcbe2f327c74381f6db6,2026-03-06T20:02:11Z,bitcoin-up-or-down-march-6-3pm-et,Up,BUY,25,0.62,0.65,0.66,0.01,0.655,0.6597807327,0.6319229511,10721.11,6244.74,84.6153846154,0.0115384615,0.0037553381,104.112821,0.6200000056,26,PASSIVE,,TRADE,,0.045,0.035,0.025,-0.035,182,,OPEN
0x4a0a786016f8e5545a96a6aeef00fb83f7bfd63994d973528d03c6afd8fe8441,2026-03-06T20:02:19Z,solana-up-or-down-march-6-3pm-et,Up,BUY,5,0.62,0.61,0.62,0.01,0.615,0.6185365854,0.5543632842,3188.62,2563.24,76.1904761905,0.0123809524,0.0043643578,152.03814,0.5190182976,38,CROSS,,TRADE,,-0.02,-0.015,-0.035,-0.03,252,,OPEN
0x144226de5cb53655fc5ff71c82d3cca3d4a205edaf0c7e70a4518d4b33cfbf73,2026-03-06T20:02:23Z,ethereum-up-or-down-march-6-3pm-et,Up,BUY,13,0.62,0.62,0.63,0.01,0.625,0.6200014527,0.4512783328,6024.48,7325.33,86.3636363636,0.0113636364,0.0035125009,63.91227,0.597379015,22,PASSIVE,,TRADE,,-0.025,-0.015,-0.035,-0.055,2138,,OPEN
0x4b6799ebe61d6fdfc81affef9acf45397dd654af264bce730af77963f9e5ab28,2026-03-06T20:02:23Z,solana-up-or-down-march-6-3pm-et,Up,BUY,10,0.62,0.61,0.62,0.01,0.615,0.6185365854,0.5365567019,2967.62,2563.24,77.2727272727,0.0122727273,0.0042893203,157.03814,0.5222334944,4,CROSS,,TRADE,,-0.02,-0.015,-0.035,-0.045,248,,OPEN
0x4a40d1dcbe8e205399b1c3dcac698fbf687f7cd61cd6835b83f5c96d06e2ca70,2026-03-06T20:02:25Z,xrp-up-or-down-march-6-3pm-et,Up,BUY,10,0.5,0.47,0.48,0.01,0.475,0.4766666667,0.3376673453,1252.29,2456.36,86.3636363636,0.0113636364,0.0035125009,136.91482,0.4806416062,22,CROSS,,TRADE,,-0.025,-0.035,-0.045,-0.075,,,OPEN
0x0c60b45f53341b34031c5f105461b8a7b8a7d69f632db0c8ed3c2f64387f3f2e,2026-03-06T20:02:25Z,xrp-up-or-down-march-6-3pm-et,Up,SELL,6.26,0.53,0.47,0.48,0.01,0.475,0.4766666667,0.3376673453,1252.29,2456.36,86.9565217391,0.0113043478,0.0034435022,146.91482,0.4819592673,0,PASSIVE,,TRADE,,0.055,0.065,0.075,0.105,,0.4382,REDUCE
0x03f0efcde129b4043195f33163c2b8f68676c8aef377acd8ff5266bc49f748a0,2026-03-06T20:02:31Z,xrp-up-or-down-march-6-3pm-et,Up,BUY,4.92213,0.52,0.47,0.48,0.01,0.475,0.4766666667,0.3376673453,1252.29,2456.36,87.5,0.01125,0.0033783196,140.65482,0.4819592673,6,CROSS,,TRADE,,-0.055,-0.06,-0.065,-0.085,,,OPEN
0xabee76cff4b2075f97974cee9212747463adcfbd72e65b3511ce51b459c5d220,2026-03-06T20:02:37Z,xrp-up-or-down-march-6-3pm-et,Up,BUY,5,0.53,0.47,0.48,0.01,0.475,0.4772727273,0.3388408085,1240.73,2420.96,88,0.0112,0.0033166248,145.57695,0.4832454697,6,CROSS,,TRADE,,-0.065,-0.07,-0.09,-0.09,,,OPEN
0xf2fff567175df9fe43ae2355244b10e9789636879ee957916a89bdcab0e1ce14,2026-03-06T20:02:45Z,solana-up-or-down-march-6-3pm-et,Up,BUY,10,0.63,0.59,0.61,0.02,0.6,0.6093693694,0.4653977151,3161.94,3632.12,100,0.0126086957,0.0044897776,167.03814,0.5280864394,22,CROSS,,TRADE,,-0.045,-0.045,-0.04,-0.035,226,,OPEN
0x94e79ad7c6824adf529d7d4f11c04840e53cb667447c478a4f3029e5e416b9eb,2026-03-06T20:03:01Z,bitcoin-up-or-down-march-6-3pm-et,Down,BUY,1.5625,0.36,0.4,0.41,0.01,0.405,0.409404153,0.4995054324,11422.92,11445.54,100,0.01,0,60.994903,0.4659013065,148,PASSIVE,,TRADE,,0.035,0.055,0.045,-0.005,44,,OPEN
0xd38e5ded3790bc57fe02e1ac0a1921665114cfd299669ccca192846b1e468ee0,2026-03-06T20:03:01Z,solana-up-or-down-march-6-3pm-et,Down,BUY,4.92926,0.39,0.41,0.42,0.01,0.415,0.4100909091,0.4761086336,3158,3474.94,,,,0,0,,PASSIVE,,TRADE,,0.025,0.025,0.035,0.015,744,,OPEN
0x6b798f2289bf28156efb9fee9db78b6d6c023516bcde972403a562674d017e1f,2026-03-06T20:03:03Z,xrp-up-or-down-march-6-3pm-et,Down,BUY,34.45706,0.53,0.54,0.56,0.02,0.55,0.5403861004,0.4441578573,1765.07,2208.9,95.2380952381,0.0128571429,0.0056061191,20.336732,0.5072955674,84,PASSIVE,,TRADE,,0.02,0.045,0.035,0.015,486,,OPEN
0xa00a77855782f721c942fad2aa1c8705eefad148df41fd5561480677a040d5f8,2026-03-06T20:03:03Z,ethereum-up-or-down-march-6-3pm-et,Down,BUY,1.803276,0.3900001996,0.41,0.43,0.02,0.42,0.4103234787,0.4767680279,6473.48,7104.36,,,,0,0,,PASSIVE,,TRADE,,0.0249998004,0.0399998004,0.0349998004,0.0199998004,554,,OPEN
0xfee469680294f9b59d847321c5b9ef3ea40329717290b038572cdaaea2923d8b,2026-03-06T20:03:03Z,bitcoin-up-or-down-march-6-3pm-et,Down,BUY,1.5873,0.37,0.39,0.4,0.01,0.395,0.3902769857,0.5104698124,11598.16,11122.4,100,0.01,0,62.557403,0.4632562033,2,PASSIVE,,TRADE,,0.035,0.035,0.025,-0.025,42,,OPEN
0xa489465098f451c26d473765de4dba8f24ee4f3cfe22a429a6dc35821539a927,2026-03-06T20:03:03Z,bitcoin-up-or-down-march-6-3pm-et,Down,BUY,1.5873,0.37,0.39,0.4,0.01,0.395,0.3902769857,0.5104698124,11598.16,11122.4,100,0.01,0,64.144703,0.4609485213,0,PASSIVE,,TRADE,,0.035,0.035,0.025,-0.025,42,,OPEN
0x28b18f9062dfe87c9f0f334f7e14adf49463e7ebc343959e5307c8036baf3a26,2026-03-06T20:03:05Z,bitcoin-up-or-down-march-6-3pm-et,Down,BUY,21.82,0.37,0.39,0.4,0.01,0.395,0.3902769857,0.5104698124,11598.16,11122.4,100,0.01,0,65.732003,0.4587522915,2,PASSIVE,,TRADE,,0.035,0.025,0.025,-0.025,40,,OPEN
0x503bfcdcb0402e90531eef45807f48e0f4a94914a26566428d89755803e9dfd4,2026-03-06T20:03:11Z,bitcoin-up-or-down-march-6-3pm-et,Down,BUY,1.016665,0.4,0.39,0.4,0.01,0.395,0.3998040831,0.6080053612,12075.71,7785.48,100,0.01,0,87.552003,0.4366331516,6,CROSS,,TRADE,,-0.005,0.015,-0.015,-0.055,34,,OPEN
0x46c1626145bbbbd99e6cf5312d0607b8ab5fb81c4ead577219384ad10b81adb1,2026-03-06T20:03:17Z,bitcoin-up-or-down-march-6-3pm-et,Down,BUY,23.98,0.4,0.39,0.4,0.01,0.395,0.3998040831,0.6080053612,12075.71,7785.48,100,0.01,0,88.568668,0.4362126458,6,CROSS,,TRADE,,-0.005,0.015,-0.035,-0.055,28,,OPEN
0xfdc70817ecda7afb22df9f9683dda74f0872008fd9c918efaca6812af57a3a6f,2026-03-06T20:03:19Z,xrp-up-or-down-march-6-3pm-et,Up,BUY,10,0.45,0.43,0.44,0.01,0.435,0.438015873,0.4876007852,1870.5,1965.63,88,0.0112,0.0033166248,150.57695,0.4847979826,42,CROSS,,TRADE,,-0.025,-0.025,0.01,0.035,,,OPEN
0x84f5044266365e0c8515bd7a8a02fde13f7a3cbe80cf555d095ef4bedbd9b754,2026-03-06T20:03:25Z,bitcoin-up-or-down-march-6-3pm-et,Down,BUY,25,0.4,0.38,0.39,0.01,0.385,0.3816792862,0.5711398639,11225.24,8428.86,100,0.01,0,112.548668,0.4284970569,8,CROSS,,TRADE,,-0.015,-0.015,-0.035,-0.035,20,,OPEN
0xb61f9c7c896688def3c81dae7dba24481b41965bc79daee0c7eb18fe9f39c160,2026-03-06T20:03:31Z,bitcoin-up-or-down-march-6-3pm-et,Down,BUY,25,0.39,0.38,0.39,0.01,0.385,0.3816792862,0.5711398639,11225.24,8428.86,100,0.01,0,137.548668,0.4233176071,6,CROSS,,TRADE,,-0.005,-0.005,-0.035,-0.015,14,,OPEN
0x18d72a7d9775b596d7dd4118ffa4b60fb3fb2b402f98cbd9d65aea36fc024195,2026-03-06T20:03:39Z,bitcoin-up-or-down-march-6-3pm-et,Down,BUY,25,0.39,0.38,0.39,0.01,0.385,0.3816792862,0.5711398639,11225.24,8428.86,100,0.01,0,162.548668,0.4181933561,8,CROSS,,TRADE,,-0.025,-0.025,-0.045,0.005,6,,OPEN
0x9db7ab0fc37b8f43ec86ed4062680d7d1f313df867c5e81f413476eaf712698b,2026-03-06T20:03:45Z,bitcoin-up-or-down-march-6-3pm-et,Down,BUY,25,0.37,0.34,0.35,0.01,0.345,0.3484596405,0.6919525519,8964.1,3990.69,100,0.01,0,187.548668,0.4144352174,6,CROSS,,TRADE,,-0.025,-0.015,-0.025,0.035,10,,OPEN
0xe47f9e16a6d3eeba53fbda503d52ed4d3fdfd37789b13ee1d3dab6d4702af598,2026-03-06T20:03:45Z,bitcoin-up-or-down-march-6-3pm-et,Down,SELL,25,0.39,0.34,0.35,0.01,0.345,0.3484596405,0.6919525519,8964.1,3990.69,100,0.01,0,212.548668,0.4092087418,0,PASSIVE,,TRADE,,0.045,0.035,0.045,-0.015,,-2,REDUCE
0xa868b9e7b4a36fe3343f1c137379d3fd4ff39c69f959f7c74556d8619115765a,2026-03-06T20:03:47Z,solana-up-or-down-march-6-3pm-et,Up,BUY,12.08,0.56,0.59,0.6,0.01,0.595,0.5969990599,0.5036032617,2083.17,2053.36,80.9523809524,0.0123809524,0.0053895843,177.03814,0.5338430273,62,PASSIVE,,TRADE,,0.035,0.035,0.025,-0.005,164,,OPEN
0x7c5b35b385b5941aafae37760ee284fd870f20c615a3728f9762bc1681590be7,2026-03-06T20:03:51Z,xrp-up-or-down-march-6-3pm-et,Up,BUY,0.3,0.45,0.45,0.48,0.03,0.465,0.4710550459,0.4339939739,1869.62,2438.32,100,0.0140909091,0.0059032605,160.57695,0.482630923,32,PASSIVE,,TRADE,,0.01,0.005,0.035,0.005,,,OPEN
0x161fbfa3d9e058c081022f173621a1f28bd20c5b2c17c94bf60bfdb38699467b,2026-03-06T20:03:53Z,bitcoin-up-or-down-march-6-3pm-et,Down,BUY,24.623691,0.3500000061,0.34,0.35,0.01,0.345,0.3479680433,0.7137257461,7875.1,3158.69,100,0.01,0,187.548668,0.4092087418,8,CROSS,,TRADE,,0.0049999939,-0.0050000061,-0.0050000061,0.0649999939,2,,OPEN
0x90404e17181bf5205aa3ecc1155c7a3895f4693e5efdf7c26060d3aecbfdfa97,2026-03-06T20:03:55Z,xrp-up-or-down-march-6-3pm-et,Up,BUY,10,0.45,0.45,0.48,0.03,0.465,0.4710550459,0.4339939739,1869.62,2438.32,100,0.0147826087,0.0066534784,160.87695,0.4825700735,4,PASSIVE,,TRADE,,0.01,0.015,0.005,0.02,,,OPEN
0x7707095110e4ecc2ac6a9212775990f695410cd78f4d0440ae021636d7cc663e,2026-03-06T20:03:55Z,bitcoin-up-or-down-march-6-3pm-et,Down,SELL,2.702701,0.3699998631,0.34,0.35,0.01,0.345,0.3479680433,0.7134024653,7875.1,3163.69,100,0.01,0,212.172359,0.4023372642,2,PASSIVE,,TRADE,,0.0149998631,0.0249998631,0.0049998631,-0.0450001369,,-0.2702707522,REDUCE
0xf0bf4bcd2671b1f114a87e3f6c02574ab247ca75dc88744859ac7829d20baca9,2026-03-06T20:03:55Z,bitcoin-up-or-down-march-6-3pm-et,Down,SELL,2.702701,0.3699998631,0.34,0.35,0.01,0.345,0.3479680433,0.7134024653,7875.1,3163.69,100,0.01,0,209.469658,0.4023372642,0,PASSIVE,,TRADE,,0.0149998631,0.0249998631,0.0049998631,-0.0450001369,,-0.2702705703,REDUCE
0x467b2a09e15ed028c6ea2e8cacd3f3aabe238842d965a71844a4bcb664d87011,2026-03-06T20:03:57Z,bitcoin-up-or-down-march-6-3pm-et,Down,SELL,5.405404,0.3699999112,0.34,0.35,0.01,0.345,0.3479680433,0.7134024653,7875.1,3163.69,100,0.01,0,206.766957,0.4023372642,2,PASSIVE,,TRADE,,0.0149999112,0.0249999112,-0.0050000888,-0.0450000888,,-0.5405410805,REDUCE
0x98afb3415d8ac676cbbbe35b34a280931b6ffa6eb14b740634f301cafd4a0e6a,2026-03-06T20:03:59Z,bitcoin-up-or-down-march-6-3pm-et,Down,SELL,14.17,0.37,0.34,0.35,0.01,0.345,0.3479680433,0.7134024653,7875.1,3163.69,100,0.01,0,201.361553,0.4023372642,2,PASSIVE,,TRADE,,0.025,0.025,-0.005,-0.045,,-1.2771409768,REDUCE
0x0cdb9887fef95a0cfb4f10a4e1be61a1bb1ecdabacb270160f6fc052933690f2,2026-03-06T20:03:59Z,bitcoin-up-or-down-march-6-3pm-et,Down,SELL,16.62162,0.3699999759,0.34,0.35,0.01,0.345,0.3479680433,0.7134024653,7875.1,3163.69,100,0.01,0,187.191553,0.4023372642,0,PASSIVE,,TRADE,,0.0249999759,0.0249999759,-0.0050000241,-0.0450000241,,-0.9756441306,REDUCE
0x7f6d44a79e6ada83244f7c54c123636e55f6e42a5e08529bfb4df2721b9e9755,2026-03-06T20:04:01Z,solana-up-or-down-march-6-3pm-et,Up,BUY,10,0.58,0.57,0.58,0.01,0.575,0.5766775201,0.4810281518,2118.27,2285.36,82.6086956522,0.012173913,0.0051843486,189.11814,0.5355138148,14,CROSS,,TRADE,,-0.005,-0.005,-0.005,0.01,150,,OPEN
0x9d3539ff91b9c5f93f8933db369209979f031e1e29ab861196fe2933278aa0c0,2026-03-06T20:04:35Z,solana-up-or-down-march-6-3pm-et,Up,BUY,10,0.58,0.54,0.56,0.02,0.55,0.5564571672,0.4773142578,2110.55,2311.17,100,0.0125,0.0044232587,199.11814,0.5377479751,34,CROSS,,TRADE,,-0.03,-0.03,0.015,-0.055,116,,OPEN
0xd5aba0ba27418edd1faa33ae2685125e2acfdfb9b45dcc35191e2a344ac83599,2026-03-06T20:04:43Z,bitcoin-up-or-down-march-6-3pm-et,Up,BUY,25,0.55,0.58,0.59,0.01,0.585,0.5892100486,0.479678098,3000.54,3254.78,95.4545454545,0.0104545455,0.0021320072,129.112821,0.6200000045,152,PASSIVE,,TRADE,,0.035,0.035,0.055,0.005,30,,OPEN
0x8703eeee6e736b32d3b1d7a691f0f664e48021c2f573e6a47e717dfeaab1ad24,2026-03-06T20:04:57Z,ethereum-up-or-down-march-6-3pm-et,Down,BUY,4.149106,0.4400000868,0.43,0.44,0.01,0.435,0.431216458,0.5663003633,5465.58,4185.8,86.9565217391,0.0113043478,0.0034435022,1.803276,0.3900001996,114,CROSS,,TRADE,,-0.0050000868,-0.0050000868,0.0149999132,0.0049999132,440,,OPEN
0xf805635c685775f345b08b2bdf2a504927abdf94e7ff6b90857b396e385ac913,2026-03-06T20:04:59Z,bitcoin-up-or-down-march-6-3pm-et,Down,BUY,25,0.41,0.39,0.4,0.01,0.395,0.3903208066,0.7204984171,8229.36,3192.4,100,0.01,0,170.569933,0.4023372642,60,CROSS,,TRADE,,-0.015,-0.015,0.015,0.01,64,,OPEN
0x2c1fccdd98d90ec29e75d4dd31fdbc544716b3f75af637edeb4431b40742641f,2026-03-06T20:05:13Z,bitcoin-up-or-down-march-6-3pm-et,Up,SELL,2.29,0.63,0.58,0.59,0.01,0.585,0.5826053981,0.303872463,3719.56,8520.97,100,0.01,0,154.112821,0.6086446863,30,PASSIVE,,TRADE,,0.045,0.045,0.075,0.025,,0.0229,REDUCE
0x9ab441a6dcf82fdd582fe8e43d16dc58567544bca3603b94494c86bb2707de11,2026-03-06T20:05:15Z,bitcoin-up-or-down-march-6-3pm-et,Up,SELL,25,0.61,0.58,0.59,0.01,0.585,0.5826053981,0.303872463,3719.56,8520.97,100,0.01,0,151.822821,0.6086446863,2,PASSIVE,,TRADE,,0.025,0.025,0.055,-0.005,,-0.25,REDUCE
0x81a51944fcfe4a6ef9b4d52cd65f3664afd833a9fc07301a123129839cf74e54,2026-03-06T20:05:19Z,solana-up-or-down-march-6-3pm-et,Down,BUY,6,0.43,0.44,0.45,0.01,0.445,0.4405433719,0.4451071385,1940.36,2418.95,86.3636363636,0.0113636364,0.0035125009,4.92926,0.39,138,PASSIVE,,TRADE,,0.015,0.025,0.04,-0.005,606,,OPEN
0xc29020e4761a7e7ba12cb8da59e0dc7412775597a70194d96bec95baa51d272a,2026-03-06T20:05:21Z,bitcoin-up-or-down-march-6-3pm-et,Down,BUY,8.333332,0.400000024,0.41,0.42,0.01,0.415,0.4175286398,0.6964120067,8520.97,3714.56,100,0.01,0,195.569933,0.4033168033,22,PASSIVE,,TRADE,,0.014999976,0.024999976,0.034999976,-0.015000024,42,,OPEN
0x06fb84b5f7c08a8cfb3427b58d866735ac13125323758d5e0e57f6a21ade8fb0,2026-03-06T20:05:23Z,bitcoin-up-or-down-march-6-3pm-et,Down,BUY,16.66,0.4,0.41,0.42,0.01,0.415,0.4175286398,0.6958432996,8520.97,3724.56,100,0.01,0,203.903265,0.4031812497,2,PASSIVE,,TRADE,,0.015,0.035,0.035,-0.015,40,,OPEN
0x5d8b93fb79270fac0187ed0639373b1dfaec3684788bf967999d89e5b9892ca7,2026-03-06T20:05:49Z,bitcoin-up-or-down-march-6-3pm-et,Down,BUY,25,0.44,0.41,0.42,0.01,0.415,0.4157182265,0.6781311843,8354.21,3965.25,100,0.01,0,220.563265,0.4029409575,26,CROSS,,TRADE,,-0.025,-0.02,-0.055,-0.025,14,,OPEN
0x2f99166d186e1e8a1ed06c23ba9bbc3a45815f44c394a63aa97588025c6f78d4,2026-03-06T20:05:53Z,bitcoin-up-or-down-march-6-3pm-et,Down,BUY,25,0.43,0.38,0.39,0.01,0.385,0.3810822894,0.5718048372,4624.18,3462.81,96,0.0104,0.002,245.563265,0.4067138185,4,CROSS,,TRADE,,-0.045,-0.045,-0.045,-0.015,10,,OPEN
0xad582db51f1d8228dc6e0055ec9a3fc041d2f1a4889f8f831eea50a70979bc83,2026-03-06T20:05:57Z,ethereum-up-or-down-march-6-3pm-et,Down,BUY,1.85185,0.46,0.42,0.43,0.01,0.425,0.4211238095,0.5032585685,4423.98,4366.69,100,0.01,0,5.952382,0.4248526052,60,CROSS,,TRADE,,-0.035,-0.035,-0.045,-0.025,380,,OPEN
0xed1e194991498c7d6dfc58f374a518145422ff0cbf10d2f3a532d8a110845463,2026-03-06T20:05:59Z,solana-up-or-down-march-6-3pm-et,Down,BUY,25,0.45,0.42,0.43,0.01,0.425,0.4210822511,0.3843907711,1764,2825.08,82.6086956522,0.0117391304,0.0038755339,10.92926,0.4119594007,40,CROSS,,TRADE,,-0.025,-0.025,-0.045,0.005,566,,OPEN
0xbb48868b16c0c2f848bd04cf3ec033c20aa3dc5dc1c08841a806bd4b1ab4a6f6,2026-03-06T20:06:03Z,bitcoin-up-or-down-march-6-3pm-et,Down,SELL,25,0.43,0.38,0.39,0.01,0.385,0.3811316953,0.5841454484,4674.18,3327.56,96.1538461538,0.0103846154,0.0019611614,270.563265,0.4088654578,10,PASSIVE,,TRADE,,0.045,0.045,0.065,0.01,,1.37848731,REDUCE
0x27de2d7c4a640c88a2570571b316c273251b90aef73d333f20fc018a17623e45,2026-03-06T20:06:11Z,xrp-up-or-down-march-6-3pm-et,Down,BUY,20,0.52,0.55,0.57,0.02,0.56,0.5628571429,0.5323583745,2106.59,1850.5,100,0.0122727273,0.0042893203,54.793792,0.5215732432,188,PASSIVE,,TRADE,,0.04,0.04,0.055,0.05,298,,OPEN
0x27ec587d8b117912fb5a48545d9a7d9c0638806385cb5ddd26422c0890b2352c,2026-03-06T20:06:31Z,solana-up-or-down-march-6-3pm-et,Up,SELL,25,0.6,0.55,0.56,0.01,0.555,0.552,0.5022448806,2303.29,2282.7,63.6363636364,0.0136363636,0.0049236596,209.11814,0.539768461,116,PASSIVE,,TRADE,,0.045,0.045,0.055,0.025,,2.75,REDUCE
0x62bf9386c2f60aadf58ae08fa043f573684c55613e2fae8c828c31c53151e8f3,2026-03-06T20:06:51Z,bitcoin-up-or-down-march-6-3pm-et,Down,SELL,25,0.43,0.42,0.43,0.01,0.425,0.4214634146,0.5081488498,4270.3,4133.34,100,0.01,0,245.563265,0.4088654578,48,PASSIVE,,TRADE,,0.01,0.01,0.005,0.015,,0.75,REDUCE
0x72c60479d985f3daa559bfa7b1c9f819f7f7fbe62e6c5104ec0234b88bea5479,2026-03-06T20:06:59Z,xrp-up-or-down-march-6-3pm-et,Up,BUY,20,0.44,0.42,0.43,0.01,0.425,0.425952381,0.4861793497,1685.19,1781,72.7272727273,0.0127272727,0.0045584231,170.87695,0.4806640193,184,CROSS,,TRADE,,-0.015,-0.01,-0.005,-0.035,,,OPEN
0x6eb506da2f7398a6bf59afce9c5797dd25e4ff7f0bde627a41d40c518580027c,2026-03-06T20:07:01Z,xrp-up-or-down-march-6-3pm-et,Down,BUY,8.43,0.54,0.57,0.59,0.02,0.58,0.5709905567,0.5135969706,2072.41,1962.68,100,0.015,0.0051075392,74.793792,0.521152555,50,PASSIVE,,TRADE,,0.04,0.04,0.025,0.07,248,,OPEN
0xd4d8997abc7c40c1cc0f33bcfc516681b1ffd52558b2614159b084b167de8e97,2026-03-06T20:07:01Z,xrp-up-or-down-march-6-3pm-et,Down,BUY,11.565216,0.5400000311,0.57,0.59,0.02,0.58,0.5709905567,0.5135969706,2072.41,1962.68,100,0.0152,0.0050990195,83.223792,0.5230616721,0,PASSIVE,,TRADE,,0.0399999689,0.0399999689,0.0249999689,0.0699999689,248,,OPEN
0xefc04d3298e11b28d1056a40c02ac4382abe99b57e51eff7d3b8a32f3e633764,2026-03-06T20:07:21Z,bitcoin-up-or-down-march-6-3pm-et,Down,SELL,25,0.44,0.4,0.41,0.01,0.405,0.4001006107,0.5325785225,4266.87,3744.85,87.5,0.01125,0.0033783196,220.563265,0.4088654578,30,PASSIVE,,TRADE,,0.035,0.035,0.025,0,,1.04053758,REDUCE
0xeaa14d8d306f56a0398437a0268e8785db3840a94268cf447c540b2525928e18,2026-03-06T20:07:39Z,ethereum-up-or-down-march-6-3pm-et,Down,BUY,15,0.41,0.42,0.44,0.02,0.43,0.4265330959,0.5628421522,5734.9,4454.28,100,0.0117391304,0.0038755339,7.804232,0.4331926575,102,PASSIVE,,TRADE,,0.02,0.02,0.025,0.085,278,,OPEN
0x08ad4e77e46d1a25343f68586324429f4f4a4218f5222be84f1be6f04ba7db5e,2026-03-06T20:08:05Z,xrp-up-or-down-march-6-3pm-et,Down,BUY,34.496,0.6,0.67,0.68,0.01,0.675,0.6744868533,0.5030802239,1821.9,1799.59,50,0.015,0.0051075392,94.789008,0.5251283229,64,PASSIVE,,TRADE,,0.075,0.075,0.085,0.075,184,,OPEN
0xacd16fcc595ff7cfbd1b61f4ca6d429fe3cce10e3a816fbc8d9a7136ea2b0424,2026-03-06T20:08:23Z,xrp-up-or-down-march-6-3pm-et,Down,BUY,3.055554,0.640000144,0.69,0.7,0.01,0.695,0.6932635544,0.4853701925,1778.94,1886.18,73.9130434783,0.0126086957,0.0044897776,129.285008,0.5451056846,18,PASSIVE,,TRADE,,0.054999856,0.054999856,0.034999856,0.024999856,166,,OPEN
0xe9f2ecd8e60bea0de033a510c20fb1df3b3767a3988e761906c38aeb12a61cb6,2026-03-06T20:08:23Z,xrp-up-or-down-march-6-3pm-et,Down,BUY,3.055554,0.640000144,0.69,0.7,0.01,0.695,0.6932635544,0.4853701925,1778.94,1886.18,75,0.0125,0.0044232587,132.340562,0.5472966618,0,PASSIVE,,TRADE,,0.054999856,0.054999856,0.034999856,0.024999856,166,,OPEN
0xbe76bbd918fbe422ab3a16c8bb49a307bb843fac514de65f6d1027d986662f2b,2026-03-06T20:08:23Z,xrp-up-or-down-march-6-3pm-et,Down,BUY,3.055554,0.640000144,0.69,0.7,0.01,0.695,0.6932635544,0.4853701925,1778.94,1886.18,76,0.0124,0.0043588989,135.396116,0.5493887491,0,PASSIVE,,TRADE,,0.054999856,0.054999856,0.034999856,0.024999856,166,,OPEN
0x2c936ed9075638ed7723116e15a8603d61b2ea89836527111c0f7a677e143d76,2026-03-06T20:08:23Z,xrp-up-or-down-march-6-3pm-et,Down,BUY,1.3,0.64,0.69,0.7,0.01,0.695,0.6932635544,0.4853701925,1778.94,1886.18,76.9230769231,0.0123076923,0.0042966892,138.45167,0.5513884939,0,PASSIVE,,TRADE,,0.055,0.055,0.035,0.025,166,,OPEN
0x1e2e40104616a214ada3b51ba5e0aff2182e98660dae5892c6dfe8784d712b31,2026-03-06T20:08:23Z,xrp-up-or-down-march-6-3pm-et,Down,BUY,3.055554,0.640000144,0.69,0.7,0.01,0.695,0.6932635544,0.4853701925,1778.94,1886.18,77.7777777778,0.0122222222,0.0042365927,139.75167,0.5522127771,0,PASSIVE,,TRADE,,0.054999856,0.054999856,0.034999856,0.024999856,166,,OPEN
0x0ad09ae33df45d917331004222012bdcb1d92d1aaa68568a1f56130f78c30fbd,2026-03-06T20:08:23Z,xrp-up-or-down-march-6-3pm-et,Down,BUY,4.722221,0.6400001186,0.69,0.7,0.01,0.695,0.6932635544,0.4853701925,1778.94,1886.18,78.5714285714,0.0121428571,0.0041785545,142.807224,0.5540911068,0,PASSIVE,,TRADE,,0.0549998814,0.0549998814,0.0349998814,0.0249998814,166,,OPEN
0xadaf3d9a5cc2942cbf2841b106ee73248e2541d3cc25e9d1d64fe08cd6c58bd8,2026-03-06T20:08:23Z,xrp-up-or-down-march-6-3pm-et,Down,BUY,1.725554,0.640000255,0.69,0.7,0.01,0.695,0.6920714315,0.4733431817,1858.44,2067.76,79.3103448276,0.0120689655,0.0041225082,147.529445,0.5568409398,0,PASSIVE,,TRADE,,0.054999745,0.054999745,0.034999745,0.024999745,166,,OPEN
0x1260fa09778c8323b78831f6c82853b22c45491bc45364529964698fcf7b2549,2026-03-06T20:08:33Z,solana-up-or-down-march-6-3pm-et,Down,BUY,42.33296,0.47,0.47,0.48,0.01,0.475,0.472247191,0.4992322039,2272.5,2279.49,86.3636363636,0.0113636364,0.0035125009,35.92926,0.4384284953,154,PASSIVE,,TRADE,,0.005,0.005,0.005,-0.015,412,,OPEN
0xcc03585c736b728fb260372dd5258abc4c406a3d0c56b8cccc184df4f5c4b9e5,2026-03-06T20:08:37Z,solana-up-or-down-march-6-3pm-et,Down,BUY,5.76,0.48,0.47,0.48,0.01,0.475,0.472247191,0.4992322039,2272.5,2279.49,86.9565217391,0.0113043478,0.0034435022,78.26222,0.4555058954,4,CROSS,,TRADE,,-0.005,-0.005,-0.015,-0.03,408,,OPEN
0x037cc838b721a83f9c0a11e0adc24b1cac5df1e0c1d93c8cbd39ff22b67361d3,2026-03-06T20:08:43Z,bitcoin-up-or-down-march-6-3pm-et,Down,BUY,5,0.47,0.44,0.45,0.01,0.445,0.4418461538,0.3810290972,3327.71,5405.77,95.4545454545,0.0104545455,0.0021320072,195.563265,0.4088654578,82,CROSS,,TRADE,,-0.025,-0.025,-0.055,-0.055,192,,OPEN
0x4d06b123867f86600314f0ee48e194fe396d13f63e872617be2828388dfcf269,2026-03-06T20:08:51Z,solana-up-or-down-march-6-3pm-et,Down,BUY,25,0.47,0.46,0.47,0.01,0.465,0.4681481481,0.469661553,2391,2699.9,87.5,0.01125,0.0033783196,84.02222,0.457185047,14,CROSS,,TRADE,,-0.005,-0.005,-0.015,-0.025,394,,OPEN
0x2bf6986a0a0ec515ac1986cf1c78e14d3f44b5cd4e32c215d20604f8aba68051,2026-03-06T20:09:13Z,bitcoin-up-or-down-march-6-3pm-et,Down,BUY,25,0.43,0.41,0.42,0.01,0.415,0.4148004025,0.4758288596,4361.69,4804.82,95.652173913,0.0104347826,0.0020851441,200.563265,0.410389529,30,CROSS,,TRADE,,-0.015,-0.015,-0.015,-0.025,162,,OPEN
0x0c950849139da873acc0db2ec88627bad7cbeaddbe5cb026ef96ef2a95addfc3,2026-03-06T20:10:09Z,solana-up-or-down-march-6-3pm-et,Up,BUY,5,0.58,0.57,0.59,0.02,0.58,0.5857142857,0.5643152659,2697.98,2083,100,0.0122727273,0.0042893203,184.11814,0.539768461,218,PASSIVE,,TRADE,,-0.005,-0.015,-0.015,-0.14,1782,,OPEN
0x61e549ce114db634d89382d72ad212cbae339adebea554c05b523ff1e99aee60,2026-03-06T20:10:11Z,ethereum-up-or-down-march-6-3pm-et,Down,BUY,9.615383,0.4800000166,0.51,0.52,0.01,0.515,0.5167202098,0.5432852481,5402.51,4541.64,72.7272727273,0.0127272727,0.0045584231,22.804232,0.4179371618,152,PASSIVE,,TRADE,,0.0349999834,0.0649999834,0.0849999834,0.1749999834,126,,OPEN
0xef870b75430a69ee14e7e155ac16fa72472714e1202a3fa94638fda3d5148a64,2026-03-06T20:10:19Z,solana-up-or-down-march-6-3pm-et,Up,BUY,25,0.59,0.57,0.58,0.01,0.575,0.5790697674,0.4988673169,2428.97,2440,65.2173913043,0.0134782609,0.0048698475,189.11814,0.5408321226,10,CROSS,,TRADE,,-0.015,-0.015,-0.065,-0.145,1772,,OPEN
0xfaed836066729cb26f1527ec328ab39d48bdc3b7525a6c9037553c6462153547,2026-03-06T20:10:25Z,solana-up-or-down-march-6-3pm-et,Up,BUY,4.977271,0.5600000482,0.57,0.58,0.01,0.575,0.5790697674,0.4988673169,2428.97,2440,66.6666666667,0.0133333333,0.0048154341,214.11814,0.5465728643,6,PASSIVE,,TRADE,,0.0149999518,0.0199999518,-0.0450000482,-0.1450000482,1766,,OPEN
0xa5a8b86776b976aabc2c39a895051dde81a14332ccbabb0d8fb868bbaf8ccb5c,2026-03-06T20:10:37Z,bitcoin-up-or-down-march-6-3pm-et,Up,BUY,25,0.59,0.52,0.53,0.01,0.525,0.5250418473,0.6749403764,7550.45,3636.39,90.9090909091,0.0109090909,0.0029424494,126.822821,0.6086446863,322,CROSS,,TRADE,,-0.065,-0.065,-0.115,-0.115,1020,,OPEN
0x3114a4d135a4889fc2ea55d4b9ab0bc743d49d71012b9e0ec9cf30875867e41e,2026-03-06T20:10:57Z,xrp-up-or-down-march-6-3pm-et,Down,BUY,2.94,0.68,0.67,0.68,0.01,0.675,0.6771258862,0.5473900921,2116.44,1749.98,77.2727272727,0.0127272727,0.0055048188,149.254999,0.5578023541,154,CROSS,,TRADE,,0.005,0.005,0.035,0.06,12,,OPEN
0x1f0d1e964d6512622cf7424f68af312a64ee67e2b5bd79cdfccff834c6e897fe,2026-03-06T20:11:01Z,ethereum-up-or-down-march-6-3pm-et,Down,BUY,5,0.61,0.65,0.66,0.01,0.655,0.6595029041,0.5415448181,4144.41,3508.53,82.6086956522,0.0117391304,0.0038755339,32.419615,0.4363444785,50,PASSIVE,,TRADE,,0.045,0.045,0.07,0.075,76,,OPEN
0xfd1bbc426abee39d4abf717e25ed2dc459884786c5b09daa9e9e2304604cda4b,2026-03-06T20:11:05Z,ethereum-up-or-down-march-6-3pm-et,Down,BUY,25,0.62,0.65,0.66,0.01,0.655,0.6595029041,0.5415448181,4144.41,3508.53,83.3333333333,0.0116666667,0.0038069349,37.419615,0.4595482877,4,PASSIVE,,TRADE,,0.035,0.055,0.065,0.045,72,,OPEN
0x5e37085ba78a1832bdf891b15d973df9a2e50d20364f4221f579820ba1abdf30,2026-03-06T20:11:07Z,bitcoin-up-or-down-march-6-3pm-et,Down,BUY,44.29688,0.5,0.53,0.54,0.01,0.535,0.5366445183,0.6099370338,6394.22,4089.19,100,0.01,0,225.563265,0.4125630291,114,PASSIVE,,TRADE,,0.035,0.035,0.035,0.055,48,,OPEN
0xf22a5bcbee3a658cfae78df18a404f1242219a0f6ce378f71248c5de2a14a555,2026-03-06T20:11:09Z,xrp-up-or-down-march-6-3pm-et,Down,SELL,30,0.69,0.71,0.72,0.01,0.715,0.7192405063,0.5060234241,1995.22,1947.72,79.1666666667,0.0129166667,0.0062409355,152.194999,0.5601628855,12,CROSS,,TRADE,,-0.025,-0.025,-0.02,-0.025,,5.2617339602,REDUCE
0x61afb759f751273bd9023dbf5e333cd336d012667ec6d1030260ce142a9f117a,2026-03-06T20:11:09Z,ethereum-up-or-down-march-6-3pm-et,Down,BUY,25,0.65,0.67,0.68,0.01,0.675,0.6779520295,0.4640863071,4047.06,4673.43,88,0.0112,0.0033166248,62.419615,0.5238116256,4,PASSIVE,,TRADE,,0.025,0.025,0.025,0.025,68,,OPEN
0x2276ff6f55cdb3140422a7c5d0a86490079edf6c58fc3767ace91181577862b8,2026-03-06T20:11:11Z,bitcoin-up-or-down-march-6-3pm-et,Down,BUY,25,0.5,0.53,0.54,0.01,0.535,0.5322860929,0.6034693882,6130.73,4028.41,100,0.01,0,269.860145,0.4269155931,4,PASSIVE,,TRADE,,0.035,0.035,0.045,0.055,44,,OPEN
0x4d5834a841d1982cc88ba1c1097d59360bfb64118d6dad94ccc8edbf7e53aa22,2026-03-06T20:11:23Z,xrp-up-or-down-march-6-3pm-et,Down,BUY,34.61413,0.7,0.69,0.71,0.02,0.7,0.7092604097,0.4909079465,2105.73,2183.73,91.6666666667,0.01375,0.0064689896,122.194999,0.5601628855,14,PASSIVE,,TRADE,,-0.005,-0.005,0.03,0.03,314,,OPEN
0x43b0be0ce3dfda3382585f85d489c918ba0d4c02b22d49c610ecf72b1b03f658,2026-03-06T20:11:25Z,xrp-up-or-down-march-6-3pm-et,Down,BUY,5,0.69,0.69,0.71,0.02,0.7,0.7092604097,0.4909079465,2105.73,2183.73,92,0.014,0.0064549722,156.809129,0.5910306041,2,PASSIVE,,TRADE,,0.005,0.005,0.04,0.04,312,,OPEN
0xa548ec215d215e6dc71b9b2b856dea24b79fc996cf655f52fde56ade9df53f41,2026-03-06T20:11:25Z,solana-up-or-down-march-6-3pm-et,Down,BUY,41.75772,0.51,0.53,0.54,0.01,0.535,0.5305200208,0.4239959767,2166.7,2943.49,81.8181818182,0.0118181818,0.0039477102,109.02222,0.4601236574,154,PASSIVE,,TRADE,,0.045,0.045,0.05,0.125,240,,OPEN
0xee98c20112a9112a3da04645456a1cd7c19bd8014e8d238f2159c892d90ac35e,2026-03-06T20:11:25Z,bitcoin-up-or-down-march-6-3pm-et,Down,BUY,44.29688,0.5,0.52,0.53,0.01,0.525,0.522776694,0.6287526406,6176.08,3646.67,100,0.01,0,294.860145,0.4331121246,14,PASSIVE,,TRADE,,0.035,0.065,0.065,0.085,30,,OPEN
0xa785867f4a101859977c8a21e292614312d8e673207b96cfd3e095c161a81f3f,2026-03-06T20:11:27Z,ethereum-up-or-down-march-6-3pm-et,Down,BUY,61.34387,0.6996775679,0.65,0.66,0.01,0.655,0.6537455325,0.4606213046,3765.16,4408.93,92,0.0108,0.0027688746,87.419615,0.5598985994,18,CROSS,,TRADE,,-0.0246775679,-0.0146775679,-0.0046775679,0.0003224321,50,,OPEN
0x58b8f5325450e3da20234211ae7698e6550bb262148ee745e88cf13e02974225,2026-03-06T20:11:27Z,bitcoin-up-or-down-march-6-3pm-et,Down,BUY,25,0.51,0.53,0.54,0.01,0.535,0.5309066714,0.6192423411,6464.76,3975.03,100,0.01,0,339.157025,0.4418482674,2,PASSIVE,,TRADE,,0.025,0.055,0.065,0.075,28,,OPEN
0x5676b2487f8af5dcc422c46e059290c339727bb28eb51947f236d2e7e7f46941,2026-03-06T20:11:31Z,xrp-up-or-down-march-6-3pm-et,Down,BUY,20,0.67,0.69,0.7,0.01,0.695,0.699347897,0.4979300906,2044.73,2061.73,69.2307692308,0.0138461538,0.0063730201,161.809129,0.5940888183,6,PASSIVE,,TRADE,,0.025,0.065,0.045,0.055,306,,OPEN
0xd182adf45895becf48e1993c6a82f137863077405938ebbae77f0a372cd7019a,2026-03-06T20:11:33Z,ethereum-up-or-down-march-6-3pm-et,Down,BUY,18.76082,0.66,0.66,0.67,0.01,0.665,0.668011257,0.4919882687,4270.96,4410.06,92.3076923077,0.0107692308,0.0027174649,148.763485,0.6175376287,6,PASSIVE,,TRADE,,0.025,0.025,0.005,0.035,44,,OPEN
0x71deaefe3b37459cdd772853e67c0a8005694655bb95cd4328636bf6fd10f770,2026-03-06T20:11:39Z,bitcoin-up-or-down-march-6-3pm-et,Down,BUY,25,0.53,0.53,0.54,0.01,0.535,0.5338801613,0.6413699312,6729.76,3763.03,100,0.01,0,364.157025,0.4465269999,12,PASSIVE,,TRADE,,0.035,0.035,0.025,0.065,16,,OPEN
0x2c92b354a8f0929b459533085f599202f6e58a750e6743a7fd8edba60c3176d5,2026-03-06T20:11:43Z,xrp-up-or-down-march-6-3pm-et,Down,BUY,7.89543,0.71,0.72,0.73,0.01,0.725,0.724,0.4282581983,1648.49,2200.8,69.2307692308,0.0134615385,0.0056159115,181.809129,0.6024394641,12,PASSIVE,,TRADE,,0.005,0.005,0.005,0.02,294,,OPEN
0xff070a05b9ececd19f500e1b560ef46bbcab52a960c0c0d93094ef11b83aa4a1,2026-03-06T20:11:45Z,bitcoin-up-or-down-march-6-3pm-et,Down,BUY,44.31087,0.55,0.56,0.57,0.01,0.565,0.5692282958,0.5751777999,6808,5028.34,96.1538461538,0.0103846154,0.0019611614,389.157025,0.451889424,6,PASSIVE,,TRADE,,0.015,0.015,0.025,0.045,10,,OPEN
0x547bc12c630c6b26c6cc888f2020e96ded10185778b02a0fb12f114f813a9f2c,2026-03-06T20:11:45Z,xrp-up-or-down-march-6-3pm-et,Down,BUY,20,0.72,0.71,0.72,0.01,0.715,0.7187179487,0.495162883,1950.61,1988.72,70.3703703704,0.0133333333,0.005547002,189.704559,0.6069160917,2,CROSS,,TRADE,,-0.005,-0.005,-0.005,0.01,292,,OPEN
0x54c9fc371fd5aba9ac1fbcba3151c20a5ff3a2db09057808fc3dea6a06b9ad12,2026-03-06T20:11:47Z,bitcoin-up-or-down-march-6-3pm-et,Down,BUY,25,0.52,0.56,0.57,0.01,0.565,0.5685416667,0.5727056149,6832,5097.34,96.2962962963,0.0103703704,0.0019245009,433.467895,0.4619186903,2,PASSIVE,,TRADE,,0.045,0.045,0.055,0.075,8,,OPEN
0x1f5105196ce0e79cbb5908d6b0f4bb13d6dec574fba35fcdb550e754f7424f64,2026-03-06T20:11:55Z,bitcoin-up-or-down-march-6-3pm-et,Down,SELL,25,0.54,0.56,0.57,0.01,0.565,0.5685416667,0.5727056149,6832,5097.34,96.4285714286,0.0103571429,0.0018898224,458.467895,0.4650858319,8,CROSS,,TRADE,,-0.025,-0.015,-0.045,-0.055,,3.75,REDUCE
0x850742b6d483db5763e9791c8d4de32a41bb4e046473965ad567af0f8a4d7056,2026-03-06T20:11:59Z,bitcoin-up-or-down-march-6-3pm-et,Down,SELL,5,0.54,0.57,0.58,0.01,0.575,0.5794205586,0.4140644551,2829.29,4003.68,96.4285714286,0.0103571429,0.0018898224,433.467895,0.4650858319,4,CROSS,,TRADE,,-0.035,-0.035,-0.045,-0.055,,0.75,REDUCE
0x0e19b2a588d738b47c4ee4f8ec1aaf049e4663d07ad86a2aa25e9187d17f8496,2026-03-06T20:11:59Z,bitcoin-up-or-down-march-6-3pm-et,Down,SELL,11.58,0.56,0.57,0.58,0.01,0.575,0.5794205586,0.4140644551,2829.29,4003.68,96.5517241379,0.0103448276,0.0018569534,428.467895,0.4650858319,0,CROSS,,TRADE,,-0.015,-0.015,-0.025,-0.035,,1.9686,REDUCE
0x67e2e2b685b6b0581868ad10c872007ba9b09975892c542eee95735ce8124bdc,2026-03-06T20:12:01Z,bitcoin-up-or-down-march-6-3pm-et,Down,SELL,13.42,0.56,0.57,0.58,0.01,0.575,0.5794205586,0.4140644551,2829.29,4003.68,96.6666666667,0.0103333333,0.0018257419,416.887895,0.4650858319,2,CROSS,,TRADE,,-0.015,-0.015,-0.035,-0.035,,2.46247516,REDUCE
0x13fe99ca95d5de941a58df054e05f6d30aab74e0183a66b67d94cc75d6e9fec8,2026-03-06T20:12:11Z,bitcoin-up-or-down-march-6-3pm-et,Down,SELL,10.08,0.56,0.57,0.58,0.01,0.575,0.5794205586,0.4140644551,2829.29,4003.68,96.7741935484,0.0103225806,0.001796053,403.467895,0.4650858319,10,CROSS,,TRADE,,-0.015,-0.015,-0.035,-0.035,,1.9152,REDUCE
0x34d894396fdef43397f420a050e5e5681e1fbb81b11acbbaa2a45022f6eb40be,2026-03-06T20:12:11Z,bitcoin-up-or-down-march-6-3pm-et,Down,SELL,5,0.56,0.57,0.58,0.01,0.575,0.5794205586,0.4140644551,2829.29,4003.68,96.875,0.0103125,0.001767767,393.387895,0.4650858319,0,CROSS,,TRADE,,-0.015,-0.015,-0.035,-0.035,,0.95,REDUCE
0x82f0252e311a87691b1f663a4bd1b2080213e5286770c16565620b1676adbbbd,2026-03-06T20:12:17Z,ethereum-up-or-down-march-6-3pm-et,Down,SELL,25,0.69,0.7,0.71,0.01,0.705,0.7070101597,0.4934116076,4316.72,4432,100,0.01,0,167.524305,0.6222929322,44,CROSS,,TRADE,,-0.015,-0.015,-0.015,0.005,,6.6652953235,REDUCE
0xa23a19f965d6592db1ad6b917ae69f22a39bb2a3dc3f90a39abca8a3e52ae148,2026-03-06T20:12:23Z,bitcoin-up-or-down-march-6-3pm-et,Down,BUY,25,0.56,0.6,0.61,0.01,0.605,0.6021052881,0.5985232212,5960.19,3997.97,93.3333333333,0.0106666667,0.0025370813,388.387895,0.4650858319,12,PASSIVE,,TRADE,,0.035,0.035,0.035,0.035,16,,OPEN
0x29d37fb4767670c4031f382e0e569f09bb54d16d43cf4fa05bd699edb50541ef,2026-03-06T20:12:33Z,solana-up-or-down-march-6-3pm-et,Down,BUY,42.3808,0.6,0.62,0.64,0.02,0.63,0.6339158576,0.4973643452,2228.62,2252.24,100,0.0140909091,0.0050323628,150.77994,0.473936651,68,PASSIVE,,TRADE,,0.03,0.03,0.025,0.025,172,,OPEN
0x239c69de127aeabc5466951fb1cf34b2dd95a8a2e8766b9d37afa3874137b8c5,2026-03-06T20:12:35Z,solana-up-or-down-march-6-3pm-et,Down,BUY,15,0.61,0.62,0.64,0.02,0.63,0.6339158576,0.4973643452,2228.62,2252.24,100,0.0143478261,0.005068698,193.16074,0.5015958201,2,PASSIVE,,TRADE,,0.02,0.02,0.02,0.005,170,,OPEN
0xea9b3cd6e5836764b371cdf924c1ed2664ba1e304e2f7024a276c18e81e43fb6,2026-03-06T20:12:35Z,solana-up-or-down-march-6-3pm-et,Down,BUY,42.3808,0.6,0.62,0.64,0.02,0.63,0.6339158576,0.4973643452,2228.62,2252.24,100,0.0145833333,0.0050897738,208.16074,0.5094073926,0,PASSIVE,,TRADE,,0.03,0.03,0.03,0.015,170,,OPEN
0x7a0b1d13429711920ff86ebd988b6859a8429c380e991d8b27941b8e25fa9778,2026-03-06T20:12:39Z,bitcoin-up-or-down-march-6-3pm-et,Down,SELL,25,0.59,0.59,0.6,0.01,0.595,0.593129771,0.6601265673,6131.48,3156.86,93.5483870968,0.0106451613,0.0024973104,413.387895,0.4708258505,16,CROSS,,TRADE,,-0.005,-0.005,-0.005,0.035,,5.9826750128,REDUCE
0xaf7188c7cc1167be39471d354a01b045d852d57055d60d891e716f653d75d5c1,2026-03-06T20:12:41Z,bitcoin-up-or-down-march-6-3pm-et,Down,BUY,25,0.56,0.59,0.6,0.01,0.595,0.593129771,0.6601265673,6131.48,3156.86,93.75,0.010625,0.0024593469,388.387895,0.4708258505,2,PASSIVE,,TRADE,,0.035,0.035,0.035,-0.005,2,,OPEN
0xaafc05fa5721d96d6c0b830adf1249d073f5ab8693915c527f7ba4bb06473113,2026-03-06T20:12:43Z,bitcoin-up-or-down-march-6-3pm-et,Down,SELL,25,0.59,0.59,0.6,0.01,0.595,0.593129771,0.6601265673,6131.48,3156.86,93.9393939394,0.0106060606,0.0024230584,413.387895,0.4762187364,2,CROSS,,TRADE,,-0.005,-0.005,-0.005,0.04,,4.529395977,REDUCE
0x1bb2e9b9cf69f730f759a9c1292bcd56f6010835306bb0b80f3cdeb165f19d62,2026-03-06T20:12:55Z,bitcoin-up-or-down-march-6-3pm-et,Down,BUY,22.52,0.58,0.59,0.6,0.01,0.595,0.5957102002,0.6270862322,6417.45,3816.31,90,0.011,0.0030512858,388.387895,0.4762187364,12,PASSIVE,,TRADE,,0.015,0.015,0.015,-0.045,30,,OPEN
0x8463296f2f79930232cef112c3c2f2d24001c1a492842decc3b37f39ff323486,2026-03-06T20:12:55Z,bitcoin-up-or-down-march-6-3pm-et,Down,BUY,0.09,0.58,0.59,0.6,0.01,0.595,0.5957102002,0.6270862322,6417.45,3816.31,90.3225806452,0.0109677419,0.0030053715,410.907895,0.4819065172,0,PASSIVE,,TRADE,,0.015,0.015,0.015,-0.045,30,,OPEN
0xc2fd92eb51dc3f006be5ab1d39643de49ae4597b664949921341e6c18c41bc3f,2026-03-06T20:12:55Z,bitcoin-up-or-down-march-6-3pm-et,Down,BUY,2.380951,0.5800001764,0.59,0.6,0.01,0.595,0.5957102002,0.6270862322,6417.45,3816.31,90.625,0.0109375,0.0029614458,410.997895,0.4819279977,0,PASSIVE,,TRADE,,0.0149998236,0.0149998236,0.0149998236,-0.0450001764,30,,OPEN
0xae4c135bd1b1f89d2fd29daa730f1ad411514ea973546d742019f4f0bf892e7a,2026-03-06T20:13:07Z,ethereum-up-or-down-march-6-3pm-et,Down,BUY,25,0.69,0.7,0.71,0.01,0.705,0.7060444444,0.506445414,4335.35,4225,91.3043478261,0.0108695652,0.0028810407,142.524305,0.6222929322,50,PASSIVE,,TRADE,,0.01,0.01,0.005,-0.03,134,,OPEN
0x9420a6ae97fef0ef4df87eebe94683084d14e0dac104656a387597cc7a80f7b9,2026-03-06T20:13:13Z,bitcoin-up-or-down-march-6-3pm-et,Down,BUY,12.19512,0.5900000164,0.59,0.6,0.01,0.595,0.5905186806,0.5848376383,5891.9,4182.52,89.6551724138,0.0110344828,0.0030993405,413.378846,0.4824928671,18,PASSIVE,,TRADE,,0.0049999836,0.0049999836,-0.0450000164,-0.0750000164,12,,OPEN
0x561deb55abe01d49fedff8bb01295705e9ce5dfeffd49d4b11ec2f8b44a4f3c5,2026-03-06T20:13:21Z,bitcoin-up-or-down-march-6-3pm-et,Down,BUY,25,0.55,0.59,0.6,0.01,0.595,0.5905186806,0.5848376383,5891.9,4182.52,90,0.011,0.0030512858,425.573966,0.4855735597,8,PASSIVE,,TRADE,,0.045,0.025,-0.005,-0.015,4,,OPEN
0x5763fb02e06bd73b0bf5540f097a4dad8fba23c646ffa94770adb905796519f2,2026-03-06T20:13:25Z,bitcoin-up-or-down-march-6-3pm-et,Down,SELL,5,0.59,0.54,0.56,0.02,0.55,0.5563438168,0.6194216701,6758.77,4152.65,100,0.011,0.0030512858,450.573966,0.4891482469,4,PASSIVE,,TRADE,,0.04,0.04,0.055,0.035,,0.9451005618,REDUCE
0x31947c284349afc610c561bf1df555e1a7259c971186fcfa462c1aac9d720123,2026-03-06T20:13:25Z,bitcoin-up-or-down-march-6-3pm-et,Down,SELL,2.03,0.59,0.54,0.56,0.02,0.55,0.5563438168,0.6194216701,6758.77,4152.65,100,0.0112903226,0.003407771,445.573966,0.4891482469,0,PASSIVE,,TRADE,,0.04,0.04,0.055,0.035,,0.3856999513,REDUCE
0xcd1863655e83cbdbd5c16cd21febf11c0df6b753c8dd609b3a7c2f5e6d9ae082,2026-03-06T20:13:27Z,bitcoin-up-or-down-march-6-3pm-et,Down,SELL,12.02,0.6,0.54,0.56,0.02,0.55,0.5563438168,0.6194216701,6758.77,4152.65,100,0.0115625,0.0036890203,443.543966,0.4891482469,2,PASSIVE,,TRADE,,0.05,0.05,0.075,0.045,,2.403999957,REDUCE
0xd056a5d6f3cd37e83ea7f1ed02c9f97dc65b40737a53ef34bd2267f98003695b,2026-03-06T20:13:35Z,bitcoin-up-or-down-march-6-3pm-et,Down,BUY,25,0.57,0.54,0.56,0.02,0.55,0.5563438168,0.6194216701,6758.77,4152.65,100,0.0118181818,0.0039167473,431.523966,0.4891482469,8,CROSS,,TRADE,,-0.02,-0.025,-0.045,-0.045,14,,OPEN
0x357ff99c88699eb86b5474f5e6f9c74cc87c2af47f1900fcf7fe4cf3b500dcdf,2026-03-06T20:13:37Z,bitcoin-up-or-down-march-6-3pm-et,Down,BUY,5.17,0.57,0.54,0.56,0.02,0.55,0.5563438168,0.6194216701,6758.77,4152.65,100,0.0120588235,0.0041042563,456.523966,0.4935758213,2,CROSS,,TRADE,,-0.02,-0.025,-0.045,-0.045,12,,OPEN
0x804c95286412e721dc7522c2e3e5005ba99248c567a263d861457bd63c13c5e1,2026-03-06T20:13:39Z,bitcoin-up-or-down-march-6-3pm-et,Down,BUY,25,0.56,0.54,0.56,0.02,0.55,0.5563438168,0.6194216701,6758.77,4152.65,100,0.0122857143,0.0042604296,461.693966,0.4944316112,2,CROSS,,TRADE,,-0.01,-0.015,-0.045,-0.035,10,,OPEN
0xfc394402fff027e6ffac448570041afe067fd3843afe5b1eff099e269cd72038,2026-03-06T20:13:43Z,bitcoin-up-or-down-march-6-3pm-et,Down,BUY,25,0.55,0.52,0.53,0.01,0.525,0.5297834328,0.6404724524,6869.81,3856.35,75.7575757576,0.0124242424,0.0043519414,486.693966,0.4977996614,4,CROSS,,TRADE,,-0.025,-0.025,-0.035,-0.015,6,,OPEN
0x4d3b42ba86dceaf8f340920e9c5faba215d110bff6b972f91f6359022ec1f25c,2026-03-06T20:13:47Z,bitcoin-up-or-down-march-6-3pm-et,Down,BUY,25,0.54,0.52,0.53,0.01,0.525,0.5297834328,0.6404724524,6869.81,3856.35,76.4705882353,0.0123529412,0.0043056155,511.693966,0.5003500305,4,CROSS,,TRADE,,-0.015,-0.015,-0.015,-0.005,2,,OPEN
0x1c72d1039b738d3848131db0f8de3adce20ce9ba0730e3f3a3163af20b908c96,2026-03-06T20:13:49Z,bitcoin-up-or-down-march-6-3pm-et,Down,SELL,25,0.56,0.52,0.53,0.01,0.525,0.5297834328,0.6404724524,6869.81,3856.35,77.1428571429,0.0122857143,0.0042604296,536.693966,0.5021969848,2,PASSIVE,,TRADE,,0.035,0.035,0.035,0.035,,3.2573306,REDUCE
0xf68b4fba90f1d2949391fae23b237a3a55bdaa6c086af73b65c09fc61a3d0a33,2026-03-06T20:13:55Z,bitcoin-up-or-down-march-6-3pm-et,Down,BUY,25,0.53,0.52,0.53,0.01,0.525,0.5297834328,0.6404724524,6869.81,3856.35,77.7777777778,0.0122222222,0.0042163702,511.693966,0.5021969848,6,CROSS,,TRADE,,-0.005,-0.005,0.025,-0.005,2,,OPEN
0x4b7df27079333f3d464605990f83b95ef9a00a5ca0479b02f48fd60676343aa0,2026-03-06T20:13:57Z,bitcoin-up-or-down-march-6-3pm-et,Down,SELL,5.78,0.54,0.52,0.53,0.01,0.525,0.5297834328,0.6404724524,6869.81,3856.35,78.3783783784,0.0121621622,0.004173418,536.693966,0.5034920904,2,PASSIVE,,TRADE,,0.015,0.015,-0.015,0.02,,0.578,REDUCE
0xdd7cd3eede499af8864b2abc6627fc9cd005f4f38f6daf1a82eb22d315832b71,2026-03-06T20:14:01Z,bitcoin-up-or-down-march-6-3pm-et,Down,BUY,25,0.52,0.52,0.53,0.01,0.525,0.5298977996,0.6103938244,6019.71,3842.3,79.4117647059,0.0120588235,0.0041042563,530.913966,0.5034920904,4,PASSIVE,,TRADE,,0.005,0.005,-0.005,-0.02,10,,OPEN
0x9a0dfcff1c3911b5d482fd45470617a943a1a99412914ba4c05cb5b4facf94c2,2026-03-06T20:14:11Z,bitcoin-up-or-down-march-6-3pm-et,Down,SELL,10,0.53,0.52,0.53,0.01,0.525,0.5298977996,0.6103938244,6019.71,3842.3,80,0.012,0.0040583972,555.913966,0.5042344674,10,PASSIVE,,TRADE,,0.005,-0.005,-0.005,0.005,,0.99346735,REDUCE
0xe00d17d8e06cf0cb667813310ce40af573ac3ff4aeb3e7bb37218aaf3401832b,2026-03-06T20:14:17Z,bitcoin-up-or-down-march-6-3pm-et,Down,BUY,25,0.49,0.52,0.53,0.01,0.525,0.5213970383,0.6295791686,6760.44,3977.59,80,0.012,0.0040583972,545.913966,0.5042344674,6,PASSIVE,,TRADE,,0.035,0.035,0.045,0.045,26,,OPEN
0x48ac8dd269687d6310217ed5abbca6aa07f322eed9977dc76239deca903b5402,2026-03-06T20:14:17Z,bitcoin-up-or-down-march-6-3pm-et,Down,SELL,15,0.53,0.52,0.53,0.01,0.525,0.5213970383,0.6295791686,6760.44,3977.59,80.5555555556,0.0119444444,0.0040138649,570.913966,0.5036111481,0,PASSIVE,,TRADE,,0.005,0.005,-0.005,-0.005,,1.5,REDUCE
0xb4c4b47004ed2e04e682fa88af4d151718d402f98f50320f986b6fb3f8160e41,2026-03-06T20:14:37Z,bitcoin-up-or-down-march-6-3pm-et,Down,BUY,25,0.52,0.52,0.53,0.01,0.525,0.5268290987,0.6481061928,6980,3789.84,100,0.01,0,555.913966,0.5036111481,20,PASSIVE,,TRADE,,0.005,0.005,-0.005,0.005,6,,OPEN
0x6183f3cc87698c0ff0fa4b5f27737ddfaa77946baf834135e599d491838f8a41,2026-03-06T20:14:43Z,bitcoin-up-or-down-march-6-3pm-et,Down,SELL,7.547168,0.5299999947,0.52,0.53,0.01,0.525,0.5268290987,0.6481061928,6980,3789.84,100,0.01,0,580.913966,0.5043164527,6,PASSIVE,,TRADE,,0.0049999947,0.0049999947,0.0049999947,-0.0050000053,,0.55471676,REDUCE
0x337be1926721a2341cd441c1eba1d581392889a3b41e06887ae295aee7a1b3c8,2026-03-06T20:14:51Z,bitcoin-up-or-down-march-6-3pm-et,Down,BUY,25,0.52,0.51,0.52,0.01,0.515,0.517311828,0.6792984286,6771.96,3197.09,92.8571428571,0.0107142857,0.0026226526,573.366798,0.5043164527,8,CROSS,,TRADE,,-0.005,-0.005,-0.015,0.005,22,,OPEN
0x05d9f231b1209fac420b5542adfa2ac3dd64ff572da9c85902739a5e808f225c,2026-03-06T20:14:57Z,bitcoin-up-or-down-march-6-3pm-et,Down,BUY,25,0.51,0.51,0.52,0.01,0.515,0.517311828,0.6792984286,6771.96,3197.09,93.1034482759,0.0106896552,0.0025788071,598.366798,0.5049717175,6,PASSIVE,,TRADE,,0.005,0.005,-0.005,0.005,16,,OPEN
0x722647643f99168626d433f6acf12233df3227d7a9924fb656d88f08d6af68b1,2026-03-06T20:15:13Z,bitcoin-up-or-down-march-6-3pm-et,Down,SELL,2.692306,0.5199999554,0.5,0.51,0.01,0.505,0.5004674596,0.6408569197,6482.46,3632.84,92.8571428571,0.0107142857,0.0026226526,623.366798,0.5051733758,16,PASSIVE,,TRADE,,0.0149999554,0.0149999554,-0.0150000446,0.0449999554,,0.2423074199,REDUCE
0x063726ac056b5fd539d953fc9385fad42f9a74c8643d8c3f9046a1065ac3c692,2026-03-06T20:15:13Z,bitcoin-up-or-down-march-6-3pm-et,Down,SELL,22.3,0.52,0.5,0.51,0.01,0.505,0.5004674596,0.6408569197,6482.46,3632.84,93.1034482759,0.0106896552,0.0025788071,620.674492,0.5051733758,0,PASSIVE,,TRADE,,0.015,0.015,-0.015,0.045,,1.87496537,REDUCE
0x1a2a82eb4bba89984ec5d5c511bda8d80582193070c909174944f14214f676ca,2026-03-06T20:15:21Z,ethereum-up-or-down-march-6-3pm-et,Down,SELL,21,0.68,0.68,0.69,0.01,0.685,0.6893156206,0.5308112277,4404.3,3893,100,0.01,0,167.524305,0.6323969985,134,CROSS,,TRADE,,-0.005,-0.005,-0.005,0.065,,2.3487459768,REDUCE
0xf61a7a6536f1103274b49d838ba734d5c19f1128620afc4ca2df22cc56c8375c,2026-03-06T20:15:23Z,bitcoin-up-or-down-march-6-3pm-et,Down,SELL,7.547168,0.5299999947,0.52,0.53,0.01,0.525,0.5299888318,0.683621879,6768.8,3132.58,92.8571428571,0.0107142857,0.0026226526,598.374492,0.5051733758,10,PASSIVE,,TRADE,,-0.0050000053,-0.0050000053,0.0049999947,0.0949999947,,0.226415,REDUCE
0x14e8794cf754cb04bb6786adcd8374317dc5516b2e6ed707eea991587721f76e,2026-03-06T20:15:25Z,solana-up-or-down-march-6-3pm-et,Down,SELL,19.5,0.61,0.67,0.68,0.01,0.675,0.6777135541,0.4151906088,1615.27,2275.16,81.8181818182,0.0118181818,0.0039477102,250.54154,0.5247317463,170,CROSS,,TRADE,,-0.065,-0.065,-0.055,-0.005,,3.5357556,REDUCE
0xacb87adf8443a819ff9e6eca9e1be2e09185f28532b8224a1261b625554ddc18,2026-03-06T20:15:33Z,ethereum-up-or-down-march-6-3pm-et,Up,BUY,12.696967,0.3400000173,0.31,0.32,0.01,0.315,0.3105600289,0.4551254387,3796.62,4545.3,100,0.01,0,76.91227,0.6012024986,790,CROSS,,TRADE,,-0.0250000173,-0.0350000173,-0.0150000173,0.0449999827,1348,,OPEN
0x722f7a25c72037fcaadf87ddb9d00be4ef9430ceafc27d429b76348e197b1589,2026-03-06T20:16:23Z,bitcoin-up-or-down-march-6-3pm-et,Down,SELL,8.333332,0.4799999568,0.43,0.44,0.01,0.435,0.4302408586,0.591952496,9022.83,6219.66,95,0.0105,0.002236068,590.827324,0.5051733758,60,PASSIVE,,TRADE,,0.0449999568,0.0449999568,0.0349999568,0.0549999568,,-0.166667,REDUCE
0x61133d6021b41256ec1947b2eda7fed7ef56d68ce59b252be4ef695e603619a7,2026-03-06T20:16:29Z,bitcoin-up-or-down-march-6-3pm-et,Down,BUY,25,0.42,0.47,0.48,0.01,0.475,0.4712724927,0.6898035069,6693.26,3009.88,95,0.0105,0.002236068,582.493992,0.5051733758,6,PASSIVE,,TRADE,,0.055,0.055,0.025,-0.025,2,,OPEN
0x23e4afab7e413e3e4a0e9c90c2543413052eb7871bedd8d1e6acbfd3706d2157,2026-03-06T20:16:31Z,bitcoin-up-or-down-march-6-3pm-et,Down,SELL,5,0.42,0.47,0.48,0.01,0.475,0.4712724927,0.6898035069,6693.26,3009.88,95.2380952381,0.0104761905,0.0021821789,607.493992,0.5016682639,2,CROSS,,TRADE,,-0.055,-0.055,-0.025,0.025,,-0.4,REDUCE
0x9a8ad3520d764df0b8126ef9cf493d40f2b5489707246daedeb0f5de7126d2fb,2026-03-06T20:16:31Z,bitcoin-up-or-down-march-6-3pm-et,Down,SELL,10.8,0.45,0.47,0.48,0.01,0.475,0.4712724927,0.6898035069,6693.26,3009.88,95.4545454545,0.0104545455,0.0021320072,602.493992,0.5016682639,0,CROSS,,TRADE,,-0.025,0.005,0.005,0.055,,-0.54,REDUCE
0xf02fefbefb6533ed416ea70805a2be59af8f26c0b47727b36b2387ed6142c1ee,2026-03-06T20:16:33Z,bitcoin-up-or-down-march-6-3pm-et,Down,SELL,4.976743,0.4299999015,0.47,0.48,0.01,0.475,0.4712724927,0.6898035069,6693.26,3009.88,95.652173913,0.0104347826,0.0020851441,591.693992,0.5016682639,2,CROSS,,TRADE,,-0.0450000985,-0.0150000985,-0.0050000985,0.0049999015,,-0.3483725002,REDUCE
0x16eb4876433ab388d0cd6bde0512eb18a1812597572804a3ac0320db7f2f8eb6,2026-03-06T20:16:35Z,bitcoin-up-or-down-march-6-3pm-et,Down,SELL,5.09,0.45,0.47,0.48,0.01,0.475,0.4712724927,0.6898035069,6693.26,3009.88,95.8333333333,0.0104166667,0.0020412415,586.717249,0.5016682639,2,CROSS,,TRADE,,-0.025,0.005,0.015,0.025,,-0.2545,REDUCE
0x5863c43536e7e5695f0cdb3e323a85cea43711f90ca57d17a6e727ee3b931055,2026-03-06T20:16:35Z,bitcoin-up-or-down-march-6-3pm-et,Down,SELL,5,0.45,0.47,0.48,0.01,0.475,0.4712724927,0.6898035069,6693.26,3009.88,96,0.0104,0.002,581.627249,0.5016682639,0,CROSS,,TRADE,,-0.025,0.005,0.015,0.025,,-0.25,REDUCE
0xea0fe8c3c681065a156a6f1630d610c5d83af78cd84b8a964eb053dbd2429937,2026-03-06T20:16:37Z,xrp-up-or-down-march-6-3pm-et,Down,SELL,10,0.7,0.7,0.71,0.01,0.705,0.7094087738,0.5830635189,2051.13,1466.72,42.1052631579,0.0157894737,0.0050725727,209.704559,0.6177011609,292,CROSS,,TRADE,,-0.005,0.02,0.045,0.005,,1.7,REDUCE
0xf17ccc2cc3f5dd6802298fa5db4eca9a1142657cb84f11b40b6f336876dd7a2e,2026-03-06T20:16:37Z,xrp-up-or-down-march-6-3pm-et,Down,BUY,0.14,0.67,0.7,0.71,0.01,0.705,0.7094087738,0.5830635189,2051.13,1466.72,45,0.0155,0.0051041779,199.704559,0.6177011609,0,PASSIVE,,TRADE,,0.035,0.01,-0.015,0.025,226,,OPEN
0x374bd2d26248da45b8fcc594588487e6b24c877676266f54a396ac4f05928d64,2026-03-06T20:16:47Z,bitcoin-up-or-down-march-6-3pm-et,Down,SELL,5.72,0.44,0.47,0.48,0.01,0.475,0.4796951312,0.7539660209,6940.31,2264.76,96.1538461538,0.0103846154,0.0019611614,576.627249,0.5016682639,12,CROSS,,TRADE,,-0.005,-0.005,0.035,-0.025,,-0.3432,REDUCE
0xbeaba01ba409836acab7b55e13e86101996d8806051a0cb7cdf66cd3f36bf794,2026-03-06T20:16:53Z,bitcoin-up-or-down-march-6-3pm-et,Down,SELL,8.888887,0.4499999831,0.4,0.41,0.01,0.405,0.4036666667,0.4614572759,6296.1,7347.85,96.1538461538,0.0103846154,0.0019611614,570.907249,0.5016682639,6,PASSIVE,,TRADE,,0.0449999831,0.0449999831,0.0249999831,-0.0050000169,,-0.4444445002,REDUCE
0xcb3e62890b0f1c3dffd831b0c95aff87e5a0f1b91dd626fc181f6bc97116df9b,2026-03-06T20:16:57Z,bitcoin-up-or-down-march-6-3pm-et,Down,SELL,25,0.48,0.4,0.41,0.01,0.405,0.4036666667,0.4614572759,6296.1,7347.85,96.2962962963,0.0103703704,0.0019245009,562.018362,0.5016682639,4,PASSIVE,,TRADE,,0.075,0.075,0.06,0.025,,-0.5,REDUCE
0x4ea1c546e5e642f039948d5e5161b3f2933cfec9ee6318e72971bfcd1753c731,2026-03-06T20:17:19Z,bitcoin-up-or-down-march-6-3pm-et,Down,SELL,45,0.4,0.41,0.43,0.02,0.42,0.414380559,0.4797589072,6725.98,7293.52,100,0.010625,0.0024593469,537.018362,0.5016682639,22,CROSS,,TRADE,,-0.02,0.005,-0.065,-0.075,,-4.69648579,REDUCE
0xd1a5ad39d190d8055a83336b1f282d747d68a62d2ed8afa8fd6f36cc423a0dc9,2026-03-06T20:17:23Z,bitcoin-up-or-down-march-6-3pm-et,Down,SELL,25,0.42,0.47,0.48,0.01,0.475,0.4792554934,0.4205331969,5532.11,7622.88,96.875,0.0103125,0.001767767,492.018362,0.5016682639,4,CROSS,,TRADE,,-0.055,-0.055,-0.035,-0.045,,-2.64297158,REDUCE
0x28da2b91cf1649f0ee3cae29a7219930408949780b6133147710e1dfa5a8a1cb,2026-03-06T20:17:39Z,bitcoin-up-or-down-march-6-3pm-et,Down,SELL,25,0.43,0.47,0.48,0.01,0.475,0.4792554934,0.4205331969,5532.11,7622.88,96.9696969697,0.0103030303,0.0017407766,467.018362,0.5016682639,16,CROSS,,TRADE,,-0.045,-0.035,-0.02,-0.015,,-2.89297158,REDUCE
0x18fdd588305c11c7aa51ee8f894507ec2f858bdc3012b4b729830bc13bb8a246,2026-03-06T20:17:53Z,bitcoin-up-or-down-march-6-3pm-et,Down,BUY,5,0.46,0.44,0.45,0.01,0.445,0.4433333333,0.4590855014,6440.46,7588.43,96.4285714286,0.0103571429,0.0018898224,442.018362,0.5016682639,14,CROSS,,TRADE,,-0.015,-0.015,0.005,-0.035,10,,OPEN
0x2a0a6d405eb1d75b5b5adec88602b28da6c0c78b84b928e76728c6045d935548,2026-03-06T20:17:57Z,solana-up-or-down-march-6-3pm-et,Down,BUY,25,0.63,0.67,0.68,0.01,0.675,0.6779105725,0.5077425272,2197.86,2130.83,50,0.015,0.0051176632,231.04154,0.5247317463,152,PASSIVE,,TRADE,,0.05,0.05,0.055,0.085,160,,OPEN
0x1ca3660ea1a80eb721152e2a93281f7310b6a2478133cab327c07e064d15175b,2026-03-06T20:17:57Z,bitcoin-up-or-down-march-6-3pm-et,Down,BUY,25,0.46,0.47,0.48,0.01,0.475,0.4706876871,0.4365512708,5584.7,7208.07,92.3076923077,0.0107692308,0.0027174649,447.018362,0.5012021951,4,PASSIVE,,TRADE,,0.015,0.015,0.005,-0.035,6,,OPEN
0x8e8bc41186d971be7e2d2f7ddef2cd8b25baadc5fbce69fac898b97960685edc,2026-03-06T20:17:59Z,bitcoin-up-or-down-march-6-3pm-et,Down,BUY,13.855356,0.440000026,0.47,0.48,0.01,0.475,0.4706876871,0.4365512708,5584.7,7208.07,92.5925925926,0.0107407407,0.0026688026,472.018362,0.4990199603,2,PASSIVE,,TRADE,,0.034999974,0.034999974,0.024999974,-0.025000026,4,,OPEN
0x2baa21c03f38f750d2401259d5edafa87ebd091d344d9d83d24da8a1138fa6a5,2026-03-06T20:18:03Z,bitcoin-up-or-down-march-6-3pm-et,Down,SELL,8.510637,0.4699999542,0.47,0.48,0.01,0.475,0.4706876871,0.4365512708,5584.7,7208.07,92.8571428571,0.0107142857,0.0026226526,485.873718,0.4973369259,4,CROSS,,TRADE,,-0.0050000458,-0.0050000458,0.0049999542,0.0549999542,,-0.6808513498,REDUCE
0x75ecc772d5279125367c66fa5ddcce984a1a94572271d48342a9d831ebf4802a,2026-03-06T20:18:21Z,solana-up-or-down-march-6-3pm-et,Down,BUY,6.060605,0.6700001073,0.7,0.72,0.02,0.71,0.7063411541,0.4577665599,2152.78,2550.01,100,0.0140909091,0.0050323628,256.04154,0.5350101813,24,PASSIVE,,TRADE,,0.0399998927,0.0399998927,0.0399998927,0.0399998927,136,,OPEN
0x46d9ffc14938eec8071e66039ed725ee956bc69ea8336af88d199004f77879b1,2026-03-06T20:18:33Z,bitcoin-up-or-down-march-6-3pm-et,Down,BUY,25,0.45,0.42,0.43,0.01,0.425,0.4207390817,0.6762870013,7886.46,3774.95,96.1538461538,0.0103846154,0.0019611614,477.363081,0.4973369259,30,CROSS,,TRADE,,-0.025,-0.025,-0.035,0.015,34,,OPEN
0x0745eabe4228382013212172c4c6cb2d60e7ad0032689e6c5fa449dfaca96e40,2026-03-06T20:18:37Z,bitcoin-up-or-down-march-6-3pm-et,Down,BUY,11,0.46,0.42,0.43,0.01,0.425,0.4207390817,0.6762870013,7886.46,3774.95,96.2962962963,0.0103703704,0.0019245009,502.363081,0.4949812131,4,CROSS,,TRADE,,-0.035,-0.035,-0.04,0.005,30,,OPEN
0x08dfff63a8e944618aa631e6fcfbb30162efb894c40c3b9ff34411fa05b9d54e,2026-03-06T20:18:37Z,bitcoin-up-or-down-march-6-3pm-et,Down,BUY,25,0.48,0.42,0.43,0.01,0.425,0.4207390817,0.6762870013,7886.46,3774.95,96.4285714286,0.0103571429,0.0018898224,513.363081,0.4942316591,0,CROSS,,TRADE,,-0.055,-0.055,-0.06,-0.015,30,,OPEN
0x7e07dbd71dfb07cf29d055e348f77e6ed8aa187c850b2a8e207a49a8009bd17b,2026-03-06T20:18:39Z,solana-up-or-down-march-6-3pm-et,Down,BUY,4.02,0.7,0.7,0.72,0.02,0.71,0.7158175606,0.4425563105,2167.57,2730.27,100,0.01375,0.0049453536,262.102145,0.5381315622,18,PASSIVE,,TRADE,,0.01,0.01,0.005,0,118,,OPEN
0xc351156cc9b82e0f75469f9883ae08ea468ba056f879b678c81e8557784d8524,2026-03-06T20:19:07Z,xrp-up-or-down-march-6-3pm-et,Down,BUY,20,0.71,0.71,0.72,0.01,0.715,0.7196370236,0.5785270441,2167.44,1579.04,56.5217391304,0.0143478261,0.005068698,199.844559,0.6177377985,150,PASSIVE,,TRADE,,0.005,0.005,0.035,0.115,76,,OPEN
0x0268ce0ce1d7c6e73428bfdc620dd35d8f3d64fe3d3ed1766d50e90028dba542,2026-03-06T20:19:07Z,bitcoin-up-or-down-march-6-3pm-et,Down,SELL,25,0.43,0.44,0.45,0.01,0.445,0.4414373463,0.4711600022,6461.46,7252.48,96.1538461538,0.0103846154,0.0019611614,538.363081,0.4935707827,30,CROSS,,TRADE,,-0.015,-0.015,-0.035,-0.115,,-2.73454962,REDUCE
0xa56fb3a86c8d357bcc780e1423fc92060f06d37b7afb72fc1722011b3617eed6,2026-03-06T20:19:11Z,bitcoin-up-or-down-march-6-3pm-et,Down,SELL,10,0.42,0.44,0.45,0.01,0.445,0.4414373463,0.4711600022,6461.46,7252.48,96.2962962963,0.0103703704,0.0019245009,513.363081,0.4935707827,4,CROSS,,TRADE,,-0.025,-0.025,-0.035,-0.085,,-1,REDUCE
0x0ad41bb825e015dc6da0893d10f09417d55c265be07ec24cd440f415dae9965b,2026-03-06T20:19:13Z,bitcoin-up-or-down-march-6-3pm-et,Down,SELL,25,0.43,0.44,0.45,0.01,0.445,0.4414373463,0.4711600022,6461.46,7252.48,96.4285714286,0.0103571429,0.0018898224,503.363081,0.4935707827,2,CROSS,,TRADE,,-0.015,-0.015,-0.025,-0.065,,-3.00393384,REDUCE
0xa5e198357847c9ed081a37a796a14abc13c68ca45abbbb3f5642545e3b295954,2026-03-06T20:19:25Z,solana-up-or-down-march-6-3pm-et,Down,BUY,25,0.7,0.69,0.72,0.03,0.705,0.7107989691,0.5129223452,2549.46,2421,100,0.0160869565,0.0072231512,266.122145,0.5405767218,46,PASSIVE,,TRADE,,0,0,0.035,0.035,72,,OPEN
0x4f2c7b8fa213e3643864d6f4a1ea21b79ae978e87861f21a775d17b3cdadcac4,2026-03-06T20:19:29Z,solana-up-or-down-march-6-3pm-et,Down,BUY,25,0.68,0.69,0.72,0.03,0.705,0.7107989691,0.5129223452,2549.46,2421,100,0.0166666667,0.0076138699,291.122145,0.5542671333,4,PASSIVE,,TRADE,,0.02,0.02,0.06,0.06,68,,OPEN
0xd69295be6d60464e94061784c95faa166895716edac0a61a09f47ff9c09e160d,2026-03-06T20:19:29Z,bitcoin-up-or-down-march-6-3pm-et,Down,BUY,5,0.43,0.45,0.46,0.01,0.455,0.4506878307,0.4646875478,6258.7,7209.92,92.8571428571,0.0107142857,0.0026226526,478.363081,0.4935707827,16,PASSIVE,,TRADE,,0.025,0.025,0.065,0.045,64,,OPEN
0x3deee552abe6006c6341eccacb851dc93a4b2fefa7c77fa120003c88eda77eb0,2026-03-06T20:19:37Z,bitcoin-up-or-down-march-6-3pm-et,Down,BUY,5,0.44,0.48,0.49,0.01,0.485,0.4841176471,0.6505517476,6666.49,3580.95,92.3076923077,0.0107692308,0.0027174649,483.363081,0.4929131943,8,PASSIVE,,TRADE,,0.045,0.045,0.105,0.02,56,,OPEN
0x8cc0d52937b92e805ed8db09b002d203b2e4ba67a7768493f4d775692643ec6c,2026-03-06T20:19:53Z,xrp-up-or-down-march-6-3pm-et,Down,BUY,8.14,0.77,0.76,0.77,0.01,0.765,0.7687179487,0.5470190869,1809.84,1498.71,65.2173913043,0.0134782609,0.0048698475,219.844559,0.6261312018,46,CROSS,,TRADE,,0.005,0.015,0.02,0.02,30,,OPEN
0x5e7e305669ef133f034989131a35ba9a1423d1f53f6204edb9d4e87ad381cdea,2026-03-06T20:19:55Z,xrp-up-or-down-march-6-3pm-et,Down,BUY,8.695651,0.770000084,0.78,0.79,0.01,0.785,0.7844444444,0.4836496046,1783.84,1904.45,70.8333333333,0.0129166667,0.0046430562,227.984559,0.6312679181,2,PASSIVE,,TRADE,,0.014999916,0.014999916,0.019999916,0.014999916,28,,OPEN
0x215aec73e9212b8bf1718f109dfca9fe4bb56c09475d7902e4002d4a199c07a7,2026-03-06T20:19:57Z,solana-up-or-down-march-6-3pm-et,Down,BUY,3.703702,0.7300001458,0.74,0.75,0.01,0.745,0.7464853958,0.4367750742,1935.94,2496.41,54.1666666667,0.01625,0.0076966961,316.122145,0.5642105103,28,PASSIVE,,TRADE,,0.0149998542,0.0149998542,0.0049998542,0.0149998542,40,,OPEN
0x82bb731420c09428dc099fd6e2924a70d5bd679363beac209e3b0f78fe4ee473,2026-03-06T20:20:07Z,bitcoin-up-or-down-march-6-3pm-et,Down,BUY,33.01594,0.5,0.48,0.49,0.01,0.485,0.4819005848,0.6686876178,7573.79,3752.56,96.2962962963,0.0103703704,0.0019245009,488.363081,0.492371454,30,CROSS,,TRADE,,-0.015,-0.015,-0.04,-0.035,26,,OPEN
0x8727bd748be12eaa1ea7928f4a79484c0e8b2c498490a735f84a5f4ab51d953e,2026-03-06T20:20:09Z,bitcoin-up-or-down-march-6-3pm-et,Down,BUY,2.46,0.5,0.48,0.49,0.01,0.485,0.4819005848,0.6686876178,7573.79,3752.56,96.4285714286,0.0103571429,0.0018898224,521.379021,0.492854526,2,CROSS,,TRADE,,-0.015,-0.005,-0.04,-0.025,24,,OPEN
0x71bd27fdae20f763287f63b650cdf407d07b978821db0892c43c7e216b66db6b,2026-03-06T20:20:15Z,ethereum-up-or-down-march-6-3pm-et,Down,BUY,24.13793,0.710000029,0.65,0.66,0.01,0.655,0.6565581395,0.4678120544,3878.19,4411.87,90.4761904762,0.010952381,0.003007926,146.524305,0.6323969985,294,CROSS,,TRADE,,-0.055000029,-0.055000029,-0.030000029,-0.005000029,306,,OPEN
0x3d1f6aac152f70d9248c7005b9e52952dac2b0b1912a436514fdbca4df81e446,2026-03-06T20:20:17Z,bitcoin-up-or-down-march-6-3pm-et,Down,BUY,25,0.48,0.45,0.46,0.01,0.455,0.4506918903,0.6694473693,7387.74,3647.84,100,0.01,0,523.839021,0.4928880819,8,CROSS,,TRADE,,-0.025,-0.025,0.005,0.015,16,,OPEN
0x274952833882ce83fd2827aa5263f9015fdc7f05048087cfd2101d2e081b8e3d,2026-03-06T20:20:23Z,xrp-up-or-down-march-6-3pm-et,Down,SELL,18.98734,0.7899999684,0.78,0.79,0.01,0.785,0.781,0.5119935942,1924.63,1834.46,73.9130434783,0.0126086957,0.0044897776,236.68021,0.6363649497,28,PASSIVE,,TRADE,,0.0049999684,0.0049999684,-0.0000000316,-0.0550000316,,4.97864328,REDUCE
0xcbf00b2153f4c0291f3773e1636f2cf19ee7143375f0792c6ea3d08e2addfe0e,2026-03-06T20:20:33Z,bitcoin-up-or-down-march-6-3pm-et,Down,SELL,25,0.48,0.47,0.48,0.01,0.475,0.4781395349,0.6548146086,7007.97,3694.25,92,0.0108,0.0027688746,548.839021,0.4923010208,16,PASSIVE,,TRADE,,0.015,0.015,0.005,-0.085,,-2,REDUCE
0xdfc16f744c2d71ac280951c6ebff4b26c71110f16ac5e499c91623954d8d769c,2026-03-06T20:20:37Z,solana-up-or-down-march-6-3pm-et,Down,SELL,35,0.73,0.74,0.75,0.01,0.745,0.748974359,0.4994030884,2192.01,2197.25,68.1818181818,0.0131818182,0.0047673129,319.825847,0.5661304158,40,CROSS,,TRADE,,-0.015,-0.015,-0.015,-0.085,,9.4285852,REDUCE
0xb54820cea5f9a932648834b758c39d17f0bc6b31f9ffb72b494fe29639c98ced,2026-03-06T20:20:39Z,bitcoin-up-or-down-march-6-3pm-et,Down,SELL,5,0.46,0.46,0.47,0.01,0.465,0.4668596129,0.5020024504,3871.97,3841.08,92.3076923077,0.0107692308,0.0027174649,523.839021,0.4923010208,6,CROSS,,TRADE,,-0.005,-0.005,-0.035,-0.065,,-0.5,REDUCE
0x80dcc45b83077c068f247678f97f699889ea897d0c431807db4db89b623d3870,2026-03-06T20:20:41Z,bitcoin-up-or-down-march-6-3pm-et,Down,SELL,5,0.46,0.46,0.47,0.01,0.465,0.4610671957,0.6627127157,7626.71,3881.61,84.6153846154,0.0115384615,0.0036794648,518.839021,0.4923010208,2,CROSS,,TRADE,,-0.015,-0.015,-0.035,-0.065,,-0.57696692,REDUCE
0x5dc9a0930382a994fc484225ee101e3ffa1f944d9798c86dd3721891f93def03,2026-03-06T20:20:43Z,xrp-up-or-down-march-6-3pm-et,Down,SELL,6.35,0.8,0.78,0.8,0.02,0.79,0.7980099502,0.5225153257,2125.77,1942.57,100,0.0139130435,0.0049901088,217.69287,0.6363649497,20,PASSIVE,,TRADE,,0.005,0.005,-0.025,-0.025,,1.778,REDUCE
0x1af8d37dc866de71b591f40cc0834e66e305b5e95e1739520c525fb103eaa535,2026-03-06T20:20:43Z,bitcoin-up-or-down-march-6-3pm-et,Down,SELL,8.510637,0.4699999542,0.47,0.48,0.01,0.475,0.4764285714,0.6684140701,6942.71,3444.13,85.1851851852,0.0114814815,0.0036201399,513.839021,0.4923010208,2,CROSS,,TRADE,,-0.0050000458,-0.0050000458,-0.0250000458,-0.0450000458,,-0.9361704598,REDUCE
0x3fa5e94c9fcf2a19529dfc1c06155a009e7f146d0fadb107ec5a5205a6139b19,2026-03-06T20:20:49Z,xrp-up-or-down-march-6-3pm-et,Down,SELL,5.9875,0.8,0.78,0.8,0.02,0.79,0.7980099502,0.5225153257,2125.77,1942.57,100,0.0141666667,0.0050361016,211.34287,0.6363649497,6,PASSIVE,,TRADE,,0.005,0.005,-0.035,-0.015,,1.6765,REDUCE
0x0cf258819b8a961f1b4f956e1f060c37558f1487589d8be45c214a2338ddad2c,2026-03-06T20:21:03Z,bitcoin-up-or-down-march-6-3pm-et,Down,SELL,25,0.48,0.47,0.48,0.01,0.475,0.4780582524,0.7481320389,6876.71,2315.13,85.7142857143,0.0114285714,0.0035634832,505.328384,0.4923010208,20,PASSIVE,,TRADE,,0.005,-0.015,-0.085,0.02,,-2.61676446,REDUCE
0x48ca672b098ab1ece377ad1ff1ea2228d6486c7ebb69ef7b1d28af8504eba3bc,2026-03-06T20:21:27Z,solana-up-or-down-march-6-3pm-et,Down,BUY,23.571427,0.7900000284,0.78,0.79,0.01,0.785,0.7825259965,0.4494030909,2009.07,2461.46,73.9130434783,0.0126086957,0.0044897776,284.825847,0.5661304158,50,CROSS,,TRADE,,-0.0050000284,-0.0050000284,-0.0250000284,-0.0150000284,174,,OPEN
0xcc99997fdf833f7771a49c56846f3fabc89011fae58b5c67671fbf7f11201d3d,2026-03-06T20:21:29Z,bitcoin-up-or-down-march-6-3pm-et,Down,BUY,44.31087,0.55,0.52,0.53,0.01,0.525,0.5208894166,0.6062761164,6372.35,4138.29,88.8888888889,0.0111111111,0.0032025631,480.328384,0.4923010208,26,CROSS,,TRADE,,-0.025,-0.025,-0.085,-0.075,44,,OPEN
0x0c8d0e931b7bd30a076d98e925e25e1af2fa02f8b6437fabded6bd267e11f408,2026-03-06T20:21:29Z,ethereum-up-or-down-march-6-3pm-et,Down,BUY,17.8418,0.75,0.71,0.73,0.02,0.72,0.7162093863,0.5097350162,5040.53,4848,100,0.0136363636,0.0049236596,170.662235,0.6433729272,74,CROSS,,TRADE,,-0.025,-0.025,-0.055,-0.025,232,,OPEN
0xd3b05cadf58b1c885e576eaa07524132c7b23807408b13a37f50ac84ca8ccbb5,2026-03-06T20:21:35Z,bitcoin-up-or-down-march-6-3pm-et,Down,BUY,13.84,0.56,0.52,0.53,0.01,0.525,0.5207919337,0.4584843084,6544.35,7729.53,89.2857142857,0.0110714286,0.0031497039,524.639254,0.4971742588,6,CROSS,,TRADE,,-0.035,-0.045,-0.1,-0.065,38,,OPEN
0x4a2d2e4251b1f329628fc42085417f3670be1a88dfe99ba93f168f3d4b5d3d26,2026-03-06T20:21:39Z,solana-up-or-down-march-6-3pm-et,Down,BUY,5.263156,0.8100001216,0.78,0.8,0.02,0.79,0.7837216725,0.426415623,2009.07,2702.46,100,0.0129166667,0.0046430562,308.397274,0.5832412228,12,CROSS,,TRADE,,-0.0250001216,-0.0250001216,-0.0500001216,-0.0200001216,162,,OPEN
0xee75dc2b962c5521b4ec38d7abe088e5a7b73dfd24eab960b68d07624cad6d73,2026-03-06T20:21:39Z,xrp-up-or-down-march-6-3pm-et,Down,BUY,13.333332,0.85000006,0.82,0.83,0.01,0.825,0.825,0.4463518469,1588.41,1970.24,54.1666666667,0.0145833333,0.0050897738,205.35537,0.6363649497,50,CROSS,,TRADE,,-0.02500006,-0.03500006,-0.05500006,-0.01500006,322,,OPEN
0x219146a90e154c8f077e75a80a1b0a496d8140b382d20f4220c7c28d191360c5,2026-03-06T20:21:43Z,bitcoin-up-or-down-march-6-3pm-et,Down,BUY,11.16,0.56,0.46,0.47,0.01,0.465,0.469934278,0.6777846486,7256.01,3449.47,88.4615384615,0.0111538462,0.0032581259,538.479254,0.4987890067,8,CROSS,,TRADE,,-0.095,-0.095,-0.115,-0.055,30,,OPEN
0x72f88fb03ee718a15c7f4e0a70e451e58090e56b0ff5a0d572c7b32370f4338d,2026-03-06T20:21:57Z,bitcoin-up-or-down-march-6-3pm-et,Down,BUY,25,0.47,0.44,0.45,0.01,0.445,0.4498034076,0.6756737246,7207.04,3459.41,88,0.0112,0.0033166248,549.639254,0.5000318486,14,CROSS,,TRADE,,-0.025,-0.025,0.005,0.025,16,,OPEN
0xb8f88a32eae6d64d5858784b4721ec885f533fb06e6fdac02dc221596e651f3e,2026-03-06T20:22:13Z,bitcoin-up-or-down-march-6-3pm-et,Down,SELL,8.695651,0.4599999471,0.44,0.45,0.01,0.445,0.4498034076,0.6756737246,7207.04,3459.41,88.4615384615,0.0111538462,0.0032581259,574.639254,0.4987252964,16,PASSIVE,,TRADE,,0.0149999471,-0.0100000529,-0.0450000529,-0.0150000529,,-0.78260905,REDUCE
0x437a2b213e32c55c04fc067dd4acbab835dc423971f9cb10e99832fcf7cd5906,2026-03-06T20:22:23Z,solana-up-or-down-march-6-3pm-et,Down,BUY,15.13,0.75,0.77,0.78,0.01,0.775,0.7798006459,0.5308545063,2434.52,2151.52,61.9047619048,0.0142857143,0.005976143,313.66043,0.5870461894,44,PASSIVE,,TRADE,,0.035,0.035,0.035,0.015,118,,OPEN
0xf2e0a9845537aa7f236ac29105b06cddb493fa17580c802ae39ca95696a60000,2026-03-06T20:22:25Z,solana-up-or-down-march-6-3pm-et,Down,BUY,9.8688,0.75,0.77,0.78,0.01,0.775,0.7798006459,0.5308545063,2434.52,2151.52,63.6363636364,0.0140909091,0.0059032605,328.79043,0.5945448601,2,PASSIVE,,TRADE,,0.035,0.035,0.035,0.015,116,,OPEN
0x54da2ccaa69c840ce9a89d16614c3de04250ec47dc84dcc7bfd85f8cbfae7254,2026-03-06T20:22:27Z,bitcoin-up-or-down-march-6-3pm-et,Down,SELL,5,0.47,0.49,0.5,0.01,0.495,0.4998729352,0.6899878813,7134.04,3205.33,87.5,0.01125,0.0033783196,565.943603,0.4987252964,14,CROSS,,TRADE,,-0.025,-0.025,-0.025,-0.015,,-0.4,REDUCE
0x26ef20401e734ae2a3ced23daedb36df1950f609faedfddb6a75153f7e85f712,2026-03-06T20:23:57Z,bitcoin-up-or-down-march-6-3pm-et,Down,SELL,10.416665,0.4799999808,0.48,0.49,0.01,0.485,0.4898342541,0.6872738953,7338.8,3339.33,100,0.01,0,560.943603,0.4987252964,90,CROSS,,TRADE,,-0.0050000192,-0.0150000192,0.0399999808,-0.0250000192,,-0.72916675,REDUCE
0x27bf379ca4fcae7ee4c459705b26362acede6d0480820bfb4d0306477275bfa4,2026-03-06T20:23:57Z,bitcoin-up-or-down-march-6-3pm-et,Down,SELL,25,0.47,0.48,0.49,0.01,0.485,0.4898342541,0.6872738953,7338.8,3339.33,100,0.01,0,550.526938,0.4987252964,0,CROSS,,TRADE,,-0.015,-0.025,0.03,-0.035,,-2.48570456,REDUCE
0x84006530ad8c88c6c781c532f713a5d9e29c2c2df5ff33d74dc3115119f8e062,2026-03-06T20:24:05Z,bitcoin-up-or-down-march-6-3pm-et,Down,BUY,25,0.49,0.45,0.46,0.01,0.455,0.4518841317,0.6711833013,7385.05,3617.98,95.8333333333,0.0104166667,0.0020412415,525.526938,0.4987252964,8,CROSS,,TRADE,,-0.035,-0.035,-0.06,0.035,18,,OPEN
0x56bc00dc24e7977b0eeeb55c1a6c570ff05b3f2b00569905e37cf41ad621c348,2026-03-06T20:24:21Z,solana-up-or-down-march-6-3pm-et,Down,SELL,39.21,0.72,0.68,0.69,0.01,0.685,0.6893150685,0.452463404,1984.69,2401.72,59.0909090909,0.0140909091,0.0050323628,338.65923,0.5990749468,116,PASSIVE,,TRADE,,0.045,0.045,-0.005,-0.035,,9.7449,REDUCE
0x4d7b93cd47a676e0b77cc760d26050632eaa1b98a6272135f094893308539a16,2026-03-06T20:24:23Z,bitcoin-up-or-down-march-6-3pm-et,Down,SELL,3.695651,0.4599998755,0.42,0.43,0.01,0.425,0.4221818182,0.7065740849,8451.05,3509.55,88,0.0112,0.0033166248,550.526938,0.4983290716,18,PASSIVE,,TRADE,,0.0349998755,0.0349998755,-0.0150001245,-0.0850001245,,-0.4065220701,REDUCE
0xb51ec44cd1308cfbd3fe67683f8a83412b5f6172425a386df3135fe669f9b2fe,2026-03-06T20:24:23Z,solana-up-or-down-march-6-3pm-et,Down,BUY,0.28,0.7,0.68,0.69,0.01,0.685,0.6893150685,0.4581457943,2030.69,2401.72,60.8695652174,0.0139130435,0.0049901088,299.44923,0.5990749468,2,CROSS,,TRADE,,-0.025,-0.025,0.035,0.085,278,,OPEN
0x9edf010eeb8a867090bfc8f42d0500f7b86672148966dc42bdf5741baef0c7d1,2026-03-06T20:24:25Z,bitcoin-up-or-down-march-6-3pm-et,Down,SELL,21.3,0.46,0.42,0.43,0.01,0.425,0.4221818182,0.7065740849,8451.05,3509.55,88.4615384615,0.0111538462,0.0032581259,546.831287,0.4983290716,2,PASSIVE,,TRADE,,0.035,0.035,-0.045,-0.085,,-2.15189121,REDUCE
0x1887c3f1a33e8342c5598063da373f6f89453a6249a7b6a77189b2a61045bbe7,2026-03-06T20:24:57Z,bitcoin-up-or-down-march-6-3pm-et,Down,BUY,6.74434,0.46,0.53,0.54,0.01,0.535,0.5302271566,0.5700757304,5572,4202.14,79.1666666667,0.0120833333,0.0041485112,525.531287,0.4983290716,32,PASSIVE,,TRADE,,0.075,0.075,0.125,0.145,22,,OPEN
0x6c5c375a0003193353378cfe00b581c9618be87646e38b253867c698a95b1e51,2026-03-06T20:25:07Z,bitcoin-up-or-down-march-6-3pm-et,Down,BUY,5,0.52,0.58,0.59,0.01,0.585,0.5845231608,0.5772327777,5625.93,4120.45,84,0.0116,0.0037416574,532.275627,0.4978434129,10,PASSIVE,,TRADE,,0.065,0.065,0.085,0.125,12,,OPEN
0xc1669d86970ca2a44eb48f61b64e9a4aa4ae589e8164dee8c172d6986f8092a5,2026-03-06T20:25:11Z,bitcoin-up-or-down-march-6-3pm-et,Down,BUY,5,0.52,0.58,0.59,0.01,0.585,0.5845231608,0.5772327777,5625.93,4120.45,84.6153846154,0.0115384615,0.0036794648,537.275627,0.4980496067,4,PASSIVE,,TRADE,,0.065,0.065,0.095,0.135,8,,OPEN
0xc5a15aa5380b9d7a67702de0a5401073674a1bfbae842c07a2c3aa2726911be6,2026-03-06T20:25:19Z,bitcoin-up-or-down-march-6-3pm-et,Down,SELL,25,0.53,0.58,0.59,0.01,0.585,0.5845231608,0.5772327777,5625.93,4120.45,85.1851851852,0.0114814815,0.0036201399,542.275627,0.4982519982,8,CROSS,,TRADE,,-0.055,-0.055,-0.105,-0.135,,-0.55889121,REDUCE
0xbbe63b44ce4e583e958f52d7c7a623983cd32aa140f41495cd30aa3abf5c3b0d,2026-03-06T20:25:19Z,xrp-up-or-down-march-6-3pm-et,Down,BUY,9.11,0.83,0.88,0.89,0.01,0.885,0.8888235294,0.3806287851,1426.06,2320.53,68.1818181818,0.0131818182,0.0047673129,218.688702,0.6493901669,220,PASSIVE,,TRADE,,0.055,0.055,0.075,0.095,102,,OPEN
0xf8aeba7e85d12a5998c5f1c980dce0c2ebae55c59fb0e2dc7ccc3eb55e03f80f,2026-03-06T20:25:21Z,ethereum-up-or-down-march-6-3pm-et,Down,SELL,3.84,0.78,0.83,0.84,0.01,0.835,0.8305540166,0.547460931,4611.57,3811.99,86.3636363636,0.0113636364,0.0035125009,188.504035,0.6534651192,232,CROSS,,TRADE,,-0.055,-0.045,-0.055,-0.055,,0.6144,REDUCE
0x50ef57ebdde54c5e1fa8111e53dbeae6c21d7cf9e72ca47703d1dd58cec270e4,2026-03-06T20:25:25Z,ethereum-up-or-down-march-6-3pm-et,Down,SELL,3.84,0.78,0.83,0.84,0.01,0.835,0.8398503879,0.6923688301,7117.15,3162.27,65.2173913043,0.0134782609,0.0048698475,184.664035,0.6534651192,4,CROSS,,TRADE,,-0.075,-0.075,-0.025,-0.055,,0.6144,REDUCE
0xf921ee0a4d4f3be7404856c8acf3286fd562a59053ade0bd5d668530aee89567,2026-03-06T20:25:29Z,xrp-up-or-down-march-6-3pm-et,Down,BUY,7.96749,0.85,0.89,0.9,0.01,0.895,0.8997924479,0.4087792142,2079.28,3007.28,65.2173913043,0.0134782609,0.0048698475,227.798702,0.6566130157,10,PASSIVE,,TRADE,,0.045,0.045,0.045,0.075,92,,OPEN
0x0e8f152b118f4a5d985f4206897ac617d7bbe4a1440362cfda62b66c6bc86ccf,2026-03-06T20:25:31Z,xrp-up-or-down-march-6-3pm-et,Down,BUY,11.96655,0.88,0.89,0.9,0.01,0.895,0.8997924479,0.4087792142,2079.28,3007.28,66.6666666667,0.0133333333,0.0048154341,235.766192,0.6631483415,2,PASSIVE,,TRADE,,0.015,0.015,0.025,0.045,90,,OPEN
0xb2f9f54b382d820ad082a0679ebffd871a1856dac7098c3a4b4fa52e98879643,2026-03-06T20:25:37Z,bitcoin-up-or-down-march-6-3pm-et,Down,BUY,5.09,0.61,0.64,0.65,0.01,0.645,0.6413607248,0.6627566656,5192.44,2642.17,96.1538461538,0.0103846154,0.0019611614,517.275627,0.4982519982,18,PASSIVE,,TRADE,,0.035,0.025,0.035,0.055,28,,OPEN
0x0c5b2c5d7853257ca3bd8de788fdfe9d6576dfdf3030bfb5ea44c9144ccaa452,2026-03-06T20:25:39Z,bitcoin-up-or-down-march-6-3pm-et,Down,BUY,5.09,0.61,0.64,0.65,0.01,0.645,0.6413607248,0.6627566656,5192.44,2642.17,96.2962962963,0.0103703704,0.0019245009,522.365627,0.4993408856,2,PASSIVE,,TRADE,,0.035,0.025,0.045,0.055,26,,OPEN
0x7bc0cd0f4753edac6d77b58c3f341c178dad31b58be932f02c21d73b5710064e,2026-03-06T20:25:41Z,bitcoin-up-or-down-march-6-3pm-et,Down,BUY,25,0.59,0.62,0.63,0.01,0.625,0.620174216,0.6720176677,6134.52,2993.99,96.4285714286,0.0103571429,0.0018898224,527.455627,0.5004087572,2,PASSIVE,,TRADE,,0.035,0.035,0.065,0.14,24,,OPEN
0x87ecfac07203785fd65f1913a69ca5f23f445ca219f865605b5eb29170d99455,2026-03-06T20:25:43Z,xrp-up-or-down-march-6-3pm-et,Down,BUY,20,0.88,0.9,0.91,0.01,0.905,0.9082352941,0.3357410017,1486.5,2941.02,76,0.0124,0.0043588989,247.732742,0.6736232032,12,PASSIVE,,TRADE,,0.025,0.025,0.035,0.065,78,,OPEN
0x6b40df19c47d3feb081f4831df695ccd4f70133d6a9aa6b5f11b4214a0f9a848,2026-03-06T20:25:45Z,bitcoin-up-or-down-march-6-3pm-et,Down,BUY,25,0.6,0.62,0.63,0.01,0.625,0.6212195122,0.6760432046,6177,2959.99,96.5517241379,0.0103448276,0.0018569534,552.455627,0.5044629852,4,PASSIVE,,TRADE,,0.025,0.025,0.06,0.155,20,,OPEN
0x2b8a0a382b126076debc357d018af3b682f2ef6acbd16d771ae16d134308917f,2026-03-06T20:25:49Z,xrp-up-or-down-march-6-3pm-et,Down,BUY,34.92913,0.9,0.9,0.91,0.01,0.905,0.9082352941,0.3357410017,1486.5,2941.02,76.9230769231,0.0123076923,0.0042966892,267.732742,0.6890398306,6,PASSIVE,,TRADE,,0.005,0.005,0.025,0.045,72,,OPEN
0x672a5dc33eceeae4207149cdaa5161bd2aa486210147ff088549ddda1f40b892,2026-03-06T20:25:53Z,bitcoin-up-or-down-march-6-3pm-et,Down,BUY,25,0.63,0.62,0.63,0.01,0.625,0.6212195122,0.6760432046,6177,2959.99,96.6666666667,0.0103333333,0.0018257419,577.455627,0.5085991045,8,CROSS,,TRADE,,-0.005,0.015,0.035,0.175,12,,OPEN
0x28e3e555875e44199be8cd7adf9ed3b6f5057066172ec3ff2e83e1e3d04eddcc,2026-03-06T20:26:05Z,bitcoin-up-or-down-march-6-3pm-et,Down,SELL,0.696128,0.6199994829,0.66,0.67,0.01,0.665,0.6698883058,0.6497260041,6191.46,3337.88,93.1034482759,0.0106896552,0.0025788071,602.455627,0.5136368571,12,CROSS,,TRADE,,-0.0450005171,-0.0450005171,-0.0450005171,-0.1350005171,,0.0487286,REDUCE
0x161b387d1ea2a578a53797ff1f59e1ea607cbe9ea9f228013677f67163c26dfd,2026-03-06T20:26:13Z,bitcoin-up-or-down-march-6-3pm-et,Up,BUY,5.970148,0.3300000268,0.33,0.34,0.01,0.335,0.3300227363,0.3533344979,3357.66,6145.12,95,0.0105,0.002236068,151.822821,0.6055745474,936,PASSIVE,,TRADE,,0.0049999732,0.0049999732,-0.0600000268,-0.0550000268,84,,OPEN
0xb52f8b3b5a1e74f31fe278df06eb1958f4826206997aa8e6e4c07af9c728053d,2026-03-06T20:26:25Z,bitcoin-up-or-down-march-6-3pm-et,Down,BUY,25,0.65,0.66,0.67,0.01,0.665,0.6699772155,0.6566924846,6126.56,3202.86,92.3076923077,0.0107692308,0.0027174649,601.759499,0.5136368571,20,PASSIVE,,TRADE,,0.015,0.015,0.155,0.065,22,,OPEN
0x3136d30dad9d5fde1fa0db6f93bef082e3ea4a295317fdb11d4b9a9bf6e72d90,2026-03-06T20:26:27Z,ethereum-up-or-down-march-6-3pm-et,Down,BUY,44.79679,0.84,0.84,0.85,0.01,0.845,0.8475131146,0.6250369212,7300.6,4379.67,76.1904761905,0.0123809524,0.0043643578,180.824035,0.6534651192,62,PASSIVE,,TRADE,,0.005,0.005,0.055,0.025,228,,OPEN
0xd0191ec39bccbcec5036e1330df3794a67332004dbeb119bfd6964cbd0164af6,2026-03-06T20:26:29Z,solana-up-or-down-march-6-3pm-et,Down,BUY,5.0494,0.85,0.85,0.86,0.01,0.855,0.8588636364,0.4770201632,2049.25,2246.69,95,0.0105,0.002236068,299.72923,0.5991692286,126,PASSIVE,,TRADE,,0.01,0.03,0.03,0.03,152,,OPEN
0xe453ac52ffff268ec4cdff724037855f31855cd74946f88f16ac557dc5607de3,2026-03-06T20:26:45Z,solana-up-or-down-march-6-3pm-et,Down,BUY,8.92505,0.88,0.88,0.89,0.01,0.885,0.8802563971,0.2154958802,2000.25,7281.83,95.2380952381,0.0104761905,0.0021821789,304.77863,0.603324851,16,PASSIVE,,TRADE,,0.005,0,-0.01,0.01,136,,OPEN
0x899c213511e4bb5607aa50513a714dc8da7c57ee4caf1fe2d9e57e5bf8f9a99e,2026-03-06T20:26:47Z,bitcoin-up-or-down-march-6-3pm-et,Down,SELL,36,0.75,0.8,0.81,0.01,0.805,0.8056302577,0.4296551782,5594.51,7426.42,96,0.0104,0.002,626.759499,0.5190760703,22,CROSS,,TRADE,,-0.055,-0.045,0.025,-0.005,,7.56614014,REDUCE
0x28d5655fa2d8d253f494d7500152f9af013159f9a03119ed58a545f21cded1c3,2026-03-06T20:26:47Z,bitcoin-up-or-down-march-6-3pm-et,Up,BUY,10,0.25,0.19,0.2,0.01,0.195,0.1951420243,0.5630153964,7236.42,5616.55,95.2380952381,0.0104761905,0.0021821789,157.792969,0.5951480963,34,CROSS,,TRADE,,-0.055,-0.045,0.025,-0.005,50,,OPEN
0x40be9d29ee47ea1c49fdfd2905a60436dcb7aa84f1aa9744bdb3de8c7765df04,2026-03-06T20:26:47Z,bitcoin-up-or-down-march-6-3pm-et,Up,BUY,15,0.25,0.19,0.2,0.01,0.195,0.1951420243,0.5630153964,7236.42,5616.55,95.4545454545,0.0104545455,0.0021320072,167.792969,0.5745782179,0,CROSS,,TRADE,,-0.055,-0.045,0.035,-0.005,50,,OPEN
0xa2bb99e044c6b83a00ccfd03c408d2f5af65caf7eb09d11a095adfbf3900c282,2026-03-06T20:26:47Z,bitcoin-up-or-down-march-6-3pm-et,Up,BUY,25,0.26,0.19,0.2,0.01,0.195,0.196538994,0.5701412234,7513.15,5664.55,95.652173913,0.0104347826,0.0020851441,182.792969,0.5479433135,0,CROSS,,TRADE,,-0.065,-0.055,0.025,-0.015,50,,OPEN
0x794e166d2880d54d1df7b0943418d2d5a0740c2a97657f93b48c00d138ddf647,2026-03-06T20:26:49Z,ethereum-up-or-down-march-6-3pm-et,Down,BUY,10,0.86,0.88,0.9,0.02,0.89,0.8842082891,0.3776966861,6948.18,11448.01,100,0.0114285714,0.0035856858,225.620825,0.6905014339,22,PASSIVE,,TRADE,,0.035,0.035,0.005,0.03,206,,OPEN
0xeb947312e3417a79d8e61ef874e3eca6e037bb6f029df5881bf2b88b8bd25a28,2026-03-06T20:26:57Z,bitcoin-up-or-down-march-6-3pm-et,Down,SELL,25,0.79,0.75,0.76,0.01,0.755,0.7556453092,0.516799154,7399.06,6918.03,95.4545454545,0.0104545455,0.0021320072,590.759499,0.5190760703,10,PASSIVE,,TRADE,,0.055,0.055,0.08,0.035,,6.55807007,REDUCE
0xcde30ec69e1876b2ad6f981494d7ee406f9c676b83f1c666f84454a38f1f34a7,2026-03-06T20:26:57Z,bitcoin-up-or-down-march-6-3pm-et,Up,BUY,0.670885,0.2100002236,0.24,0.25,0.01,0.245,0.2443546908,0.4851427414,6972.03,7399.06,100,0.01,0,207.792969,0.5133002605,10,PASSIVE,,TRADE,,0.0549997764,0.0549997764,0.0849997764,0.0349997764,40,,OPEN
0x99872eb71ea8deae83dc3ef219fcf1e33305f164239e53e9eec2a5c4ebca81e6,2026-03-06T20:26:57Z,bitcoin-up-or-down-march-6-3pm-et,Up,BUY,13,0.19,0.24,0.25,0.01,0.245,0.2443546908,0.4851427414,6972.03,7399.06,100,0.01,0,208.463854,0.5123241706,0,PASSIVE,,TRADE,,0.075,0.075,0.105,0.055,40,,OPEN
0x269cc0589fa6e4fce4a0a8c4605c12b3dd8500d2b6685e3251901970118df508,2026-03-06T20:26:57Z,bitcoin-up-or-down-march-6-3pm-et,Up,BUY,10,0.19,0.24,0.25,0.01,0.245,0.2443546908,0.4851427414,6972.03,7399.06,100,0.01,0,221.463854,0.4934036374,0,PASSIVE,,TRADE,,0.075,0.075,0.105,0.055,40,,OPEN
0x7db8030c5e9bf4b2a35503694981b09ecba823afffa7dee073bf257662e4648e,2026-03-06T20:26:57Z,bitcoin-up-or-down-march-6-3pm-et,Up,BUY,2,0.19,0.24,0.25,0.01,0.245,0.2443546908,0.4851427414,6972.03,7399.06,100,0.01,0,231.463854,0.480295602,0,PASSIVE,,TRADE,,0.075,0.075,0.105,0.055,40,,OPEN
0x32fbd22e17e49ebc845f0bc7d8a0d423fd677fc5acc0eb3e5f478504b2badd20,2026-03-06T20:26:59Z,solana-up-or-down-march-6-3pm-et,Down,BUY,25,0.88,0.87,0.88,0.01,0.875,0.872,0.435349091,2042.24,2648.8,76.1904761905,0.0123809524,0.0043643578,313.70368,0.611196418,14,CROSS,,TRADE,,-0.005,0,0,0.01,122,,OPEN
0xe813879f21c5561e42a3c30738c504ddc5ec34f04dc4188a45e6dde56c6f994b,2026-03-06T20:26:59Z,bitcoin-up-or-down-march-6-3pm-et,Up,BUY,24.32,0.21,0.24,0.25,0.01,0.245,0.2485185185,0.5844901835,7078.03,5031.72,100,0.01,0,233.463854,0.4778087451,2,PASSIVE,,TRADE,,0.055,0.055,0.075,0.035,38,,OPEN
0x3f7459fada2051b38a78f73b4c8ffb486eb0058387b83c2f2fc226a0e6a23094,2026-03-06T20:27:01Z,xrp-up-or-down-march-6-3pm-et,Down,SELL,7.480832,0.9599999038,0.93,0.95,0.02,0.94,0.9303412969,0.4404309107,1926.85,2448.07,94.7368421053,0.0152631579,0.0061177529,302.661872,0.7133859933,72,PASSIVE,,TRADE,,0.0199999038,0.0249999038,0.0449999038,0.0349999038,,3.2113277603,REDUCE
0xb7bf4cd188513e3e6d3ae16cf38747c290d379ea04baccea8dbe64f237fbd929,2026-03-06T20:27:03Z,solana-up-or-down-march-6-3pm-et,Down,BUY,6.92,0.87,0.86,0.88,0.02,0.87,0.8756989247,0.4607535769,2263.24,2648.8,100,0.0127272727,0.0045584231,338.70368,0.6310370337,4,PASSIVE,,TRADE,,0.005,0,0.01,0.02,118,,OPEN
0xc7668b8e7d74473bffd105ccb6b64f762f97e82fa170e22f68179ed0c9688f2e,2026-03-06T20:27:03Z,solana-up-or-down-march-6-3pm-et,Down,BUY,18.076922,0.8700000476,0.86,0.88,0.02,0.87,0.8756989247,0.4607535769,2263.24,2648.8,100,0.0130434783,0.0047047197,345.62368,0.6358214968,0,PASSIVE,,TRADE,,0.0049999524,-0.0000000476,0.0099999524,0.0199999524,118,,OPEN
0x8bd24379839c36266d01f35a42db455271bc5bb218a6569e81f6586d04a8d8d9,2026-03-06T20:27:05Z,bitcoin-up-or-down-march-6-3pm-et,Down,BUY,25,0.78,0.73,0.74,0.01,0.735,0.73765625,0.4858031008,6395.01,6768.78,95.652173913,0.0104347826,0.0020851441,565.759499,0.5190760703,8,CROSS,,TRADE,,-0.045,-0.055,-0.07,-0.025,10,,OPEN
0x4d45d9f5ceb1c021ee260c0a3b5b7a1ab066204827d536c80cea9a2e4473ea74,2026-03-06T20:27:05Z,bitcoin-up-or-down-march-6-3pm-et,Down,BUY,10,0.77,0.73,0.74,0.01,0.735,0.73765625,0.4858031008,6395.01,6768.78,95.8333333333,0.0104166667,0.0020412415,590.759499,0.530117955,0,CROSS,,TRADE,,-0.035,-0.045,-0.06,-0.015,10,,OPEN
0xfcde79517a57fd34074120b317055cbf596344a1aefc7d8f3172709587e8feff,2026-03-06T20:27:05Z,bitcoin-up-or-down-march-6-3pm-et,Down,BUY,25,0.79,0.73,0.74,0.01,0.735,0.73765625,0.4858031008,6395.01,6768.78,96,0.0104,0.002,600.759499,0.5341109346,0,CROSS,,TRADE,,-0.055,-0.065,-0.08,-0.035,10,,OPEN
0x6bd75ef4e987e6fba8113d8fd8ca7c8e7ef809c42e91e0ea243b55fa6b5ac4da,2026-03-06T20:27:07Z,bitcoin-up-or-down-march-6-3pm-et,Down,BUY,20,0.76,0.72,0.73,0.01,0.725,0.7223290912,0.6851934123,6493.16,2983.23,100,0.01,0,625.759499,0.5443340741,2,CROSS,,TRADE,,-0.035,-0.035,-0.05,-0.005,8,,OPEN
0xd518a0051034e6d6c03da30a96602ae853849c53a4ad9455299857693c6e03f6,2026-03-06T20:27:09Z,bitcoin-up-or-down-march-6-3pm-et,Down,BUY,25,0.75,0.72,0.73,0.01,0.725,0.7223290912,0.6851934123,6493.16,2983.23,100,0.01,0,645.759499,0.5510135245,2,CROSS,,TRADE,,-0.025,-0.025,-0.03,0,6,,OPEN
0x627b53439304ff73bdaaa8fd6a52708aaf48e8e40ecf1063ba82d538ddc90044,2026-03-06T20:27:13Z,ethereum-up-or-down-march-6-3pm-et,Down,BUY,15,0.87,0.87,0.89,0.02,0.88,0.873071161,0.3958861368,6963.17,10625.65,100,0.0119047619,0.0040237391,235.620825,0.6976951345,24,PASSIVE,,TRADE,,0.01,0.01,-0.005,0.01,182,,OPEN
0xd135b7646f24957dda2df42c600491d72d8077177cfaee92ede565c656b4076b,2026-03-06T20:27:15Z,bitcoin-up-or-down-march-6-3pm-et,Down,SELL,1.75,0.76,0.72,0.73,0.01,0.725,0.7222182384,0.6837503514,6493.16,3003.23,100,0.01,0,670.759499,0.5584299858,6,PASSIVE,,TRADE,,0.035,0.045,0.005,0.01,,0.42,REDUCE
0x9a5f94a9fe9c37105d3ed3ec70b2a1fc60744ddb6c3b948cc53317d5b886bcd1,2026-03-06T20:27:17Z,bitcoin-up-or-down-march-6-3pm-et,Down,BUY,25,0.73,0.72,0.73,0.01,0.725,0.7222182384,0.6837503514,6493.16,3003.23,100,0.01,0,669.009499,0.5584299858,2,CROSS,,TRADE,,-0.005,-0.015,0.025,0.02,2,,OPEN
0xa2966f3e023c40653c33e6ee3ae2c178d716cdeaaedcaa4ddfa8c7c0020da6ae,2026-03-06T20:27:19Z,bitcoin-up-or-down-march-6-3pm-et,Down,SELL,1.447367,0.7599993644,0.72,0.73,0.01,0.725,0.7222182384,0.6837503514,6493.16,3003.23,100,0.01,0,694.009499,0.5646103772,2,PASSIVE,,TRADE,,0.0349993644,0.0449993644,0.0049993644,0.0149993644,,0.3473671601,REDUCE
0x563f8410fa552096a01e977864d8332cdd608188f6de5706607649571350561a,2026-03-06T20:27:21Z,bitcoin-up-or-down-march-6-3pm-et,Down,BUY,25,0.72,0.72,0.73,0.01,0.725,0.7222182384,0.6837503514,6493.16,3003.23,100,0.01,0,692.562132,0.5646103772,2,PASSIVE,,TRADE,,0.005,-0.005,0.03,0.025,12,,OPEN
0xdac18884c2cd49c1a9611cfcc1a9d0f8b4d8761aaaad311c2f71b8ee1d9930b8,2026-03-06T20:27:33Z,bitcoin-up-or-down-march-6-3pm-et,Down,SELL,19.506848,0.7299999979,0.75,0.76,0.01,0.755,0.75875,0.7133364873,7056.51,2835.75,96.6666666667,0.0103333333,0.0018257419,717.562132,0.570024181,12,CROSS,,TRADE,,-0.0250000021,-0.0250000021,-0.0250000021,-0.0050000021,,4.201774699,REDUCE
0xf4eb01497c8c91b931996db592d66863b98f20eb56865e788ace1f39976beb19,2026-03-06T20:27:37Z,bitcoin-up-or-down-march-6-3pm-et,Up,SELL,25,0.29,0.24,0.25,0.01,0.245,0.2410416667,0.2758085012,2721.75,7146.51,96.2962962963,0.0103703704,0.0019245009,257.783854,0.4525429708,38,PASSIVE,,TRADE,,0.045,0.045,0.045,0.015,,-8.25,REDUCE
0xd8b0ad64a6aa5468e7ac8989f23a6ee1035d66439c74400c2d2fc7dde8735db9,2026-03-06T20:27:49Z,bitcoin-up-or-down-march-6-3pm-et,Down,SELL,21.8,0.76,0.75,0.76,0.01,0.755,0.7576450641,0.4796310163,2607.02,2828.45,90.3225806452,0.0109677419,0.0030053715,698.055284,0.570024181,16,PASSIVE,,TRADE,,0.005,0.005,0.015,0.035,,5.87666334,REDUCE
0x2ccadc492b948590520459d011382c654937cbb996b0988a59fd3dda367c3243,2026-03-06T20:27:53Z,bitcoin-up-or-down-march-6-3pm-et,Down,SELL,25,0.77,0.75,0.76,0.01,0.755,0.7576450641,0.4796310163,2607.02,2828.45,90.625,0.0109375,0.0029614458,676.255284,0.570024181,4,PASSIVE,,TRADE,,0.015,0.015,0.035,0.05,,6.25,REDUCE
0x49562c8f0f702c292062502b66c435da41e52708575e783d81cb3548d218b6c5,2026-03-06T20:27:59Z,bitcoin-up-or-down-march-6-3pm-et,Down,BUY,21,0.75,0.75,0.76,0.01,0.755,0.7576450641,0.4796310163,2607.02,2828.45,90.9090909091,0.0109090909,0.002919371,651.255284,0.570024181,6,PASSIVE,,TRADE,,0.005,0,-0.01,-0.03,14,,OPEN
0xa58fdafbf4d320210bcb7bdfe4abd8edb0723cdfd27c315e183fcba9d9739cac,2026-03-06T20:27:59Z,bitcoin-up-or-down-march-6-3pm-et,Down,BUY,4,0.75,0.75,0.76,0.01,0.755,0.7576450641,0.4796310163,2607.02,2828.45,91.1764705882,0.0108823529,0.0028790224,672.255284,0.5756462896,0,PASSIVE,,TRADE,,0.005,0,-0.01,-0.03,14,,OPEN
0x2d0c070c0e7154a1ce10b38be43ea7aec4dab9685cdb78243470e0f50c79180b,2026-03-06T20:28:13Z,bitcoin-up-or-down-march-6-3pm-et,Down,SELL,25,0.76,0.73,0.74,0.01,0.735,0.7337209302,0.4928111404,6537.81,6728.55,81.25,0.011875,0.0039655777,676.255284,0.5766775789,14,PASSIVE,,TRADE,,0.025,0.025,0.035,0.035,,6.00311222,REDUCE
0x4bd90a16ed0dab7f8b6ddee06d98b3752bbb1cdd7d1df43544a12039aebc3396,2026-03-06T20:28:29Z,bitcoin-up-or-down-march-6-3pm-et,Down,BUY,25,0.72,0.72,0.73,0.01,0.725,0.723269103,0.6904543018,7277.63,3262.72,75,0.0125,0.0044095855,651.255284,0.5766775789,16,PASSIVE,,TRADE,,0.005,0.005,0,0.015,28,,OPEN
0xa97b6d87d84f98a43d031759e1c8d2bea28b0efd8c8d2118df582b870611fae6,2026-03-06T20:28:29Z,bitcoin-up-or-down-march-6-3pm-et,Down,BUY,3.703702,0.7300001458,0.72,0.73,0.01,0.725,0.723269103,0.6904543018,7277.63,3262.72,75.8620689655,0.0124137931,0.0043549417,676.255284,0.5819759634,0,CROSS,,TRADE,,-0.0050001458,-0.0050001458,-0.0100001458,0.0049998542,28,,OPEN
0xff7927176ba77aa24d72dc38880e886f3a1f20cbc7a528a90badf2ad4ee62acf,2026-03-06T20:28:33Z,bitcoin-up-or-down-march-6-3pm-et,Down,BUY,25,0.73,0.72,0.73,0.01,0.725,0.7235629224,0.6878401019,7217.63,3275.55,76.6666666667,0.0123333333,0.0043018307,679.958986,0.5827822436,4,CROSS,,TRADE,,-0.005,-0.005,-0.005,-0.005,24,,OPEN
0xfb51a4dec87dc872a0cde253896c928171cbe8c40f77ac90aa951e434d74c759,2026-03-06T20:28:51Z,xrp-up-or-down-march-6-3pm-et,Down,BUY,4.452221,0.9100001999,0.92,0.93,0.01,0.925,0.9217401897,0.3916883365,1888.87,2933.51,40.9090909091,0.0172727273,0.0070250017,295.18104,0.7133859933,110,PASSIVE,,TRADE,,0.0149998001,0.0149998001,0.0199998001,0.0349998001,48,,OPEN
0x3a62f00a2c4a59efb8b983ef3cecd6ebb453309fdbd42da5eb59380cc2860d6a,2026-03-06T20:28:57Z,bitcoin-up-or-down-march-6-3pm-et,Down,SELL,20.833332,0.7199999981,0.72,0.73,0.01,0.725,0.726896634,0.515450715,7144.25,6715.95,76.9230769231,0.0123076923,0.0042966892,704.958986,0.5880030351,24,CROSS,,TRADE,,-0.0050000019,-0.0050000019,-0.0150000019,0.0049999981,,4.3749996804,REDUCE
0x3064f7d79154a7ab202bfc0d0bc4168e57d78ab2ef67e39d19bcdc0ddca690f6,2026-03-06T20:28:59Z,bitcoin-up-or-down-march-6-3pm-et,Down,SELL,12.821916,0.729999947,0.72,0.73,0.01,0.725,0.726896634,0.515450715,7144.25,6715.95,77.7777777778,0.0122222222,0.0042365927,684.125654,0.5880030351,2,PASSIVE,,TRADE,,0.004999947,0.004999947,-0.005000053,0.004999947,,3.6278031404,REDUCE
0x78b0ecfaa82f1a0d5147a85ba6de0d64e43cc3a3142680a3b7912001f8fd2f78,2026-03-06T20:29:01Z,xrp-up-or-down-march-6-3pm-et,Down,BUY,4.38,0.9,0.92,0.93,0.01,0.925,0.9293583162,0.4701057844,2229.11,2512.61,47.8260869565,0.0160869565,0.0065637645,299.633261,0.7163074644,10,PASSIVE,,TRADE,,0.025,0.025,0.04,0.045,38,,OPEN
0x44e6cd9568c06cc048ef98abd3f738e0d094a3f57e07e44ddb34a4fd97af290d,2026-03-06T20:29:01Z,solana-up-or-down-march-6-3pm-et,Down,SELL,25,0.91,0.9,0.92,0.02,0.91,0.9014197337,0.2141387233,2144.64,7870.55,100,0.0136363636,0.0049236596,363.700602,0.6474608159,118,PASSIVE,,TRADE,,0,0,-0.005,-0.015,,10.6124888,REDUCE
0xbf3952786e1c78945dae2aa81c0a409642346d8d3c25df030782d78e5ebd9a2e,2026-03-06T20:29:35Z,bitcoin-up-or-down-march-6-3pm-et,Down,BUY,25,0.71,0.71,0.72,0.01,0.715,0.7170784444,0.6880385221,6648.53,3014.49,87.5,0.01125,0.0033783196,671.303738,0.5880030351,36,PASSIVE,,TRADE,,0,0,0.015,-0.035,12,,OPEN
0x05653e052c2a1834535744a037fcf6869e429786d162149a54a51efe9c7d6d98,2026-03-06T20:29:37Z,bitcoin-up-or-down-march-6-3pm-et,Up,SELL,25,0.3,0.28,0.29,0.01,0.285,0.2829215556,0.3119614779,3014.49,6648.53,81.8181818182,0.0118181818,0.0039477102,232.783854,0.4525429708,120,PASSIVE,,TRADE,,0.015,0.015,0.025,-0.025,,-8,REDUCE
0x66b80636a45e43686406236e0df8072c986421e6757d400efd00d9c57d2498ca,2026-03-06T20:29:39Z,xrp-up-or-down-march-6-3pm-et,Down,SELL,5,0.95,0.94,0.95,0.01,0.945,0.940485639,0.4581650128,1953.02,2309.68,37.5,0.01625,0.0049453536,304.013261,0.7189539716,38,PASSIVE,,TRADE,,0.005,0.005,0.015,0.025,,2.0499999819,REDUCE
0xb526dabe03d772edc435136836f1ca5c7550f5e857ac4222a0cbde1b1e9c7d42,2026-03-06T20:29:39Z,xrp-up-or-down-march-6-3pm-et,Down,SELL,15,0.95,0.94,0.95,0.01,0.945,0.940485639,0.4581650128,1953.02,2309.68,40,0.016,0.005,299.013261,0.7189539716,0,PASSIVE,,TRADE,,0.005,0.005,0.015,0.025,,5.9089998184,REDUCE
0x75323d6f4a69c81e19c9d1110cfdeebde585bb5963dbf23ce4d0bda3fad15367,2026-03-06T20:29:47Z,bitcoin-up-or-down-march-6-3pm-et,Down,SELL,12.833332,0.7199999969,0.72,0.73,0.01,0.725,0.7271118925,0.5687652366,8893.6,6743.08,96,0.0104,0.002,696.303738,0.5923831985,12,CROSS,,TRADE,,-0.0050000031,-0.0050000031,0.0149999969,0.0449999969,,3.8499995602,REDUCE
0xba44cde76c31cb9d98913dd583ab83148c9aaf763b7c9463d9753f857a147b8a,2026-03-06T20:29:49Z,bitcoin-up-or-down-march-6-3pm-et,Down,SELL,12.16,0.72,0.72,0.73,0.01,0.725,0.7271118925,0.5687652366,8893.6,6743.08,96.1538461538,0.0103846154,0.0019611614,683.470406,0.5923831985,2,CROSS,,TRADE,,-0.005,-0.005,0.025,0.045,,3.28960792,REDUCE
0x3c82e56a9ef00bd0a697465ed87cfeb4916fbd5443cfbd86308292c117fac637,2026-03-06T20:30:01Z,solana-up-or-down-march-6-3pm-et,Down,BUY,17.414,0.9,0.91,0.92,0.01,0.915,0.9147916667,0.4448172854,3176.16,3964.21,60.8695652174,0.0139130435,0.0049901088,338.700602,0.6474608159,60,PASSIVE,,TRADE,,0.02,0.01,0.025,0.025,10,,OPEN
0x0bfaf16ad5bdde012816e6e2cd9de9d0a2973642a23f2dfb4094e18707d85da5,2026-03-06T20:30:03Z,bitcoin-up-or-down-march-6-3pm-et,Down,SELL,25,0.73,0.68,0.69,0.01,0.685,0.6887063389,0.5046896686,6639.99,6516.59,88,0.0112,0.0033166248,671.310406,0.5923831985,14,PASSIVE,,TRADE,,0.05,0.05,0.055,0.055,,6.829195937,REDUCE
0x73783e243af7d572682fd796cd9a604865442b782dfc7248338c350c378105b3,2026-03-06T20:30:05Z,xrp-up-or-down-march-6-3pm-et,Down,SELL,2.14,0.96,0.93,0.94,0.01,0.935,0.9320407377,0.4500434519,2055.92,2512.35,62.5,0.01375,0.0049453536,284.013261,0.7189539716,26,PASSIVE,,TRADE,,0.025,0.025,0.025,0.035,,0.7704,REDUCE
0xdd6f4a958d4a27c4934eb8e16bf6459c50afb20b0c3dfacdf60b1567aade98ce,2026-03-06T20:30:05Z,xrp-up-or-down-march-6-3pm-et,Down,SELL,2.18,0.96,0.93,0.94,0.01,0.935,0.9320407377,0.4500434519,2055.92,2512.35,64,0.0136,0.0048989795,281.873261,0.7189539716,0,PASSIVE,,TRADE,,0.025,0.025,0.025,0.035,,0.7848,REDUCE
0x39c4f68bf6328253ce0698d0e42f7feb06a7d88d49572d39786036cabf77059f,2026-03-06T20:30:05Z,xrp-up-or-down-march-6-3pm-et,Down,SELL,2.18,0.96,0.93,0.94,0.01,0.935,0.9320407377,0.4500434519,2055.92,2512.35,65.3846153846,0.0134615385,0.0048516452,279.693261,0.7189539716,0,PASSIVE,,TRADE,,0.025,0.025,0.025,0.035,,0.7848,REDUCE
0x267da5e3f1582cd5a3053ae3f325800fe1990047be027dae2ce1b3ee919ad5c6,2026-03-06T20:30:05Z,xrp-up-or-down-march-6-3pm-et,Down,SELL,2.18,0.96,0.93,0.94,0.01,0.935,0.9320407377,0.4500434519,2055.92,2512.35,66.6666666667,0.0133333333,0.0048038446,277.513261,0.7189539716,0,PASSIVE,,TRADE,,0.025,0.025,0.025,0.035,,0.7848,REDUCE
0xa62b58f7fcbf4acbcd1a9a9c3066b96c7c04e377f705398a083cc8d5bc2319f8,2026-03-06T20:30:05Z,xrp-up-or-down-march-6-3pm-et,Down,SELL,2.14,0.96,0.93,0.94,0.01,0.935,0.9320407377,0.4500434519,2055.92,2512.35,67.8571428571,0.0132142857,0.0047559487,275.333261,0.7189539716,0,PASSIVE,,TRADE,,0.025,0.025,0.025,0.035,,0.7704,REDUCE
0x96e1bbc00d175990306a8394f80e63039ab4ba1109ad7804915dc2733fa8291b,2026-03-06T20:30:05Z,xrp-up-or-down-march-6-3pm-et,Down,SELL,2.18,0.96,0.93,0.94,0.01,0.935,0.9320407377,0.4500434519,2055.92,2512.35,68.9655172414,0.0131034483,0.0047082362,273.193261,0.7189539716,0,PASSIVE,,TRADE,,0.025,0.025,0.025,0.035,,0.7848,REDUCE
0xda8c26d9bb3f371e0e381ac7042487f8ccf8066baac4fe2bcb567c82d1d3998a,2026-03-06T20:30:07Z,bitcoin-up-or-down-march-6-3pm-et,Down,SELL,62,0.72,0.68,0.69,0.01,0.685,0.6859785523,0.5008633463,6625.22,6602.38,88.4615384615,0.0111538462,0.0032581259,646.310406,0.5923831985,4,PASSIVE,,TRADE,,0.04,0.035,0.045,0.045,,16.2458219027,REDUCE
0x582c0bc5336ef90ec597855f1edf69a7bb6c9f0a7f2d229a5e8fab2158dac20e,2026-03-06T20:30:11Z,solana-up-or-down-march-6-3pm-et,Down,SELL,23.95,0.92,0.9,0.92,0.02,0.91,0.9176808009,0.4568927431,3288.65,3909.21,100,0.0139130435,0.0049901088,356.114602,0.6598099792,10,PASSIVE,,TRADE,,0.015,-0.005,-0.005,-0.005,,9.8195,REDUCE
0x7ddce0cf00fa50bcbc4fdb98e1fa90bd0ef7885741b0d38c801cd4aaf61aee65,2026-03-06T20:30:11Z,bitcoin-up-or-down-march-6-3pm-et,Down,SELL,45,0.72,0.68,0.69,0.01,0.685,0.6805129417,0.4996115075,6365.83,6375.73,88.8888888889,0.0111111111,0.0032025631,584.310406,0.5923831985,4,PASSIVE,,TRADE,,0.035,0.045,0.055,0.045,,10.72791108,REDUCE
0xf9643000b9e318bbcd1e0a6e6df2049999804277423dab56f5043355d738afed,2026-03-06T20:30:13Z,xrp-up-or-down-march-6-3pm-et,Down,SELL,35.22,0.9420868825,0.93,0.94,0.01,0.935,0.9317410485,0.4532719935,2062.17,2487.35,70,0.013,0.004660916,271.013261,0.7189539716,8,PASSIVE,,TRADE,,0.0070868825,0.0070868825,0.0170868825,0.0070868825,,11.3386711813,REDUCE
0x37c20e25217f6abbb1d08c036b9c5ecbd32dec4dd2043589eaf18a9a6f21fd4f,2026-03-06T20:30:13Z,bitcoin-up-or-down-march-6-3pm-et,Down,SELL,25,0.73,0.68,0.69,0.01,0.685,0.6804546773,0.4955356938,6484.59,6601.43,89.2857142857,0.0110714286,0.0031497039,539.310406,0.5923831985,2,PASSIVE,,TRADE,,0.045,0.055,0.065,0.035,,6.06257012,REDUCE
0xba98a66fcaf736565c8b469676f435ed8dc7e20772e6471d9a37814422e3c479,2026-03-06T20:30:15Z,solana-up-or-down-march-6-3pm-et,Down,SELL,6,0.92,0.9,0.91,0.01,0.905,0.9086727845,0.4434287368,3278.65,4115.21,62.5,0.01375,0.0049453536,332.164602,0.6598099792,4,PASSIVE,,TRADE,,-0.005,-0.005,-0.005,-0.01,,2.46,REDUCE
0xac246b2c5eccfaefd8cc04c81d045b3dfafedf34ac14f9c34c2ce3aca6b2c966,2026-03-06T20:30:15Z,ethereum-up-or-down-march-6-3pm-et,Down,SELL,20,0.86,0.84,0.85,0.01,0.845,0.8434251586,0.3844695467,4216.02,6749.79,95.4545454545,0.0104545455,0.0021320072,250.620825,0.7080078169,182,PASSIVE,,TRADE,,0.015,0.015,0.005,-0.015,,4.46218845,REDUCE
0x2f351620c74babe928eca68688b51488212b2dda0e196bc1c25f7bb8b22c409a,2026-03-06T20:30:17Z,bitcoin-up-or-down-march-6-3pm-et,Down,SELL,25,0.73,0.66,0.67,0.01,0.665,0.6651219512,0.5009317458,6559.05,6534.65,85.1851851852,0.0114814815,0.0036201399,514.310406,0.5923831985,4,PASSIVE,,TRADE,,0.065,0.065,0.055,0.035,,5.15600458,REDUCE
0x144fbdb1acbefdf68664ca672642163bec3f6f36ec52ea746f82d30e236190a4,2026-03-06T20:30:17Z,solana-up-or-down-march-6-3pm-et,Down,SELL,8,0.92,0.91,0.93,0.02,0.92,0.912787068,0.3869612316,2418.38,3831.29,100,0.0139130435,0.0049901088,326.164602,0.6598099792,2,PASSIVE,,TRADE,,-0.005,-0.005,-0.005,-0.01,,2.7507946,REDUCE
0x6f3e82760e5e052bed95a1dd3b7fe75844c3f25c2fdbca6cb82679a07cae6717,2026-03-06T20:30:17Z,bitcoin-up-or-down-march-6-3pm-et,Down,SELL,45,0.72,0.66,0.67,0.01,0.665,0.6623772168,0.4962351969,6510.05,6608.83,85.7142857143,0.0114285714,0.0035634832,489.310406,0.5923831985,0,PASSIVE,,TRADE,,0.055,0.055,0.045,0.025,,7.48682364,REDUCE
0xf78a82d12375c83d7d0daa5da4802220e5306157f6e9e8031096f737f3892e94,2026-03-06T20:30:17Z,xrp-up-or-down-march-6-3pm-et,Down,SELL,35,0.93,0.92,0.93,0.01,0.925,0.9229547335,0.4403448601,2099.19,2667.96,89.6551724138,0.0110344828,0.0030993405,235.793261,0.7189539716,4,PASSIVE,,TRADE,,0.005,0.005,0.005,-0.005,,8.2425591202,REDUCE
0x4955c67170ce87c22a91b9bf7e548648acbfab1a4d4c8ab32033af00098c8f17,2026-03-06T20:30:21Z,ethereum-up-or-down-march-6-3pm-et,Down,SELL,14.965115,0.8599999399,0.84,0.85,0.01,0.845,0.8435365928,0.3834774927,4214.92,6776.39,95.2380952381,0.0104761905,0.0021821789,230.620825,0.7080078169,6,PASSIVE,,TRADE,,0.0149999399,0.0149999399,0.0049999399,-0.0150000601,,3.0817933911,REDUCE
0x74ed7fae5234448ce1cae08caeab664d3b5c6ae311986126ab35ebdfe0a51418,2026-03-06T20:30:31Z,bitcoin-up-or-down-march-6-3pm-et,Down,BUY,25,0.67,0.66,0.67,0.01,0.665,0.6634024651,0.5014509843,6557.64,6519.69,86.2068965517,0.0113793103,0.003509312,444.310406,0.5923831985,14,CROSS,,TRADE,,-0.005,-0.005,-0.01,0.065,44,,OPEN
0xe0da807c2dfc082994d03d72f1106e5161f38349cacd48bd81b925d2a605f02a,2026-03-06T20:30:35Z,bitcoin-up-or-down-march-6-3pm-et,Down,BUY,6.53,0.65,0.66,0.67,0.01,0.665,0.6634024651,0.5014509843,6557.64,6519.69,86.6666666667,0.0113333333,0.003457459,469.310406,0.5965178182,4,PASSIVE,,TRADE,,0.015,0.025,0.025,0.085,40,,OPEN
0xba6f6514017a5b860e43d1cb077bf32d3c8f5270dbaaee57a559bc471dc3c915,2026-03-06T20:31:03Z,bitcoin-up-or-down-march-6-3pm-et,Down,BUY,6.3,0.66,0.7,0.71,0.01,0.705,0.7048648649,0.4999666403,6069.79,6070.6,82.1428571429,0.0117857143,0.0039002103,475.840406,0.5972517589,28,PASSIVE,,TRADE,,0.035,0.035,0.075,0.015,12,,OPEN
0x5ad769483e58cad7300cf2f90c67149dcf4fd1f9ab243dce02584c79633e5a41,2026-03-06T20:31:07Z,bitcoin-up-or-down-march-6-3pm-et,Down,BUY,0.4,0.66,0.7,0.71,0.01,0.705,0.7048648649,0.4999666403,6069.79,6070.6,82.7586206897,0.0117241379,0.0038442587,482.140406,0.5980716734,4,PASSIVE,,TRADE,,0.035,0.035,0.065,0.01,8,,OPEN
0xde336ee2b81be0965078d4358197a927b05bee58961b0b69156d7c0556211674,2026-03-06T20:31:15Z,bitcoin-up-or-down-march-6-3pm-et,Down,SELL,25,0.69,0.75,0.76,0.01,0.755,0.7551824818,0.4600187602,5958.6,6994.35,81.4814814815,0.0118518519,0.0039584739,482.540406,0.5981230086,8,CROSS,,TRADE,,-0.065,-0.065,-0.015,0.015,,4.71858724,REDUCE
0x0ec709c25328484f94066342ee5a15ff91bf5ee0e2597e32dc21e97c41f33fc4,2026-03-06T20:31:17Z,solana-up-or-down-march-6-3pm-et,Up,BUY,0.65704,0.05,0.05,0.08,0.03,0.065,0.0690292553,0.4929772695,3400.01,3496.88,100,0.0128571429,0.006436503,219.095411,0.5468778946,1252,PASSIVE,,TRADE,,0.02,0.02,0.02,0.01,514,,OPEN
0xea101f10d1c1197ad412df987f8ece5c594e9552254b40f7a1195eedb447d2f1,2026-03-06T20:31:17Z,xrp-up-or-down-march-6-3pm-et,Down,BUY,29.58862,0.93,0.93,0.95,0.02,0.94,0.9494135738,0.5385150923,2475.22,2121.16,100,0.0113636364,0.0035125009,200.793261,0.7189539716,60,PASSIVE,,TRADE,,0.01,0.01,0.005,0.025,110,,OPEN
0x48fa07845e3bb0719349444dd80eb3d56bfd04b0e5ae645023f959ed4e2dbb21,2026-03-06T20:31:29Z,solana-up-or-down-march-6-3pm-et,Up,BUY,7.91578,0.05,0.06,0.08,0.02,0.07,0.0627800945,0.5913628542,3481.43,2405.7,86.3636363636,0.0154545455,0.0073854895,219.752451,0.5453922745,12,PASSIVE,,TRADE,,0.02,0.02,0.02,0.01,502,,OPEN
0x8fa3f7955bc049996612bb35b66c8d0f9932518ad00d1b6f23a34264ced46e1c,2026-03-06T20:31:29Z,solana-up-or-down-march-6-3pm-et,Up,BUY,3.94736,0.05,0.06,0.08,0.02,0.07,0.0627800945,0.5913628542,3481.43,2405.7,86.9565217391,0.0156521739,0.0072776663,227.668231,0.5281680169,0,PASSIVE,,TRADE,,0.02,0.02,0.02,0.01,502,,OPEN
0x5c4b31cbba14e98801fbca4e9d2279d615340435e28c1c20e145e2864b8d62f0,2026-03-06T20:31:31Z,ethereum-up-or-down-march-6-3pm-et,Down,BUY,4.58718,0.88,0.87,0.88,0.01,0.875,0.8745140959,0.3924216826,4605.92,7131.25,95.2380952381,0.0104761905,0.0021821789,215.65571,0.7080078169,70,CROSS,,TRADE,,-0.005,-0.005,-0.005,0.025,220,,OPEN
0x8e6ba950ad3280ef90a050bd47db3f8f1350a49640eee35479ffa04103ab02e8,2026-03-06T20:31:31Z,solana-up-or-down-march-6-3pm-et,Up,BUY,2,0.05,0.07,0.08,0.01,0.075,0.071629271,0.5186487416,3528.44,3274.7,58.3333333333,0.0154166667,0.0072106001,231.615591,0.5200187326,2,PASSIVE,,TRADE,,0.02,0.02,0.02,0.01,500,,OPEN
0x8ace3649229f054ed4f0692c09ad083b69b2abc9cbff1af3cb7f0078b7ef2ca9,2026-03-06T20:31:33Z,solana-up-or-down-march-6-3pm-et,Up,BUY,2,0.05,0.07,0.08,0.01,0.075,0.071629271,0.5186487416,3528.44,3274.7,60,0.0152,0.0071414284,233.615591,0.5159948681,2,PASSIVE,,TRADE,,0.02,0.02,0.02,0.01,498,,OPEN
0xab7d84f50a1f606e9663972dbb62d8458ca5ed64af5e725965c491133522eb81,2026-03-06T20:31:33Z,solana-up-or-down-march-6-3pm-et,Down,BUY,10.714284,0.9300000821,0.92,0.93,0.01,0.925,0.928370729,0.4813512584,3274.7,3528.44,61.9047619048,0.0147619048,0.0067963576,318.164602,0.6598099792,76,CROSS,,TRADE,,-0.0000000821,0.0049999179,-0.0000000821,0.0099999179,76,,OPEN
0xe61c472f08542ad97af269c191ed5a2ce16cbb902c061afa678a62b015cffa94,2026-03-06T20:31:39Z,solana-up-or-down-march-6-3pm-et,Down,BUY,25,0.92,0.92,0.93,0.01,0.925,0.928370729,0.4813512584,3274.7,3528.44,63.6363636364,0.0145454545,0.0067098171,328.878886,0.6686122879,6,PASSIVE,,TRADE,,0.015,0.015,0.03,0.025,70,,OPEN
0x3285b5d458c6b3e8ccd84e2f37548bfa8f893af59a3af137ca3acc18a2280df0,2026-03-06T20:31:55Z,bitcoin-up-or-down-march-6-3pm-et,Down,BUY,0.47,0.69,0.65,0.66,0.01,0.655,0.6572727273,0.7127523829,5943.3,2395.22,91.3043478261,0.0108695652,0.0028810407,457.540406,0.5981230086,40,CROSS,,TRADE,,-0.02,-0.02,-0.015,-0.005,16,,OPEN
0x4a1e0d1cede0186b6e90690715fb8d10ca70f24007b553241ed9487ec1ce585e,2026-03-06T20:31:55Z,bitcoin-up-or-down-march-6-3pm-et,Down,BUY,24.53,0.69,0.65,0.66,0.01,0.655,0.6572727273,0.7127523829,5943.3,2395.22,91.6666666667,0.0108333333,0.0028232985,458.010406,0.5982172907,0,CROSS,,TRADE,,-0.02,-0.02,-0.015,-0.005,16,,OPEN
0x556c586525b1be216022a715798e275f74c2ac902ce69cd98949cbd82a8c2868,2026-03-06T20:31:59Z,bitcoin-up-or-down-march-6-3pm-et,Down,BUY,0.21,0.7,0.65,0.66,0.01,0.655,0.6572727273,0.7127523829,5943.3,2395.22,92,0.0108,0.0027688746,482.540406,0.6028830759,4,CROSS,,TRADE,,-0.03,-0.025,-0.015,-0.015,12,,OPEN
0xc0bdfbb49b0a7695914ef0db5c2c5ce43daf567308ee061278d663d891bfdf9b,2026-03-06T20:32:05Z,bitcoin-up-or-down-march-6-3pm-et,Down,BUY,18.47,0.65,0.67,0.68,0.01,0.675,0.6705226481,0.6483506626,5854.6,3175.39,87.5,0.01125,0.0033783196,482.750406,0.6029253225,6,PASSIVE,,TRADE,,0.025,0.025,0.035,0.035,6,,OPEN
0xdd6aa34449b9db68eb8dff4c8261a3a919f951cf7d16cddd63bad3323bd34b12,2026-03-06T20:32:09Z,bitcoin-up-or-down-march-6-3pm-et,Down,BUY,25,0.63,0.67,0.68,0.01,0.675,0.6705226481,0.6483506626,5854.6,3175.39,88,0.0112,0.0033166248,501.220406,0.604660027,4,PASSIVE,,TRADE,,0.045,0.045,0.055,0.055,2,,OPEN
0xf2b4fa8a104ec58c38b9a40f7271389df25b8e89759b94c6fe7731f526c85f01,2026-03-06T20:32:11Z,bitcoin-up-or-down-march-6-3pm-et,Down,SELL,20.02,0.66,0.67,0.68,0.01,0.675,0.6704966887,0.6473631907,5830.25,3175.9,88.4615384615,0.0111538462,0.0032581259,526.220406,0.6058638939,2,CROSS,,TRADE,,-0.015,-0.015,-0.025,-0.025,,3.57704728,REDUCE
0x3d16b04bd64c1c3b3631d285ed67089c8da8220c72e8fc1dc0f620f14892dea5,2026-03-06T20:32:11Z,bitcoin-up-or-down-march-6-3pm-et,Down,SELL,4.98,0.66,0.67,0.68,0.01,0.675,0.6704966887,0.6473631907,5830.25,3175.9,88.8888888889,0.0111111111,0.0032025631,506.200406,0.6058638939,0,CROSS,,TRADE,,-0.015,-0.015,-0.025,-0.025,,0.8466,REDUCE
0x0c3fb2d9afdcf5d54017687fbdfc100edc89891a315022a5d9ba68bacb7911eb,2026-03-06T20:32:13Z,bitcoin-up-or-down-march-6-3pm-et,Down,SELL,25,0.69,0.67,0.68,0.01,0.675,0.6704966887,0.6473631907,5830.25,3175.9,89.2857142857,0.0110714286,0.0031497039,501.220406,0.6058638939,2,PASSIVE,,TRADE,,0.015,0.015,0,0,,4.91513132,REDUCE
0x89c46266f826080541b806e445ae8cecc927638d35752cf4bba70098ade9ea2e,2026-03-06T20:32:21Z,ethereum-up-or-down-march-6-3pm-et,Down,BUY,39.919,0.9,0.9,0.91,0.01,0.905,0.9070895223,0.4977469066,7503.45,7571.38,85,0.0115,0.0036634755,220.24289,0.7115900397,50,PASSIVE,,TRADE,,0.005,0.005,0.005,0.035,170,,OPEN
0x36a6789aaaaa38bf86b89cf8354c651b64ac2a14358df00f6a68a8768fb6e4e1,2026-03-06T20:32:33Z,bitcoin-up-or-down-march-6-3pm-et,Down,SELL,25,0.68,0.68,0.69,0.01,0.685,0.6895327103,0.692003144,6418.17,2856.6,96.2962962963,0.0103703704,0.0019245009,476.220406,0.6058638939,20,CROSS,,TRADE,,-0.005,-0.01,-0.005,-0.05,,2.07626928,REDUCE
0x7086b3c735d202506f585f8e7dc26001c484dfe9225e5f0466f4ddb6e4cf3b1d,2026-03-06T20:32:45Z,bitcoin-up-or-down-march-6-3pm-et,Down,BUY,8,0.68,0.68,0.7,0.02,0.69,0.6940151937,0.6853820968,6526.88,2996.1,100,0.0110344828,0.0030993405,451.220406,0.6058638939,12,PASSIVE,,TRADE,,0.01,0.01,0.01,0.065,32,,OPEN
0x824d713f9ec3df74841daef6a8505740def4555fdaa2bf6e1fa5224dc8f6aa42,2026-03-06T20:32:47Z,xrp-up-or-down-march-6-3pm-et,Down,BUY,20,0.95,0.96,0.97,0.01,0.965,0.9606167835,0.5669681277,2253.12,1720.86,55,0.0145,0.0051041779,230.381881,0.7460592314,90,PASSIVE,,TRADE,,0.015,0.015,0.015,0.015,20,,OPEN
0x5cc1c76de5f8b94c3c3ef0b2d1d01f72f07989cc510cb1306e827f9c8671542d,2026-03-06T20:32:49Z,solana-up-or-down-march-6-3pm-et,Down,SELL,25,0.95,0.94,0.96,0.02,0.95,0.9401868879,0.5776293307,2988.4,2185.16,95,0.017,0.0057124057,353.878886,0.6863717335,70,PASSIVE,,TRADE,,0.005,0,-0.005,-0.01,,8.75,REDUCE
0x05ea1116b8e16ef1d9f9b1c78308a88c074e47fd93e48bffcba22a90fbffe5eb,2026-03-06T20:33:07Z,xrp-up-or-down-march-6-3pm-et,Down,SELL,11.04,0.97,0.96,0.97,0.01,0.965,0.9635395929,0.6201743974,2413.88,1478.38,71.4285714286,0.0128571429,0.0046291005,250.381881,0.762349609,20,PASSIVE,,TRADE,,0.005,0.005,0.005,0.005,,3.06849629,REDUCE
0x09451d5e75ff7e2683afaa6f16cd11c6b0166585ccda9a2daeea984e85556d0e,2026-03-06T20:33:07Z,xrp-up-or-down-march-6-3pm-et,Down,SELL,8.96,0.97,0.96,0.97,0.01,0.965,0.9635395929,0.6201743974,2413.88,1478.38,72.7272727273,0.0127272727,0.0045584231,239.341881,0.762349609,0,PASSIVE,,TRADE,,0.005,0.005,0.005,0.005,,2.688,REDUCE
0x61525d32d15ea16a89e66246a6350025abc600a15acaca942244e39fb153187c,2026-03-06T20:33:13Z,bitcoin-up-or-down-march-6-3pm-et,Down,BUY,25,0.66,0.72,0.73,0.01,0.725,0.7258306771,0.6894890486,6348.76,2859.16,69.5652173913,0.0134782609,0.0057276805,459.220406,0.6071554063,28,PASSIVE,,TRADE,,0.065,0.065,0.085,0.06,4,,OPEN
0x4cc57f34a078f7cf23d9402c508f770d5e2ba7c87c0b4fb5188b02c2154c1a6a,2026-03-06T20:33:13Z,ethereum-up-or-down-march-6-3pm-et,Up,BUY,25,0.07,0.04,0.05,0.01,0.045,0.0493602866,0.4595361557,5841.04,6869.69,95.2380952381,0.0104761905,0.0021821789,89.609237,0.5641920364,1060,CROSS,,TRADE,,-0.015,-0.015,-0.015,-0.005,288,,OPEN
0x4da0861d1ecd1d3fed8f0948a1a75424f5cd5ce96bcdd289bbfc368742b2a415,2026-03-06T20:33:17Z,ethereum-up-or-down-march-6-3pm-et,Up,BUY,6.925516,0.0600000058,0.04,0.05,0.01,0.045,0.0493602866,0.4595361557,5841.04,6869.69,95.4545454545,0.0104545455,0.0021320072,114.609237,0.4563926894,4,CROSS,,TRADE,,-0.0050000058,-0.0050000058,-0.0000000058,0.0049999942,284,,OPEN
0x772b949cf44b1af77bcbcc96540b034cb8e7c6e7ea8d091cbcffc1e9aef4a468,2026-03-06T20:33:17Z,ethereum-up-or-down-march-6-3pm-et,Up,BUY,12,0.06,0.04,0.05,0.01,0.045,0.0493602866,0.4595361557,5841.04,6869.69,95.652173913,0.0104347826,0.0020851441,121.534753,0.4338047151,0,CROSS,,TRADE,,-0.005,-0.005,0,0.005,284,,OPEN
0x94835ffa3e286054792f002ee61c0959c3da520a5693da4c1d818ca8728d460c,2026-03-06T20:33:17Z,bitcoin-up-or-down-march-6-3pm-et,Down,SELL,25,0.71,0.72,0.73,0.01,0.725,0.7258306771,0.6862081293,6372.76,2914.16,70.8333333333,0.0133333333,0.005646597,484.220406,0.6098837399,4,CROSS,,TRADE,,-0.015,-0.015,-0.035,-0.015,,2.85606704,REDUCE
0x5c958d33562c85d0165542fe4f873d95b401e351152ab47751679f2fc574522c,2026-03-06T20:33:25Z,bitcoin-up-or-down-march-6-3pm-et,Down,SELL,1.42857,0.7,0.72,0.73,0.01,0.725,0.7234304533,0.6792596825,6372.76,3009.16,72,0.0132,0.0055677644,459.220406,0.6098837399,8,CROSS,,TRADE,,-0.03,-0.03,-0.045,-0.045,,0.142857,REDUCE
0x4f3c2bd8b57190c18271ea6556eb10151c488678269f898abd9acc6617370d8e,2026-03-06T20:33:25Z,bitcoin-up-or-down-march-6-3pm-et,Down,BUY,25,0.67,0.72,0.73,0.01,0.725,0.7234304533,0.6792596825,6372.76,3009.16,73.0769230769,0.0130769231,0.0054912518,457.791836,0.6098837399,0,PASSIVE,,TRADE,,0.06,0.06,0.075,0.075,2,,OPEN
0x2bce792456aab81f5e04016c84bf1f2bd895439ccd295ca5594f2608a24d2dbe,2026-03-06T20:33:25Z,bitcoin-up-or-down-march-6-3pm-et,Down,SELL,23.57,0.7,0.72,0.73,0.01,0.725,0.7234304533,0.6792596825,6372.76,3009.16,74.0740740741,0.012962963,0.0054170776,482.791836,0.6129966892,0,CROSS,,TRADE,,-0.03,-0.03,-0.045,-0.045,,1.92524402,REDUCE
0x24708caacaf31286ded98fabeb6db5814d662004bb9d4b424e1d69115ab2a3a1,2026-03-06T20:33:27Z,bitcoin-up-or-down-march-6-3pm-et,Down,SELL,25,0.71,0.72,0.73,0.01,0.725,0.7234304533,0.6792596825,6372.76,3009.16,75,0.0128571429,0.0053452248,459.221836,0.6129966892,2,CROSS,,TRADE,,-0.02,-0.035,-0.035,-0.035,,1.71216268,REDUCE
0x2ed83bc2629fce9dd7964b19868055134f1066231442fea875eaba080881540c,2026-03-06T20:33:41Z,bitcoin-up-or-down-march-6-3pm-et,Down,SELL,25,0.75,0.74,0.75,0.01,0.745,0.7446307948,0.6776161828,6488.9,3087.17,79.3103448276,0.0124137931,0.0051096354,434.221836,0.6129966892,14,PASSIVE,,TRADE,,0.005,0.005,0.015,0.015,,0.62905742,REDUCE
0x92482e90fe6a3dcd534df75bfe285776454a88cd0cab90ffb529c03977941fde,2026-03-06T20:33:49Z,solana-up-or-down-march-6-3pm-et,Up,BUY,4.979366,0.030000004,0.03,0.04,0.01,0.035,0.039657456,0.3394727395,1522.43,2962.26,54.5454545455,0.0145454545,0.0050964719,235.615591,0.5120393161,136,PASSIVE,,TRADE,,0.004999996,0.004999996,0.004999996,0.004999996,362,,OPEN
0x2c41b0a86cff3fb4b8b3a8f4d5fa53862f55ad50d19e97b28d2a8fa5c9c5cd2f,2026-03-06T20:34:09Z,bitcoin-up-or-down-march-6-3pm-et,Down,SELL,25,0.75,0.74,0.75,0.01,0.745,0.7416438356,0.6797832606,6461,3043.5,89.2857142857,0.0110714286,0.0031497039,409.221836,0.6129966892,28,PASSIVE,,TRADE,,0.005,0.005,0.015,-0.015,,-0.69391866,REDUCE
0x171aac8e9464348c92da91e1974c49d6abda408cd68091f59fd957799b745cd4,2026-03-06T20:34:13Z,bitcoin-up-or-down-march-6-3pm-et,Down,BUY,25,0.72,0.74,0.75,0.01,0.745,0.7416438356,0.6797832606,6461,3043.5,89.6551724138,0.0110344828,0.0030993405,384.221836,0.6129966892,4,PASSIVE,,TRADE,,0.025,0.025,0.015,0.045,12,,OPEN
0xdca373c7802af64abac106a08afa59c266e8522d2ddf64df89959deabd07c0a5,2026-03-06T20:34:25Z,bitcoin-up-or-down-march-6-3pm-et,Down,SELL,25,0.75,0.73,0.74,0.01,0.735,0.7357894737,0.6818491621,6672.76,3113.51,88.8888888889,0.0111111111,0.0032338083,409.221836,0.6195336883,12,PASSIVE,,TRADE,,0.015,0.015,0.015,-0.02,,-0.86824402,REDUCE
0xbc70665bc18c1add55cfa78dbae1d27f3aba3db1c118282e87f1b0df7044ae09,2026-03-06T20:34:49Z,bitcoin-up-or-down-march-6-3pm-et,Down,SELL,5.986665,0.7499998747,0.74,0.76,0.02,0.75,0.7589436269,0.712615909,7091.02,2859.67,100,0.0121052632,0.0041885391,384.221836,0.6195336883,24,PASSIVE,,TRADE,,0.0049998747,0.0049998747,-0.0150001253,-0.0050001253,,-0.0598674001,REDUCE
0x3483cefe77bb38f87edbaa3a30b139a1ad1859cd3cf04e82b5b2a2375683ab07,2026-03-06T20:34:49Z,solana-up-or-down-march-6-3pm-et,Up,BUY,4.979366,0.030000004,0.03,0.04,0.01,0.035,0.0390853688,0.3080571441,1502.33,3374.46,100,0.01,0,240.594957,0.5020630049,60,PASSIVE,,TRADE,,0.004999996,0.004999996,0.004999996,0.004999996,302,,OPEN
0x7c9bc84b6dfbbfcdd423f92db614ce8166d401a1b03d13955db55dac9d6ac489,2026-03-06T20:35:01Z,xrp-up-or-down-march-6-3pm-et,Down,BUY,20,0.95,0.97,0.98,0.01,0.975,0.9707173652,0.5368413744,2164.99,1867.84,81.25,0.011875,0.0040311289,230.381881,0.762349609,114,PASSIVE,,TRADE,,0.0245,0.0245,0.0195,0.025,336,,OPEN
0xf6e680f83628f1b9fa0c2ea402da9ad3ac8cef4059bbe2cb8eadb2065b545d5e,2026-03-06T20:35:11Z,ethereum-up-or-down-march-6-3pm-et,Down,SELL,12.29,0.95,0.96,0.97,0.01,0.965,0.9630198132,0.5507287542,6863.76,5599.29,100,0.01,0,260.16189,0.7404994899,170,CROSS,,TRADE,,-0.015,-0.015,-0.015,0.005,,3.0764626905,REDUCE
0x5eda995040d708a36ade7b8ccd845a68d3597ebf540669d80978035da86a42a4,2026-03-06T20:35:13Z,ethereum-up-or-down-march-6-3pm-et,Down,SELL,12.29,0.95,0.96,0.97,0.01,0.965,0.9630198132,0.5507287542,6863.76,5599.29,100,0.01,0,247.87189,0.7404994899,2,CROSS,,TRADE,,-0.015,-0.015,-0.015,0.005,,3.0764626905,REDUCE
0x7a34b284db06bdda0f213fbfbf62196687875599f22fdbc75f67ad104e1a3f55,2026-03-06T20:35:15Z,bitcoin-up-or-down-march-6-3pm-et,Down,SELL,25,0.77,0.76,0.77,0.01,0.765,0.769508348,0.7433654144,7336.08,2532.66,77.7777777778,0.0122222222,0.0042779263,378.235171,0.6195336883,26,PASSIVE,,TRADE,,0.005,0,0.005,0.005,,0.40378531,REDUCE
0x1630f18cd7563620ebc9fa7326b9a4d92a28d256ed3c7666877f0145731a412d,2026-03-06T20:35:15Z,bitcoin-up-or-down-march-6-3pm-et,Down,SELL,21.615383,0.7799999658,0.76,0.77,0.01,0.765,0.769508348,0.7433654144,7336.08,2532.66,78.9473684211,0.0121052632,0.0041885391,353.235171,0.6195336883,0,PASSIVE,,TRADE,,0.0149999658,0.0099999658,0.0149999658,0.0149999658,,0.8883390308,REDUCE
0x53bebe59f61a839b5cb8781035789db12495dd39ac72d3be56bc2a4e8ecf1fbe,2026-03-06T20:35:15Z,ethereum-up-or-down-march-6-3pm-et,Up,BUY,20,0.04,0.03,0.04,0.01,0.035,0.0370445656,0.4496320179,5599.29,6853.76,100,0.01,0,133.534753,0.4002130359,118,CROSS,,TRADE,,-0.005,-0.005,-0.005,0.015,166,,OPEN
0x0bf3e25bc59cf82e4608a409a41529592e0a36a43f4c61698618b4c4597c7a1f,2026-03-06T20:35:15Z,bitcoin-up-or-down-march-6-3pm-et,Down,SELL,9.24,0.77,0.76,0.77,0.01,0.765,0.769508348,0.7433654144,7336.08,2532.66,80,0.012,0.0041039134,331.619788,0.6195336883,0,PASSIVE,,TRADE,,0.005,0,0.005,0.005,,0.3696,REDUCE
0x3fae4f017b05eec639ad32f85c75add077afc7812e808353cda99fafa3db28fd,2026-03-06T20:35:15Z,bitcoin-up-or-down-march-6-3pm-et,Down,SELL,12,0.77,0.76,0.77,0.01,0.765,0.769508348,0.7433654144,7336.08,2532.66,80.9523809524,0.0119047619,0.0040237391,322.379788,0.6195336883,0,PASSIVE,,TRADE,,0.005,0,0.005,0.005,,0.56233914,REDUCE
0xf855331a6b19d954dc81f9f88beefc8ecaabbd68a596c685c8e0bfcbca4ba8bb,2026-03-06T20:35:15Z,bitcoin-up-or-down-march-6-3pm-et,Down,SELL,3.754154,0.7699998455,0.76,0.77,0.01,0.765,0.769508348,0.7433654144,7336.08,2532.66,81.8181818182,0.0118181818,0.0039477102,310.379788,0.6195336883,0,PASSIVE,,TRADE,,0.0049998455,-0.0000001545,0.0049998455,0.0049998455,,0.18770712,REDUCE
0xd5e6a8ee537030a5be11f843868f708b6bc03df6be3a3cd9bd92f4cec9bc56bf,2026-03-06T20:35:23Z,bitcoin-up-or-down-march-6-3pm-et,Down,BUY,20,0.76,0.76,0.78,0.02,0.77,0.7668181818,0.7248086141,7313,2776.56,100,0.0132,0.0047609523,306.625634,0.6195336883,8,PASSIVE,,TRADE,,0.005,0.005,-0.005,0.025,58,,OPEN
0xbf52417658374e2073885487da0044b3cfab690f6332f7ced0c1dcfa535c0ee7,2026-03-06T20:35:27Z,ethereum-up-or-down-march-6-3pm-et,Up,BUY,5,0.04,0.03,0.04,0.01,0.035,0.037560512,0.3290150643,3499.98,7137.77,100,0.01,0,153.534753,0.3532903648,12,CROSS,,TRADE,,-0.005,-0.005,-0.005,0.015,154,,OPEN
0x3fee9f345c029e185dff0a05875fc8e40e81a79658e4efb935a649efe2be08e7,2026-03-06T20:35:39Z,ethereum-up-or-down-march-6-3pm-et,Up,BUY,25,0.03,0.03,0.04,0.01,0.035,0.0398733803,0.5941628344,6170.69,4214.83,100,0.01,0,158.534753,0.3434095545,12,PASSIVE,,TRADE,,0.005,0.005,0.025,0.02,142,,OPEN
0x2dc5f51b8e56695e8021b9f3e4d2b7817b36855df5b68add7ef78b8f67cfbbea,2026-03-06T20:35:41Z,bitcoin-up-or-down-march-6-3pm-et,Down,BUY,25,0.77,0.75,0.76,0.01,0.755,0.7515990991,0.6977220164,6818,2953.8,75.8620689655,0.0124137931,0.0043549417,326.625634,0.628134747,18,CROSS,,TRADE,,-0.015,-0.015,-0.015,0.005,40,,OPEN
0x077620fe1388fca5d9159c41a8859097f1ea2a2c5b37a357a99cbb1900a1f138,2026-03-06T20:36:21Z,bitcoin-up-or-down-march-6-3pm-et,Down,SELL,17.233765,0.7699999971,0.77,0.78,0.01,0.775,0.7767226891,0.5215396118,6842.97,6277.74,83.3333333333,0.0116666667,0.0038069349,351.625634,0.6382211314,40,CROSS,,TRADE,,-0.0050000029,-0.0050000029,-0.0050000029,-0.0050000029,,0.73503321,REDUCE
0x44b03568861c4e0a1df2eede0d4785ad190d6f44fdab93d07a9da5bc4ddd4cde,2026-03-06T20:36:27Z,bitcoin-up-or-down-march-6-3pm-et,Down,SELL,25,0.79,0.77,0.78,0.01,0.775,0.7784731401,0.7479530917,6982,2352.81,100,0.01,0,334.391869,0.6382211314,6,PASSIVE,,TRADE,,0.015,0.015,0.005,0.02,,1.12665499,REDUCE
0x19094d4c5f5501eddf3635077694a2dd1ae1ecc1666eb5609bfc7b5071c46d4e,2026-03-06T20:37:03Z,bitcoin-up-or-down-march-6-3pm-et,Down,BUY,25,0.77,0.77,0.78,0.01,0.775,0.7707442414,0.5412086018,7458.78,6322.93,95.652173913,0.0104347826,0.0020851441,309.391869,0.6382211314,36,PASSIVE,,TRADE,,0.005,0.005,0.005,-0.01,10,,OPEN
0x5529477ee7e77202b0ddc0be4ae401a0e768bfe5c10e4716a80b75e9e7306f95,2026-03-06T20:37:03Z,bitcoin-up-or-down-march-6-3pm-et,Down,BUY,25,0.76,0.77,0.78,0.01,0.775,0.7707442414,0.5412086018,7458.78,6322.93,95.8333333333,0.0104166667,0.0020412415,334.391869,0.6480732601,0,PASSIVE,,TRADE,,0.015,0.015,0.015,0,10,,OPEN
0x28f6b7e86617f3e1fee418b33a8a041638936e38b4b6296b71c2e40025e8326e,2026-03-06T20:37:13Z,bitcoin-up-or-down-march-6-3pm-et,Down,SELL,7.1,0.8,0.77,0.78,0.01,0.775,0.7701803817,0.5306576615,7248.98,6411.39,96,0.0104,0.002,359.391869,0.6558591026,10,PASSIVE,,TRADE,,0.025,0.025,0.065,0.065,,0.568,REDUCE
0xadc1a88b20eed70efc4b8cc3b0f9843d174f426552b4e2a467b3fa44bb2e6591,2026-03-06T20:37:13Z,bitcoin-up-or-down-march-6-3pm-et,Down,SELL,2.4,0.8,0.77,0.78,0.01,0.775,0.7701803817,0.5306576615,7248.98,6411.39,96.1538461538,0.0103846154,0.0019611614,352.291869,0.6558591026,0,PASSIVE,,TRADE,,0.025,0.03,0.065,0.065,,0.192,REDUCE
0x58f4038ef6ec3df0bc97bf393f6b909b9223bb872e34d03f4a0f81561fadbc27,2026-03-06T20:37:13Z,bitcoin-up-or-down-march-6-3pm-et,Down,SELL,7.5,0.8,0.77,0.78,0.01,0.775,0.7701803817,0.5306576615,7248.98,6411.39,96.2962962963,0.0103703704,0.0019245009,349.891869,0.6558591026,0,PASSIVE,,TRADE,,0.025,0.03,0.065,0.065,,0.6,REDUCE
0x51378868f3743bcd7e780306365e4fb0048c53828c6a4e00879657f9448c63f2,2026-03-06T20:37:15Z,bitcoin-up-or-down-march-6-3pm-et,Down,SELL,8,0.8,0.77,0.78,0.01,0.775,0.7701803817,0.5306576615,7248.98,6411.39,96.4285714286,0.0103571429,0.0018898224,342.391869,0.6558591026,2,PASSIVE,,TRADE,,0.025,0.03,0.055,0.065,,0.59778113,REDUCE
0x97fcf4090a5e25aaf7bb6fd132e3e235404f438fda2539cf782d66782d9ec44f,2026-03-06T20:37:47Z,bitcoin-up-or-down-march-6-3pm-et,Down,BUY,20,0.73,0.75,0.76,0.01,0.755,0.7530487805,0.7362949705,6540.95,2342.65,79.3103448276,0.0120689655,0.0041225082,334.391869,0.6558591026,32,PASSIVE,,TRADE,,0.025,0.025,0.005,0.045,10,,OPEN
0xe58a0a78ba4a0cb2c41724be25f213b33f1bb45b930eb1f44620cd56ba975a41,2026-03-06T20:37:47Z,bitcoin-up-or-down-march-6-3pm-et,Down,BUY,25,0.74,0.75,0.76,0.01,0.755,0.7530487805,0.7362949705,6540.95,2342.65,80,0.012,0.004068381,354.391869,0.6600432221,0,PASSIVE,,TRADE,,0.015,0.015,-0.005,0.035,10,,OPEN
0x7b0ad02069e3a60a35442242d5f509d120ff94e68634fa47d294e21286a31d6f,2026-03-06T20:37:55Z,bitcoin-up-or-down-march-6-3pm-et,Down,BUY,25,0.7,0.72,0.73,0.01,0.725,0.7206384346,0.6974192591,6205.79,2692.43,83.8709677419,0.0116129032,0.0037387825,379.391869,0.6653119683,8,PASSIVE,,TRADE,,0.025,0.025,0.045,0.065,2,,OPEN
0xd28b41f798f632b94b111b97b73f0bc55e19b98536558ad995625be2fef4ad05,2026-03-06T20:37:57Z,bitcoin-up-or-down-march-6-3pm-et,Down,SELL,25,0.72,0.72,0.73,0.01,0.725,0.7206384346,0.6974192591,6205.79,2692.43,84.375,0.0115625,0.0036890203,404.391869,0.6674564248,2,CROSS,,TRADE,,-0.005,-0.005,-0.025,-0.05,,-0.23963738,REDUCE
0xef7a6e2230a583590e9a6ac6508860f62f4afe99bd178e93b5eb2b4a779f7abe,2026-03-06T20:38:01Z,ethereum-up-or-down-march-6-3pm-et,Up,SELL,25,0.07,0.07,0.08,0.01,0.075,0.0764102564,0.5439992051,8103.2,6792.41,95.652173913,0.0104347826,0.0020851441,183.534753,0.3007187903,142,CROSS,,TRADE,,0,0,0.015,0.015,,-13.0824869,REDUCE
0xb24f0dd4bdc7e73bf987d0f60b72391eb9dac1c4ff4f3b71ebd4a999d454b5ad,2026-03-06T20:38:01Z,bitcoin-up-or-down-march-6-3pm-et,Down,SELL,15.565568,0.7899999537,0.72,0.73,0.01,0.725,0.7211695596,0.7048171956,6282.67,2631.23,84.8484848485,0.0115151515,0.0036410954,379.391869,0.6674564248,4,PASSIVE,,TRADE,,0.0649999537,0.0549999537,0.0549999537,0.0149999537,,1.2452447193,REDUCE
0x6627149649f8bd101fea39fc4044579779c50c1af5ed73b73e29bdcefef04785,2026-03-06T20:38:03Z,bitcoin-up-or-down-march-6-3pm-et,Down,BUY,4,0.75,0.72,0.73,0.01,0.725,0.7211695596,0.7048171956,6282.67,2631.23,85.2941176471,0.0114705882,0.0035949063,363.826301,0.6674564248,2,CROSS,,TRADE,,-0.025,-0.015,0.005,0.025,14,,OPEN
0x670ea8316b83c901ff15e84fc987eb6e3fb8bcdde8de1b52bff6c4a21d16da40,2026-03-06T20:38:05Z,bitcoin-up-or-down-march-6-3pm-et,Down,BUY,23.416665,0.7600000256,0.72,0.73,0.01,0.725,0.7281355458,0.7966948005,6543.35,1669.77,85.7142857143,0.0114285714,0.003550358,367.826301,0.6683540613,2,CROSS,,TRADE,,-0.0350000256,-0.0250000256,-0.0050000256,0.0149999744,12,,OPEN
0x69f3e8df1727c45bba17e9887b5759f0a07a452e95990665e1eff15933f74bac,2026-03-06T20:38:17Z,bitcoin-up-or-down-march-6-3pm-et,Down,SELL,15,0.74,0.73,0.74,0.01,0.735,0.7338142368,0.7557919616,6146.07,1985.89,82.7586206897,0.0117241379,0.0038442587,391.242966,0.6738392535,12,PASSIVE,,TRADE,,0.005,0.005,-0.035,-0.015,,0.69334796,REDUCE
0xc216039873451cf6d8ac4e7f50f9b8ad67c9dfe98c458c343948a8b7db5ca890,2026-03-06T20:38:17Z,bitcoin-up-or-down-march-6-3pm-et,Down,SELL,45,0.72,0.73,0.74,0.01,0.735,0.7338142368,0.7557919616,6146.07,1985.89,83.3333333333,0.0116666667,0.0037904902,376.242966,0.6738392535,0,CROSS,,TRADE,,-0.015,-0.015,-0.055,-0.035,,2.19052602,REDUCE
0x657d39d604272abee73ea38ad99b63680720a446056c73783ec4eaeae502c3f6,2026-03-06T20:38:17Z,bitcoin-up-or-down-march-6-3pm-et,Down,BUY,25,0.67,0.73,0.74,0.01,0.735,0.7338142368,0.7557919616,6146.07,1985.89,83.8709677419,0.0116129032,0.0037387825,331.242966,0.6738392535,0,PASSIVE,,TRADE,,0.065,0.065,0.105,0.085,12,,OPEN
0xe073ad23220572bf0d2380fb7a93c146e78a0902b9fb293db0dfb12c68775a17,2026-03-06T20:38:29Z,bitcoin-up-or-down-march-6-3pm-et,Down,SELL,1.333332,0.75,0.76,0.77,0.01,0.765,0.7659189731,0.7399354857,7530.76,2646.83,96.6666666667,0.0103333333,0.0018257419,356.242966,0.6735698268,12,CROSS,,TRADE,,-0.015,-0.015,-0.025,0.035,,0.07999992,REDUCE
0x72603d6de5cbdd7d1643761c4f33b9d6bdb5d2a4bb62a7befdf0975ab0e0f399,2026-03-06T20:38:29Z,bitcoin-up-or-down-march-6-3pm-et,Down,SELL,23.66,0.75,0.76,0.77,0.01,0.765,0.7659189731,0.7399354857,7530.76,2646.83,96.7741935484,0.0103225806,0.001796053,354.909634,0.6735698268,0,CROSS,,TRADE,,-0.015,-0.015,-0.025,0.035,,1.92298124,REDUCE
0xf19cf4a4272f6e981154233a52ece0047195933bd77685261b01f967bceebd61,2026-03-06T20:38:33Z,bitcoin-up-or-down-march-6-3pm-et,Down,BUY,11.857141,0.7200000405,0.76,0.77,0.01,0.765,0.7659189731,0.7399354857,7530.76,2646.83,96.875,0.0103125,0.001767767,331.249634,0.6735698268,4,PASSIVE,,TRADE,,0.0449999595,0.0449999595,0.0549999595,-0.0050000405,4,,OPEN
0x6bb356e3047396922ef9c8c0254cb6e56ce1c5be1badf979bb724e9a0a461963,2026-03-06T20:38:33Z,bitcoin-up-or-down-march-6-3pm-et,Down,BUY,9.002757,0.7100000589,0.76,0.77,0.01,0.765,0.7659189731,0.7399354857,7530.76,2646.83,96.9696969697,0.0103030303,0.0017407766,343.106775,0.6751743699,0,PASSIVE,,TRADE,,0.0549999411,0.0549999411,0.0649999411,0.0049999411,4,,OPEN
0x8a62478535c5f7e1ae11ed8391a46397ee9e87d0ab82ca8b20068c2f6c88d940,2026-03-06T20:38:37Z,bitcoin-up-or-down-march-6-3pm-et,Down,SELL,24.34,0.75,0.76,0.77,0.01,0.765,0.7659189731,0.7399354857,7530.76,2646.83,97.0588235294,0.0102941176,0.0017149859,352.109532,0.6760647951,4,CROSS,,TRADE,,-0.015,-0.025,-0.015,0.065,,2.80414062,REDUCE
0x04f04e48f356a3b39d422120fc4af48c2127f2307cbcc9f5ade8014a9cca36fd,2026-03-06T20:38:39Z,bitcoin-up-or-down-march-6-3pm-et,Down,SELL,25,0.76,0.76,0.77,0.01,0.765,0.7659189731,0.7399354857,7530.76,2646.83,97.1428571429,0.0102857143,0.0016903085,327.769532,0.6760647951,2,CROSS,,TRADE,,-0.005,-0.015,0.005,0.085,,2.53478907,REDUCE
0x0e60303b9e32c70f673ac1e682e1a852430d9f96706605ba40f483346a01c9c1,2026-03-06T20:38:43Z,bitcoin-up-or-down-march-6-3pm-et,Down,SELL,25,0.76,0.76,0.77,0.01,0.765,0.7694101687,0.7400081953,7530.76,2645.83,97.2222222222,0.0102777778,0.0016666667,302.769532,0.6760647951,4,CROSS,,TRADE,,-0.015,-0.005,0.005,0.085,,2.39492969,REDUCE
0xd42ed6d35e65df34f519f1ca86fd39a65e857058070e4682c3884bb68748faad,2026-03-06T20:38:43Z,bitcoin-up-or-down-march-6-3pm-et,Down,SELL,25,0.77,0.76,0.77,0.01,0.765,0.7694101687,0.7400081953,7530.76,2645.83,97.2972972973,0.0102702703,0.0016439899,277.769532,0.6760647951,0,PASSIVE,,TRADE,,-0.005,0.005,0.015,0.095,,1.97464845,REDUCE
0x628574121e97c00798fd551358d4343e3bd95e8b79d39c7c206bde953ddbe50b,2026-03-06T20:39:01Z,bitcoin-up-or-down-march-6-3pm-et,Down,BUY,25,0.76,0.76,0.77,0.01,0.765,0.7655252859,0.6601083403,6117.29,3149.81,93.5483870968,0.0106451613,0.0024973104,252.769532,0.6760647951,18,PASSIVE,,TRADE,,0.005,0.005,-0.045,-0.055,2,,OPEN
0xe7d4f31a8406d550ebe32fb5791780280b73d92f66396aeebf543becd769e51d,2026-03-06T20:39:03Z,bitcoin-up-or-down-march-6-3pm-et,Down,SELL,14.1,0.78,0.76,0.77,0.01,0.765,0.7655252859,0.6601083403,6117.29,3149.81,93.75,0.010625,0.0024593469,277.769532,0.6836191878,2,PASSIVE,,TRADE,,0.015,0.015,0.065,0.075,,0.846,REDUCE
0xa57fe6ad4d960c435357bcc34a1f6594b9033dfb69ec94cbbf1ba17e41daef11,2026-03-06T20:39:03Z,bitcoin-up-or-down-march-6-3pm-et,Down,SELL,10.9,0.78,0.76,0.77,0.01,0.765,0.7655252859,0.6601083403,6117.29,3149.81,93.9393939394,0.0106060606,0.0024230584,263.669532,0.6836191878,0,PASSIVE,,TRADE,,0.015,0.015,0.065,0.075,,0.23371876,REDUCE
0xc68b53df700fb31dfa637fb8f24de13b61cd12e3adff28ad7766d8b73f8e945b,2026-03-06T20:39:19Z,bitcoin-up-or-down-march-6-3pm-et,Down,SELL,25,0.76,0.68,0.69,0.01,0.685,0.6856521739,0.4889246456,6384.07,6673.3,93.5483870968,0.0106451613,0.0024973104,252.769532,0.6836191878,16,PASSIVE,,TRADE,,0.075,0.075,0.085,0.005,,-0.15507031,REDUCE
0x3a29e8d101084eab2fee923077d019fb2b7f23d363eeab6bc2d009c5a1af1851,2026-03-06T20:39:25Z,bitcoin-up-or-down-march-6-3pm-et,Down,SELL,6.68831,0.7699998953,0.68,0.69,0.01,0.685,0.6856521739,0.4889246456,6384.07,6673.3,93.75,0.010625,0.0024593469,227.769532,0.6836191878,6,PASSIVE,,TRADE,,0.0849998953,0.0849998953,0.0549998953,0.0149998953,,-0.0000007003,REDUCE
0xadd766beedabb44e5deed099ac8cdb50edd9a20d12d04360dd5a9f4580d51ebb,2026-03-06T20:39:35Z,bitcoin-up-or-down-march-6-3pm-et,Down,BUY,25,0.71,0.7,0.72,0.02,0.71,0.7072584856,0.6529297497,6150.99,3269.61,100,0.0111538462,0.0032581259,221.081222,0.6836191878,10,PASSIVE,,TRADE,,0.005,0.005,0.015,-0.06,36,,OPEN
0x504b6687037a13632e6fa335c5f208269858ac5d04180f08202dfa2a1315e5fe,2026-03-06T20:39:43Z,ethereum-up-or-down-march-6-3pm-et,Down,BUY,25,0.86,0.87,0.88,0.01,0.875,0.8715352697,0.3795864686,4661.17,7618.43,95.2380952381,0.0104761905,0.0021821789,235.58189,0.7404994899,270,PASSIVE,,TRADE,,0.02,0.02,0.045,-0.215,38,,OPEN
0x971f6bd4e5bcc7178d6f7380e70801fda799a5ed3840d6f2914e57b9fafc8b4b,2026-03-06T20:39:43Z,solana-up-or-down-march-6-3pm-et,Down,BUY,25,0.91,0.91,0.918,0.008,0.914,0.910592996,0.5056069474,1910.81,1868.43,57.1428571429,0.0086666667,0.0043969687,328.878886,0.6863717335,414,PASSIVE,,TRADE,,0.004,0.004,0.015,-0.0895,42,,OPEN
0x336fc3a01f41af3f839297ea1aa436e16913c8127d779bd6f31bb14a92a5b26f,2026-03-06T20:39:51Z,solana-up-or-down-march-6-3pm-et,Up,SELL,12.75,0.1,0.07,0.08,0.01,0.075,0.0725,0.3590837975,835.43,1491.13,63.6363636364,0.0126363636,0.0073065232,245.574323,0.4924912613,302,PASSIVE,,TRADE,,0.025,0.025,0.015,-0.193,,-4.9725,REDUCE
0xe71d14df2e4ced7048c22bae7de87aaabc406a304b1af1d21b6aae0200104e6c,2026-03-06T20:39:53Z,solana-up-or-down-march-6-3pm-et,Down,BUY,25,0.89,0.92,0.93,0.01,0.925,0.9219354839,0.640381337,1833.13,1029.43,73.9130434783,0.0116086957,0.0069330508,353.878886,0.7021700952,10,PASSIVE,,TRADE,,0.035,0.035,0.03,-0.173,32,,OPEN
0xf3b5751ba5f1fc0797b76d007c4e2c82a83dd8990bab01c9c7bacef8d45ce679,2026-03-06T20:39:57Z,bitcoin-up-or-down-march-6-3pm-et,Down,BUY,44.50388,0.7,0.76,0.77,0.01,0.765,0.7611219147,0.6439059263,5971.59,3302.42,85.7142857143,0.0114285714,0.0035634832,246.081222,0.6862992798,22,PASSIVE,,TRADE,,0.065,0.065,-0.025,-0.205,14,,OPEN
0x0a018dddd8117b89c130c3d7f0b2b392f8ebd96ce4fc42e966c741b973d1b60d,2026-03-06T20:40:11Z,bitcoin-up-or-down-march-6-3pm-et,Down,SELL,15,0.72,0.71,0.72,0.01,0.715,0.7179321799,0.7272042766,5524.36,2072.35,84,0.0116,0.0037416574,290.585102,0.6883975815,14,PASSIVE,,TRADE,,0.005,0.005,0.165,0.175,,-0.75,REDUCE
0x2909397d4d7e1c8c8e5ce65436a5b180738de387c13914dcb4881649b090ed10,2026-03-06T20:40:11Z,bitcoin-up-or-down-march-6-3pm-et,Down,SELL,1.369862,0.7299998102,0.71,0.72,0.01,0.715,0.7179321799,0.7272042766,5524.36,2072.35,84.6153846154,0.0115384615,0.0036794648,275.585102,0.6883975815,0,PASSIVE,,TRADE,,0.0149998102,0.0149998102,0.1749998102,0.1849998102,,-0.05479474,REDUCE
0xc6bba38f76e3fd8cc8ee18d6fee9eda1004aa21a4ecbbdb2fd4ede774ea39b9d,2026-03-06T20:40:13Z,bitcoin-up-or-down-march-6-3pm-et,Down,SELL,25,0.74,0.71,0.72,0.01,0.715,0.7179321799,0.7272042766,5524.36,2072.35,85.1851851852,0.0114814815,0.0036201399,274.21524,0.6883975815,2,PASSIVE,,TRADE,,0.025,0.025,0.185,0.195,,-0.61434797,REDUCE
0x1326ead34b205bc83f31ef3fcfc79eb5d6fafdaaa78417760b5b4166f4c2531e,2026-03-06T20:40:15Z,bitcoin-up-or-down-march-6-3pm-et,Down,SELL,1.142856,0.769999895,0.71,0.72,0.01,0.715,0.7179321799,0.7272042766,5524.36,2072.35,85.7142857143,0.0114285714,0.0035634832,249.21524,0.6883975815,2,PASSIVE,,TRADE,,0.054999895,0.094999895,0.319999895,0.214999895,,0.01142844,REDUCE
0x3131db23e5af9c8ba2d423ccaf9d92b1b233e1fd45f84e080733deba67f9988e,2026-03-06T20:40:15Z,bitcoin-up-or-down-march-6-3pm-et,Down,SELL,10,0.76,0.71,0.72,0.01,0.715,0.717097292,0.6532187965,5756.36,3055.94,86.2068965517,0.0113793103,0.003509312,248.072384,0.6883975815,0,PASSIVE,,TRADE,,0.045,0.085,0.305,0.205,,0,REDUCE
0x6208d7552e2e3f29f999a2a69b40c81aebe0544cc3dafa74a750ad4b7619cc71,2026-03-06T20:40:15Z,bitcoin-up-or-down-march-6-3pm-et,Down,SELL,15,0.76,0.71,0.72,0.01,0.715,0.717097292,0.6532187965,5756.36,3055.94,86.6666666667,0.0113333333,0.003457459,238.072384,0.6883975815,0,PASSIVE,,TRADE,,0.045,0.085,0.305,0.205,,0.44124177,REDUCE
0x1a6deaca2d73a6456a971955bdccd5f96f9c69120a7b1d13ca8fb6100e52380a,2026-03-06T20:40:17Z,bitcoin-up-or-down-march-6-3pm-et,Down,SELL,6.233765,0.769999992,0.71,0.72,0.01,0.715,0.717097292,0.6532187965,5756.36,3055.94,87.0967741935,0.0112903226,0.003407771,223.072384,0.6883975815,2,PASSIVE,,TRADE,,0.054999992,0.094999992,0.314999992,0.224999992,,0.2399323101,REDUCE
0xcd5c109fa9fe8a8385962b88253842e0b099647481eb4cf37e632f023fd0fb94,2026-03-06T20:40:21Z,ethereum-up-or-down-march-6-3pm-et,Down,SELL,7.69,0.89,0.83,0.85,0.02,0.84,0.8358176904,0.3810623316,4394.91,7138.4,100,0.0109090909,0.0029424494,260.58189,0.751964265,38,PASSIVE,,TRADE,,0.075,0.075,0.335,0.185,,1.4635795028,REDUCE
0x16b1aa50a61e33ad5a28309ec6024162ebd2d435cebf41e17c316fb3b4784ffd,2026-03-06T20:40:21Z,ethereum-up-or-down-march-6-3pm-et,Down,SELL,5.23,0.89,0.83,0.85,0.02,0.84,0.8358176904,0.3810623316,4394.91,7138.4,100,0.0113043478,0.0034435022,252.89189,0.751964265,0,PASSIVE,,TRADE,,0.075,0.075,0.335,0.19,,0.9953863199,REDUCE
0x79c4e22a3196d503da8812691f0ed8b492be87c10b81253b15ec3652c2c9ce65,2026-03-06T20:40:23Z,bitcoin-up-or-down-march-6-3pm-et,Down,SELL,19.763156,0.7599999717,0.71,0.72,0.01,0.715,0.7183463745,0.6605688624,5904.29,3033.9,87.5,0.01125,0.0033601075,216.838619,0.6883975815,6,PASSIVE,,TRADE,,0.0849999717,0.1099999717,0.2649999717,0.1749999717,,0.3952625607,REDUCE
0xdea6f2b49066cc7fb0124e150f7d5dd7155f7e9730f98e6c28fd3583da823a78,2026-03-06T20:40:25Z,solana-up-or-down-march-6-3pm-et,Down,SELL,5,0.92,0.8,0.81,0.01,0.805,0.8029278642,0.5265749252,1189.28,1069.24,76.1904761905,0.0117619048,0.0073885368,378.878886,0.7145638912,32,PASSIVE,,TRADE,,0.206,0.2055,0.203,0.1125,,1.6,REDUCE
0x755568c753fc26912e3cd9b6bf3c2b8314cb976e60b680a02665090c521a9d92,2026-03-06T20:40:27Z,bitcoin-up-or-down-march-6-3pm-et,Down,SELL,8,0.75,0.51,0.52,0.01,0.515,0.5157142857,0.7554446784,7219.12,2337,86.2068965517,0.0113793103,0.003509312,197.075463,0.6883975815,4,PASSIVE,,TRADE,,0.295,0.295,0.255,0.135,,0.2281992,REDUCE
0x441710035757630002d47b582613bbbc3923f1ca0105f2b70566c83a8b8d61e7,2026-03-06T20:40:27Z,ethereum-up-or-down-march-6-3pm-et,Down,SELL,20,0.9,0.6,0.61,0.01,0.605,0.6055696203,0.3727980493,2908,4892.47,86.3636363636,0.0113636364,0.0035125009,247.66189,0.751964265,6,PASSIVE,,TRADE,,0.345,0.345,0.335,0.175,,4.006448642,REDUCE
0xef15f6f975f51144cb885e77efe6cf4f2d1e7e92ab7afa5b9d87cf9fc7a06fb5,2026-03-06T20:40:27Z,bitcoin-up-or-down-march-6-3pm-et,Down,SELL,5.23,0.76,0.49,0.5,0.01,0.495,0.4996315164,0.3848211386,3613.99,5777.36,86.6666666667,0.0113333333,0.003457459,189.075463,0.6883975815,0,PASSIVE,,TRADE,,0.305,0.295,0.265,0.145,,0.3138,REDUCE
0x41b85cfd1257301a3f8ea0377e1d882547b95e1a98807ffcf74a6b694ef2e026,2026-03-06T20:40:29Z,ethereum-up-or-down-march-6-3pm-et,Up,BUY,7.97442,0.13,0.39,0.4,0.01,0.395,0.3997843186,0.6757980681,5664.83,2717.6,89.4736842105,0.0110526316,0.0031530177,158.534753,0.3007187903,148,PASSIVE,,TRADE,,0.32,0.315,0.315,0.145,312,,OPEN
0x551f94622c4f8c209d830f9e247b90c8086d312604805ec186f8bd14b07a8765,2026-03-06T20:40:31Z,solana-up-or-down-march-6-3pm-et,Down,SELL,17.94,0.91,0.74,0.749,0.009,0.7445,0.743,0.6272900543,1086.09,645.31,36.3636363636,0.0116363636,0.0072344773,373.878886,0.7145638912,6,PASSIVE,,TRADE,,0.1955,0.2025,0.2055,0.085,,5.4470074,REDUCE
0x59543a50a7793928c47c632e04e92e1cec6cd7e67fe9b328f00712d75593c843,2026-03-06T20:40:33Z,ethereum-up-or-down-march-6-3pm-et,Up,BUY,25.87264,0.16,0.44,0.45,0.01,0.445,0.4418691589,0.5743641836,4257.71,3155.2,90,0.011,0.0030779351,166.509173,0.2925427643,4,PASSIVE,,TRADE,,0.29,0.29,0.2,0.125,308,,OPEN
0x173fea5e453984364d26c611b18d95a5625f3cf378a9db25c776856eb1bb412f,2026-03-06T20:40:37Z,ethereum-up-or-down-march-6-3pm-et,Up,BUY,9.85603,0.18,0.44,0.45,0.01,0.445,0.4418691589,0.5743641836,4257.71,3155.2,90.4761904762,0.010952381,0.003007926,192.381813,0.2747176322,4,PASSIVE,,TRADE,,0.265,0.265,0.185,0.105,304,,OPEN
0x7bcdd05d81dddbb223998b65c5e28bb927dec415478e1b4ab8ddc17de47362dd,2026-03-06T20:40:37Z,xrp-up-or-down-march-6-3pm-et,Down,SELL,11.79,0.98,0.92,0.93,0.01,0.925,0.9253545709,0.2587713424,656.86,1881.52,84.2105263158,0.0088421053,0.0067351743,250.381881,0.777338744,336,PASSIVE,,TRADE,,0.08,0.085,0.08,0.0365,,3.57463828,REDUCE
0x36372359e148bd61a70c8f74e4e445e164027d3fdb9c5ae382111790f499ae0c,2026-03-06T20:40:39Z,solana-up-or-down-march-6-3pm-et,Down,SELL,5.49,0.89,0.71,0.723,0.013,0.7165,0.7181283868,0.4501077586,710.09,867.51,78.2608695652,0.0116956522,0.0070738621,355.938886,0.7145638912,8,PASSIVE,,TRADE,,0.1825,0.1835,0.125,0.0665,,1.5564926,REDUCE
0xc7f31bd01bd051c8ffc52f084e8ca08a26a2027ecd0d384fbd6e53a074dc14ff,2026-03-06T20:40:39Z,xrp-up-or-down-march-6-3pm-et,Down,SELL,29.21,0.9715309825,0.92,0.93,0.01,0.925,0.9253545709,0.2587713424,656.86,1881.52,85,0.0089,0.0065606482,238.591881,0.777338744,2,PASSIVE,,TRADE,,0.0715309825,0.0765309825,0.0715309825,0.0275309825,,7.4449199988,REDUCE
0x8e6fffa72292b80aeee6449380cd1f36357bac7b1e3534224510f3194bafc9b4,2026-03-06T20:40:41Z,solana-up-or-down-march-6-3pm-et,Down,SELL,25.81,0.86,0.708,0.72,0.012,0.714,0.7118095238,0.1883981571,343.09,1478,75,0.0117083333,0.0069186526,350.448886,0.7145638912,2,PASSIVE,,TRADE,,0.1525,0.143,0.0485,0.037,,6.7106,REDUCE
0x8b0197c673e8bef53d4db2e09ce40ab8d4a3ca17ca07315f94632345da3c5b82,2026-03-06T20:40:43Z,bitcoin-up-or-down-march-6-3pm-et,Down,BUY,25,0.58,0.51,0.53,0.02,0.52,0.5134266517,0.6348424441,5786.5,3328.36,100,0.0113793103,0.003509312,183.845463,0.6883975815,16,CROSS,,TRADE,,-0.055,-0.055,-0.035,0.045,10,,OPEN
0xe867c38d8006abc1fbb6d0b15c6ced9f651af58ef71fa1ba7d7ae1189cf89d69,2026-03-06T20:40:43Z,bitcoin-up-or-down-march-6-3pm-et,Down,BUY,15,0.59,0.51,0.53,0.02,0.52,0.5134266517,0.6348424441,5786.5,3328.36,100,0.0116666667,0.0037904902,208.845463,0.6754217691,0,CROSS,,TRADE,,-0.065,-0.065,-0.045,0.035,10,,OPEN
0xdf4d076b8810ebafaba8deba8d7c55929b6d4e030daf186164dc5bd5db65fda8,2026-03-06T20:40:53Z,xrp-up-or-down-march-6-3pm-et,Down,SELL,4.97938,0.9699998795,0.89,0.92,0.03,0.905,0.8981280788,0.544024191,779.01,652.93,100,0.0124,0.0076667429,209.381881,0.777338744,14,PASSIVE,,TRADE,,0.0649998795,0.0649998795,0.0394998795,0.0259998795,,1.2946382,REDUCE
0xc8f3cd11a097eb075f6430b3fc800c30dd742303667bfdcd2321ff9ca919c496,2026-03-06T20:40:53Z,solana-up-or-down-march-6-3pm-et,Up,BUY,4.95373,0.26,0.26,0.27,0.01,0.265,0.2607476636,0.5247708555,1489.73,1349.09,84.2105263158,0.0104210526,0.0058053212,232.824323,0.4924912613,62,PASSIVE,,TRADE,,-0.035,-0.035,-0.0675,-0.0825,330,,OPEN
0xac4a01d395b6d64a3e79588748256690f495d06a0375b0588b859f31424a02e4,2026-03-06T20:40:53Z,bitcoin-up-or-down-march-6-3pm-et,Down,SELL,45,0.49,0.52,0.53,0.01,0.525,0.5294949495,0.6780782016,6099.11,2895.59,83.8709677419,0.0116129032,0.0037387825,223.845463,0.6696976123,10,CROSS,,TRADE,,-0.045,-0.025,-0.095,-0.13,,-11.0094510495,REDUCE
0xf2a110b9853f0862460cde584b898c8d5105fd999c10b54c1e6d51cdd72be97b,2026-03-06T20:41:01Z,solana-up-or-down-march-6-3pm-et,Up,BUY,25,0.29,0.18,0.19,0.01,0.185,0.1846491228,0.888547066,2327.94,292,83.3333333333,0.0085555556,0.0051245915,237.778053,0.4876476732,8,CROSS,,TRADE,,-0.0935,-0.0935,-0.115,-0.0785,322,,OPEN
0xbdc3a6b94bbfa63363556f3bea237e397c9a51205c433cfede4657e4661798d5,2026-03-06T20:41:01Z,ethereum-up-or-down-march-6-3pm-et,Up,BUY,29.68204,0.29,0.29,0.3,0.01,0.295,0.2973145401,0.4687896735,4453.23,5046.19,85,0.0115,0.0036634755,202.237843,0.270101583,24,PASSIVE,,TRADE,,0.025,0.025,-0.015,0.055,280,,OPEN
0xcc10c817cfaaadd73493d9d6a4953c8b6b3a4a944c89bd79c33ceb21b93b1ef4,2026-03-06T20:41:03Z,bitcoin-up-or-down-march-6-3pm-et,Up,BUY,1.81,0.53,0.45,0.46,0.01,0.455,0.4516430595,0.3414748497,3343.09,6447.06,88.2352941176,0.0111764706,0.0033210558,207.783854,0.4525429708,686,CROSS,,TRADE,,-0.075,-0.115,-0.145,-0.105,410,,OPEN
0xc3ae5a45032225ef5f2c909dc98c969d6eb3cb41da9d48d3a12bc9102d8e01ec,2026-03-06T20:41:03Z,solana-up-or-down-march-6-3pm-et,Up,BUY,18,0.15,0.188,0.2,0.012,0.194,0.196,0.5662848913,2064.25,1581,89.4736842105,0.0087368421,0.0050425094,262.778053,0.4688440031,2,PASSIVE,,TRADE,,0.0465,0.0405,0.0265,0.0615,320,,OPEN
0x168bdd7085355b0f965212843975cfe5d86e383f0c7fa4f3045d1edbabde7c5b,2026-03-06T20:41:05Z,bitcoin-up-or-down-march-6-3pm-et,Down,BUY,25,0.55,0.54,0.55,0.01,0.545,0.5413473054,0.722276833,6304.35,2424.09,83.3333333333,0.0116666667,0.0037904902,178.845463,0.6696976123,12,CROSS,,TRADE,,-0.005,0.035,0.065,0.015,202,,OPEN
0x8c7dc1495b9f57c2e6ba84ffa8698954657ad9a517da81ab7b972615dd25acbf,2026-03-06T20:41:07Z,bitcoin-up-or-down-march-6-3pm-et,Down,BUY,25,0.51,0.54,0.55,0.01,0.545,0.5413473054,0.722276833,6304.35,2424.09,83.8709677419,0.0116129032,0.0037387825,203.845463,0.6550176667,2,PASSIVE,,TRADE,,0.035,0.075,0.105,0.055,200,,OPEN
0x4bb157d69c7d494c97362a1b6746c39280127f5ce7430013ea6b0cb2e2376010,2026-03-06T20:41:09Z,ethereum-up-or-down-march-6-3pm-et,Down,BUY,23,0.63,0.69,0.7,0.01,0.695,0.6901134382,0.4531724423,4219.33,5091.32,85,0.0115,0.0036634755,227.66189,0.751964265,42,PASSIVE,,TRADE,,0.055,0.075,0.09,0.025,246,,OPEN
0x8a97fbd435c624cb2a778bf0bf6def58f5e09f34576ee8a367bbeb3a490ae5e4,2026-03-06T20:41:09Z,bitcoin-up-or-down-march-6-3pm-et,Up,BUY,44.29913,0.52,0.45,0.46,0.01,0.455,0.4585352113,0.3622835544,3577.09,6296.64,88.8888888889,0.0111111111,0.0032338083,209.593854,0.4532118703,6,CROSS,,TRADE,,-0.065,-0.105,-0.135,-0.085,404,,OPEN
0x7ce8716993aa7938cbb60a92dcd99124d2483c97b91c27581e8a173ed2f3f011,2026-03-06T20:41:09Z,ethereum-up-or-down-march-6-3pm-et,Down,BUY,2,0.63,0.69,0.7,0.01,0.695,0.6902659928,0.4443418325,3892.47,4867.61,85.7142857143,0.0114285714,0.0035856858,250.66189,0.7407731817,0,PASSIVE,,TRADE,,0.085,0.075,0.09,0.025,246,,OPEN
0x330d56c6b60255182c8a526bf2a617fe59d3e94ca3a6bbb1a6f7f23fb055a4a6,2026-03-06T20:41:09Z,xrp-up-or-down-march-6-3pm-et,Down,SELL,35,0.92,0.92,0.93,0.01,0.925,0.9237735849,0.4348410246,550.2,715.09,60,0.0138,0.0073670675,204.402501,0.777338744,16,CROSS,,TRADE,,-0.0105,-0.0105,-0.024,-0.015,,5.4543819501,REDUCE
0x16bf2e8d2dd8f8a383b18474901c2c49d4324ed546158a540bf0c0434c2dc283,2026-03-06T20:41:09Z,solana-up-or-down-march-6-3pm-et,Up,BUY,18,0.23,0.21,0.215,0.005,0.2125,0.2117391304,0.685632076,1570.31,720,30,0.00855,0.0049786386,280.778053,0.4484036874,6,CROSS,,TRADE,,-0.0395,-0.037,-0.053,-0.0245,314,,OPEN
0x543724baafbfd38ab2fa866daf444df9e23c2fd6ab453a17cc83474b2e7b6c20,2026-03-06T20:41:11Z,xrp-up-or-down-march-6-3pm-et,Up,BUY,21.74777,0.11,0.07,0.081,0.011,0.0755,0.0764166667,0.5443941672,735.09,615.2,58.8235294118,0.0141764706,0.0074518059,190.87695,0.4764032618,2052,CROSS,,TRADE,,-0.0395,-0.041,-0.054,-0.0435,,,OPEN
0x460a05b3536846fdd6142bb44d5cb6a2520373f98d1da58619628ad097b27378,2026-03-06T20:41:11Z,bitcoin-up-or-down-march-6-3pm-et,Down,BUY,4.090908,0.4500000978,0.54,0.55,0.01,0.545,0.5441843972,0.3626341344,1987.42,3493.09,84.375,0.0115625,0.0036890203,228.845463,0.6391753528,4,PASSIVE,,TRADE,,0.1349999022,0.1349999022,0.1749999022,0.1249999022,196,,OPEN
0x5525874e7601445c3e948319e29efe0d7b5e5f3942abb354932e5cb3de1204a1,2026-03-06T20:41:11Z,bitcoin-up-or-down-march-6-3pm-et,Down,BUY,5,0.46,0.54,0.55,0.01,0.545,0.5441843972,0.3626341344,1987.42,3493.09,84.8484848485,0.0115151515,0.0036410954,232.936371,0.6358529924,0,PASSIVE,,TRADE,,0.125,0.125,0.165,0.115,196,,OPEN
0x06cbe25153bcad5e2b1a997aff74e005fcde389acab414e2ef3ec1ace41d2e49,2026-03-06T20:41:15Z,xrp-up-or-down-march-6-3pm-et,Down,BUY,7.98084,0.89,0.923,0.93,0.007,0.9265,0.928,0.4018602326,450.2,670.09,23.8095238095,0.0134761905,0.007332251,169.402501,0.777338744,6,PASSIVE,,TRADE,,0.0405,0.0405,0.0555,0.035,238,,OPEN
0xb62f4d35b79f1d7daac88cda578c2d892b2d00d7298eddefcdb4b2fe3a60634e,2026-03-06T20:41:15Z,solana-up-or-down-march-6-3pm-et,Up,BUY,25,0.28,0.193,0.204,0.011,0.1985,0.1985,0.6296564936,1475.77,868,85.7142857143,0.0086666667,0.0048819395,298.778053,0.4352458723,6,CROSS,,TRADE,,-0.087,-0.1075,-0.1045,-0.0545,308,,OPEN
0xfa83ed792611ca87d6a8a91aaa4b5904c4acee42d499d5cb83c912a23e94ba2c,2026-03-06T20:41:17Z,ethereum-up-or-down-march-6-3pm-et,Up,BUY,7.93846,0.35,0.31,0.32,0.01,0.315,0.3114357238,0.4494997837,4146.64,5078.37,85.7142857143,0.0114285714,0.0035856858,231.919883,0.2726482625,16,CROSS,,TRADE,,-0.055,-0.075,-0.065,-0.005,264,,OPEN
0xdf43e306a6bbe577a478c4afa947ce738e250e9882a55b8a036017d0566d4914,2026-03-06T20:41:17Z,solana-up-or-down-march-6-3pm-et,Down,BUY,7.92597,0.74,0.8,0.808,0.008,0.804,0.8016,0.2728453667,565,1505.77,33.3333333333,0.0097142857,0.0052833972,324.638886,0.7145638912,36,PASSIVE,,TRADE,,0.067,0.0875,0.084,0.0455,232,,OPEN
0x1fbcf5430f91d98301db4a32162554baa192f1479511b0957d68e67910bac71a,2026-03-06T20:41:19Z,xrp-up-or-down-march-6-3pm-et,Down,BUY,20,0.89,0.939,0.94,0.001,0.9395,0.9396521739,0.2203098481,405,1433.32,4.7619047619,0.0144761905,0.0074068823,177.383341,0.7824076048,4,PASSIVE,,TRADE,,0.054,0.048,0.0555,0.044,234,,OPEN
0x1b3d287603f1b37ed4067a596fb19465a32fbfc7d434ececf06b1811188943f0,2026-03-06T20:41:21Z,solana-up-or-down-march-6-3pm-et,Down,BUY,3.93888,0.77,0.828,0.83,0.002,0.829,0.8294285714,0.3056541877,644.75,1464.66,14.2857142857,0.0091904762,0.0054828738,332.564856,0.7151701063,4,PASSIVE,,TRADE,,0.0575,0.055,0.054,0.035,228,,OPEN
0x3e3b67576c799db21bd2d7c59346cbf88f2c683aa80b35e701fa734aa8c031bb,2026-03-06T20:41:21Z,bitcoin-up-or-down-march-6-3pm-et,Down,BUY,24.63,0.54,0.61,0.62,0.01,0.615,0.6157221211,0.6408461732,5811.27,3256.85,84,0.0116,0.0037416574,237.936371,0.6321576138,10,PASSIVE,,TRADE,,0.075,0.075,0.08,0.035,186,,OPEN
0x7f77de81ccec32e25fefa39e3de0858af67731326499934757530bfa24e57545,2026-03-06T20:41:21Z,solana-up-or-down-march-6-3pm-et,Down,BUY,42.756187,0.7889999969,0.826,0.83,0.004,0.828,0.8288571429,0.4090930277,789.93,1141,27.2727272727,0.0089545455,0.0054639709,336.503736,0.7158119071,0,PASSIVE,,TRADE,,0.0385000031,0.0360000031,0.0340000031,0.0160000031,228,,OPEN
0x3f675f0c2d41f168b431ab3e3cc8a8ea9dde4d609f62aef9978845b031868c94,2026-03-06T20:41:25Z,ethereum-up-or-down-march-6-3pm-et,Down,BUY,7.91872,0.72,0.72,0.73,0.01,0.725,0.7291573034,0.538453702,4968.35,4258.72,94.7368421053,0.0105263158,0.0022941573,252.66189,0.7398963325,16,PASSIVE,,TRADE,,0.005,-0.005,-0.005,0.005,230,,OPEN
0x74f58fece039f6048e9f26955ae4b7e889b631aa5f0bc7314cd8688ca44f3f38,2026-03-06T20:41:29Z,solana-up-or-down-march-6-3pm-et,Up,BUY,39.76315,0.19,0.17,0.175,0.005,0.1725,0.1722222222,0.5899192256,1086,754.93,33.3333333333,0.0083333333,0.0048097124,323.778053,0.4232588127,14,CROSS,,TRADE,,-0.015,-0.013,0.0055,-0.0255,294,,OPEN
0xd5d7c5795d59a15538b4f33ba92288f46e815432c3661040facfaa375486ed32,2026-03-06T20:41:29Z,solana-up-or-down-march-6-3pm-et,Up,BUY,7.9488,0.2,0.17,0.175,0.005,0.1725,0.1722222222,0.5899192256,1086,754.93,36.3636363636,0.0081818182,0.0047472936,363.541203,0.3977455969,0,CROSS,,TRADE,,-0.0235,-0.023,-0.0045,-0.0355,294,,OPEN
0x2670efc752ccbd292cf414e4fb4fd089d5aae289a7188d837708e13865e64605,2026-03-06T20:41:49Z,bitcoin-up-or-down-march-6-3pm-et,Down,BUY,2.564101,0.6100001521,0.61,0.63,0.02,0.62,0.621128319,0.6632900001,6663.02,3382.39,100,0.0126923077,0.0045234432,262.566371,0.6235127824,28,PASSIVE,,TRADE,,0.0099998479,-0.0350001521,-0.0350001521,-0.0350001521,158,,OPEN
0x1f763e11a1af64f86dc515432ad82181c420e6871b8550fd3f2583bb0bc87718,2026-03-06T20:42:05Z,bitcoin-up-or-down-march-6-3pm-et,Down,BUY,12.439023,0.5900000346,0.54,0.55,0.01,0.545,0.5485465048,0.4337080379,2595.04,3388.34,84,0.0116,0.0037416574,265.130472,0.6233821005,16,CROSS,,TRADE,,-0.0450000346,-0.0450000346,-0.0050000346,0.0049999654,142,,OPEN
0xb10fcbb9d2d9fb07e2885455bb2b59c7b8c0e1b2742efb2db35a380112368895,2026-03-06T20:42:43Z,ethereum-up-or-down-march-6-3pm-et,Up,BUY,25,0.28,0.31,0.33,0.02,0.32,0.3242880667,0.4766244868,4750.44,5216.4,100,0.0127272727,0.0045584231,239.858343,0.2752083305,86,PASSIVE,,TRADE,,0.04,0.035,0.035,0.065,178,,OPEN
0x8063574d333d945313ac3006846fed6518ab034c1b43ed22faadf7185112bc71,2026-03-06T20:43:17Z,solana-up-or-down-march-6-3pm-et,Down,BUY,25,0.82,0.79,0.798,0.008,0.794,0.7931515152,0.7891859052,1299,347,71.4285714286,0.0055714286,0.003264528,379.259923,0.7240628281,116,CROSS,,TRADE,,-0.028,-0.028,-0.0285,0.015,112,,OPEN
0x33a613fdff163ecbde9edde4171459b7d918e988a60828531d20bfef1f71a02d,2026-03-06T20:43:23Z,bitcoin-up-or-down-march-6-3pm-et,Down,BUY,2.95495,0.57,0.54,0.56,0.02,0.55,0.5575810825,0.6527899567,6439.44,3425.05,100,0.0104761905,0.0021821789,277.569495,0.6218861137,78,CROSS,,TRADE,,-0.025,-0.025,-0.025,0.095,64,,OPEN
0xbe84a0e41d4981832784423b8bd114eccb1829a37540cae84e15fa22f397d0b5,2026-03-06T20:43:25Z,bitcoin-up-or-down-march-6-3pm-et,Down,BUY,17,0.56,0.54,0.56,0.02,0.55,0.5575810825,0.6527899567,6439.44,3425.05,100,0.0109090909,0.0029424494,280.524445,0.6213395629,2,CROSS,,TRADE,,-0.015,-0.015,0.005,0.075,62,,OPEN
0xbc208f2d604c6730bc7f337211a86c20a90a98b6d1fb28292ecb33ca859fc9cb,2026-03-06T20:43:25Z,bitcoin-up-or-down-march-6-3pm-et,Down,BUY,8,0.56,0.54,0.55,0.01,0.545,0.5438021978,0.5216088802,2552.54,2341.05,91.3043478261,0.0108695652,0.0028810407,297.524445,0.617834733,0,CROSS,,TRADE,,-0.015,-0.015,0.005,0.075,62,,OPEN
0x081732d6d40444aaadfa6ad2e9f6aafe0b65fd45855710f74addf634094368ce,2026-03-06T20:43:37Z,bitcoin-up-or-down-march-6-3pm-et,Down,BUY,25,0.57,0.56,0.57,0.01,0.565,0.567080292,0.736565196,6054.89,2165.55,88,0.0112,0.0033166248,305.524445,0.6163203604,12,CROSS,,TRADE,,-0.005,-0.005,0.015,0.06,50,,OPEN
0x0ab446664a1f9c5a45e51e47830784fbf8846aa33a9b960f45cfdd96542a95d0,2026-03-06T20:44:05Z,ethereum-up-or-down-march-6-3pm-et,Up,BUY,2.657533,0.2700000339,0.26,0.28,0.02,0.27,0.2687530541,0.4242980334,4180.32,5672,100,0.0104761905,0.0021821789,264.858343,0.2756606166,82,PASSIVE,,TRADE,,-0.0000000339,-0.0000000339,-0.0850000339,-0.0450000339,96,,OPEN
0xc1c1b50286b596212416c86ae39d1f0cf38ba52054063ca41fbb68275f2e7fa0,2026-03-06T20:44:05Z,ethereum-up-or-down-march-6-3pm-et,Up,BUY,5.726025,0.2700000437,0.26,0.28,0.02,0.27,0.2687530541,0.4242980334,4180.32,5672,100,0.0109090909,0.0029424494,267.515876,0.2756043837,0,PASSIVE,,TRADE,,-0.0000000437,-0.0000000437,-0.0850000437,-0.0450000437,96,,OPEN
0x84b69aea6844791813ecd5e948ec8c6fb88e7995068aa902550fe38fdeaded85,2026-03-06T20:44:05Z,ethereum-up-or-down-march-6-3pm-et,Up,BUY,3.082188,0.2700000779,0.26,0.28,0.02,0.27,0.2687530541,0.4242980334,4180.32,5672,100,0.0113043478,0.0034435022,273.241901,0.2754869398,0,PASSIVE,,TRADE,,-0.0000000779,-0.0000000779,-0.0850000779,-0.0450000779,96,,OPEN
0x23dcac98349581f724fe0a52a9aa98fd043956c2c87efe9cfa77e584b59f041c,2026-03-06T20:44:07Z,ethereum-up-or-down-march-6-3pm-et,Up,BUY,5.479451,0.270000042,0.26,0.28,0.02,0.27,0.2691050307,0.4268485317,4183.09,5616.85,100,0.0116666667,0.0038069349,276.324089,0.275425738,2,PASSIVE,,TRADE,,-0.000000042,-0.025000042,-0.085000042,-0.055000042,94,,OPEN
0x6cc0fb838707d86496c06c11cf0a9270bf1c9bba3d1f710fba5bbb51d8d9511f,2026-03-06T20:44:07Z,ethereum-up-or-down-march-6-3pm-et,Up,BUY,1.479451,0.2700001555,0.26,0.28,0.02,0.27,0.2691050307,0.4268485317,4183.09,5616.85,100,0.012,0.0040824829,281.80354,0.2753202396,0,PASSIVE,,TRADE,,-0.0000001555,-0.0250001555,-0.0850001555,-0.0550001555,94,,OPEN
0x9c490f907738d96df3b942883f3f9b13c87ed84074ba7c3ef4beb7f680dba131,2026-03-06T20:44:23Z,xrp-up-or-down-march-6-3pm-et,Down,BUY,4.99888,0.969,0.97,0.98,0.01,0.975,0.9711377696,0.3628415598,800.98,1406.54,95.2380952381,0.0080952381,0.0018682816,197.383341,0.7933094767,184,PASSIVE,,TRADE,,0.0065,0.0065,0.0065,0.006,50,,OPEN
0x3bdc2454ba7d16f97a63d1c92586703ad796393cf11d7f6a9186e00a4f072804,2026-03-06T20:44:27Z,bitcoin-up-or-down-march-6-3pm-et,Down,SELL,13.970148,0.6699999885,0.59,0.6,0.01,0.595,0.5983333333,0.6352591845,5611.67,3222,90.9090909091,0.0109090909,0.0029424494,330.524445,0.6128168101,50,PASSIVE,,TRADE,,0.0749999885,0.0749999885,0.0749999885,0.0899999885,,-0.0000001607,REDUCE
0x51e0f99ed7ded30c08617432b6817ca2e9173aaa2ae61e863f380e27bd270984,2026-03-06T20:44:29Z,bitcoin-up-or-down-march-6-3pm-et,Down,BUY,25,0.62,0.59,0.6,0.01,0.595,0.5983333333,0.6352591845,5611.67,3222,91.3043478261,0.0108695652,0.0028810407,316.554297,0.6128168101,2,CROSS,,TRADE,,-0.025,-0.025,-0.025,-0.04,16,,OPEN
0x5b06fee554f9f6ebd012701dae96d8d29d0240c28734f4fe3ce8adbffc1da3ca,2026-03-06T20:44:39Z,ethereum-up-or-down-march-6-3pm-et,Down,BUY,25,0.81,0.78,0.79,0.01,0.785,0.7879927007,0.5132905257,4929.75,4674.46,95.2380952381,0.0104761905,0.0021821789,260.58061,0.7392917078,194,CROSS,,TRADE,,-0.025,-0.025,-0.025,0.025,36,,OPEN
0x9824c2a9fd76f6aa47f539e5a78bf141e86034fe6d53749817a814d57f0311e5,2026-03-06T20:44:45Z,bitcoin-up-or-down-march-6-3pm-et,Down,SELL,25,0.64,0.61,0.62,0.01,0.615,0.6111955049,0.5740947283,5152.46,3822.47,95.4545454545,0.0104545455,0.0021320072,341.554297,0.6133425823,16,PASSIVE,,TRADE,,0.035,0.035,0.05,0.085,,-1.4881106241,REDUCE
0x156b41fd63683a3be33bb9df9950e8c031c80bfe93fe16e57c6090d21b612639,2026-03-06T20:44:47Z,ethereum-up-or-down-march-6-3pm-et,Down,BUY,25,0.81,0.79,0.8,0.01,0.795,0.7970761659,0.4445356911,5147.87,6432.46,80.9523809524,0.0119047619,0.0040237391,285.58061,0.7454815794,8,CROSS,,TRADE,,-0.035,-0.035,-0.015,0.02,28,,OPEN
0x1d85fee3879b734ba940b614d73c47f0123d8a059be6870a9a8804a39affb42a,2026-03-06T20:44:47Z,bitcoin-up-or-down-march-6-3pm-et,Down,BUY,8,0.61,0.6,0.61,0.01,0.605,0.6000488778,0.4263494893,2085.48,2806,95.652173913,0.0104347826,0.0020851441,316.554297,0.6133425823,2,CROSS,,TRADE,,-0.005,-0.005,-0.025,-0.055,20,,OPEN
0x2808198f0f453568924518ff4da73d5dad7e1005fb93257f371dfac9b4d4220c,2026-03-06T20:45:05Z,ethereum-up-or-down-march-6-3pm-et,Up,BUY,25,0.18,0.2,0.21,0.01,0.205,0.2014357502,0.434311987,4060.93,5289.33,80.9523809524,0.0119047619,0.0040237391,283.282991,0.2752924553,58,PASSIVE,,TRADE,,0.005,0.015,-0.01,-0.02,36,,OPEN
0xd3b6c57db4b76e6f67507a10163c1a072f255e18075794f04cd7bdcc89c2840f,2026-03-06T20:45:07Z,bitcoin-up-or-down-march-6-3pm-et,Down,SELL,45,0.6,0.57,0.58,0.01,0.575,0.5788596242,0.6275164849,5881.21,3490.99,92,0.0108,0.0027688746,324.554297,0.6132601903,20,PASSIVE,,TRADE,,0.005,0.035,0.025,0.015,,-6.2000003164,REDUCE
0xf2eb0e4dd8a586cfc6d2ab1ab8052bb07e9166cb2dfad1f7bfb37c457e1ca505,2026-03-06T20:45:07Z,bitcoin-up-or-down-march-6-3pm-et,Down,SELL,13.96,0.62,0.57,0.58,0.01,0.575,0.5788596242,0.6275164849,5881.21,3490.99,92.3076923077,0.0107692308,0.0027174649,279.554297,0.6132601903,0,PASSIVE,,TRADE,,0.025,0.055,0.045,0.035,,-1.22051435,REDUCE
0x57b42ae22fb5d0f4e97275e7c6947a375e883a62484c1f71e9e23eb8a456ee55,2026-03-06T20:45:09Z,bitcoin-up-or-down-march-6-3pm-et,Down,SELL,45,0.59,0.57,0.58,0.01,0.575,0.5788596242,0.6275164849,5881.21,3490.99,92.5925925926,0.0107407407,0.0026688026,265.594297,0.6132601903,2,PASSIVE,,TRADE,,-0.005,0.025,0.025,0.025,,-4.4598378,REDUCE
0x4cbbc81f4af79b0803232624cc5d99d3fe611a20f2d1e089024bd43340d8cd8d,2026-03-06T20:45:09Z,solana-up-or-down-march-6-3pm-et,Down,SELL,5,0.85,0.839,0.84,0.001,0.8395,0.83975,0.5254956663,881.54,796,19.0476190476,0.0065714286,0.0036683979,404.259923,0.7299957172,112,PASSIVE,,TRADE,,-0.006,-0.0055,-0.005,-0.0045,,1.25,REDUCE
0x8578bc8f9ca607f2095abbfdf5748e5ba90ab3457f0b7c1071e4b45f64171a4d,2026-03-06T20:45:09Z,bitcoin-up-or-down-march-6-3pm-et,Down,SELL,8.47,0.61,0.57,0.59,0.02,0.58,0.5887836713,0.6242831839,6055.01,3644.13,100,0.0110714286,0.0031497039,220.594297,0.6132601903,0,PASSIVE,,TRADE,,0.015,0.025,0.045,0.075,,0.2541,REDUCE
0xe91568f4c14049949ec73c3dbf767788f326b481b4d2e0e33cc9ce04940f9b3f,2026-03-06T20:45:09Z,bitcoin-up-or-down-march-6-3pm-et,Down,SELL,16.524589,0.6099999825,0.57,0.59,0.02,0.58,0.5887836713,0.6242831839,6055.01,3644.13,100,0.0113793103,0.003509312,212.124297,0.6132601903,0,PASSIVE,,TRADE,,0.0149999825,0.0249999825,0.0449999825,0.0749999825,,0.4549446408,REDUCE
0x9d93fc39524cbc5e1484045488f5169c51f9cc09fcb7c75d4da6d05206e37ac4,2026-03-06T20:45:09Z,ethereum-up-or-down-march-6-3pm-et,Up,BUY,61.5734,0.21,0.19,0.2,0.01,0.195,0.1911896811,0.4556016841,4342.49,5188.84,81.8181818182,0.0118181818,0.0039477102,308.282991,0.2675647783,4,CROSS,,TRADE,,-0.025,-0.035,-0.045,0,32,,OPEN
0x7f3c74a1080bd85437566fba2d8db253e6ea231e29fc7171cdcb8f2a8b70f90a,2026-03-06T20:45:11Z,solana-up-or-down-march-6-3pm-et,Down,SELL,43,0.8411627907,0.839,0.84,0.001,0.8395,0.83975,0.5253145827,887.54,802,22.7272727273,0.0063181818,0.0037719057,399.259923,0.7299957172,2,PASSIVE,,TRADE,,-0.0148372093,-0.0143372093,-0.0138372093,0.0166627907,,8.9659714998,REDUCE
0x916ae7467e6ae9ea34c6d38886d5d80b28d2c3189671971ba4948c77646f91cf,2026-03-06T20:45:11Z,ethereum-up-or-down-march-6-3pm-et,Up,BUY,20,0.22,0.19,0.2,0.01,0.195,0.1911896811,0.4556016841,4342.49,5188.84,82.6086956522,0.0117391304,0.0038755339,369.856391,0.2579814395,2,CROSS,,TRADE,,-0.035,-0.045,-0.055,-0.01,30,,OPEN
0xa4b1b9a1bf89ba10bd77ce6e1cd7816bac8d9a1d6a8c55c1b909e966a2a3a5d5,2026-03-06T20:45:11Z,ethereum-up-or-down-march-6-3pm-et,Up,BUY,8,0.21,0.19,0.2,0.01,0.195,0.1911896811,0.4556016841,4342.49,5188.84,83.3333333333,0.0116666667,0.0038069349,389.856391,0.2560329558,0,CROSS,,TRADE,,-0.015,-0.035,-0.045,0,30,,OPEN
0x3391e35a9220ed8017037e3f8070e14b34be8a13d121686116e7262f3952c0f3,2026-03-06T20:45:13Z,xrp-up-or-down-march-6-3pm-et,Down,SELL,33.64,0.9705954221,0.966,0.97,0.004,0.968,0.9688571429,0.2488325613,532.86,1608.58,4.5454545455,0.0081363636,0.0019589952,202.382221,0.7976490666,50,PASSIVE,,TRADE,,0.0000954221,-0.0044045779,-0.0049045779,-0.0039045779,,3.9524089789,REDUCE
0x428da5e99f3fdaaec500f87edd3a4202ce5afaf3e6474a04c978154bdae422db,2026-03-06T20:45:13Z,solana-up-or-down-march-6-3pm-et,Down,SELL,8,0.84,0.847,0.858,0.011,0.8525,0.8525,0.4298713227,908,1204.26,100,0.0065217391,0.0038122955,356.259923,0.7299957172,2,CROSS,,TRADE,,-0.004,-0.0155,-0.0205,-0.009,,1.12,REDUCE
0x805350544dacfa9a2a5e23388bddf44ab28e3f4b6547e357840b253f9cadf565,2026-03-06T20:45:13Z,ethereum-up-or-down-march-6-3pm-et,Up,BUY,14,0.22,0.18,0.19,0.01,0.185,0.1819623529,0.4815020497,4473.91,4817.66,84,0.0116,0.0037416574,397.856391,0.2551073363,2,CROSS,,TRADE,,-0.025,-0.055,-0.05,-0.045,28,,OPEN
0xe75b21eba6a4f9429a43bda428fd7f77216b6eff52377734dd24c6e8086f59b3,2026-03-06T20:45:13Z,bitcoin-up-or-down-march-6-3pm-et,Down,SELL,25,0.58,0.59,0.6,0.01,0.595,0.5992655367,0.6318311061,5939.8,3461.13,86.6666666667,0.0113333333,0.003457459,195.599708,0.6132601903,4,CROSS,,TRADE,,0.015,0,0.025,0.025,,0.31317096,REDUCE
0xb00f45a25d5af6008926352ab0abc5a8892a8777fae432ebf672f861b8b64751,2026-03-06T20:45:15Z,ethereum-up-or-down-march-6-3pm-et,Down,SELL,25,0.8,0.81,0.82,0.01,0.815,0.8194486969,0.5442591295,5225.47,4375.6,82.6086956522,0.0117391304,0.0038755339,310.58061,0.7506749509,28,CROSS,,TRADE,,-0.005,-0.035,-0.03,-0.035,,3.2874851465,REDUCE
0x074d904e9f934207289cbdc3890070a576d97d0e085f39f7d19ad50bc1e3ba00,2026-03-06T20:45:17Z,ethereum-up-or-down-march-6-3pm-et,Up,BUY,11,0.22,0.17,0.18,0.01,0.175,0.1756495035,0.4875502349,4480.26,4709.07,83.3333333333,0.0116666667,0.0038069349,411.856391,0.2539139526,4,CROSS,,TRADE,,-0.045,-0.045,-0.05,-0.075,24,,OPEN
0xf9ea97a429e6c781990a211e6b2d1f2662734f41a71abbc34c606cfcf0f0dcfd,2026-03-06T20:45:17Z,ethereum-up-or-down-march-6-3pm-et,Up,BUY,17,0.21,0.17,0.18,0.01,0.175,0.1756495035,0.4875502349,4480.26,4709.07,84,0.0116,0.0037416574,422.856391,0.25303173,0,CROSS,,TRADE,,-0.035,-0.035,-0.04,-0.065,24,,OPEN
0x30796f9deee59834c53a9d638d217dfeb97bcb0da5121af29d12f90a1f7599e4,2026-03-06T20:45:17Z,bitcoin-up-or-down-march-6-3pm-et,Down,SELL,5,0.6,0.57,0.58,0.01,0.575,0.5776388488,0.3816417757,1452.25,2353.02,86.2068965517,0.0113793103,0.003509312,170.599708,0.6132601903,4,PASSIVE,,TRADE,,0.025,0.025,0.045,0.025,,0.25,REDUCE
0xd917848b8683da88961bc16aaf6b64111c4e70bd41ed5d820790cbc946b11204,2026-03-06T20:45:17Z,ethereum-up-or-down-march-6-3pm-et,Up,BUY,25,0.2,0.16,0.17,0.01,0.165,0.1637857143,0.4930000021,4763.79,4899.07,84.6153846154,0.0115384615,0.0036794648,439.856391,0.2513685976,0,CROSS,,TRADE,,-0.025,-0.03,-0.03,-0.055,24,,OPEN
0xbdff29ee9178ece0666a566213fc8f0d5b9925947588decf4702b64951dbe7b5,2026-03-06T20:45:17Z,bitcoin-up-or-down-march-6-3pm-et,Down,SELL,16.5,0.6,0.57,0.58,0.01,0.575,0.5776388488,0.3816417757,1452.25,2353.02,86.6666666667,0.0113333333,0.003457459,165.599708,0.6132601903,0,PASSIVE,,TRADE,,0.025,0.025,0.045,0.025,,1.24817096,REDUCE
0x384fb0e0451895c56726d3d4d3121d2db3529670ba34ec9a640745df3c8fb780,2026-03-06T20:45:19Z,solana-up-or-down-march-6-3pm-et,Up,BUY,7.96388,0.16,0.136,0.147,0.011,0.1415,0.1415,0.4819565227,1048,1126.47,94.7368421053,0.0062631579,0.0042274514,371.490003,0.3935144193,230,CROSS,,TRADE,,-0.015,-0.0165,-0.0155,-0.0385,64,,OPEN
0xae8b0ac89a7aef9089858d38d2b8c77b99aff69151147da5218c9f8b5b7fb20c,2026-03-06T20:45:23Z,solana-up-or-down-march-6-3pm-et,Up,BUY,7.96388,0.16,0.136,0.147,0.011,0.1415,0.1415,0.4819565227,1048,1126.47,95,0.0065,0.0042488389,379.453883,0.388613479,4,CROSS,,TRADE,,-0.015,-0.0165,-0.0205,-0.0385,60,,OPEN
0xf63a7b71f107426989ac70108a89af4818df96d69cb9fc5b44cc28dbf8dd6343,2026-03-06T20:45:23Z,solana-up-or-down-march-6-3pm-et,Up,BUY,12.9353,0.17,0.136,0.147,0.011,0.1415,0.1415,0.4819565227,1048,1126.47,95.2380952381,0.0067142857,0.0042560881,387.417763,0.3839140292,0,CROSS,,TRADE,,-0.025,-0.0265,-0.0305,-0.0485,60,,OPEN
0x2bcfd98f03d7636155c6100c02070a832de1f077aded65b8b3719f54239fcaf9,2026-03-06T20:45:27Z,ethereum-up-or-down-march-6-3pm-et,Down,SELL,25,0.82,0.83,0.84,0.01,0.835,0.8393826727,0.5129825323,4914.07,4665.34,77.2727272727,0.0122727273,0.0042893203,285.58061,0.7506749509,12,CROSS,,TRADE,,-0.01,-0.015,-0.015,-0.04,,3.177583695,REDUCE
0xcca890ab1342e81eb31b7f75aa22fef0e49651dea0a4ba19c78856c4232cf83a,2026-03-06T20:45:41Z,ethereum-up-or-down-march-6-3pm-et,Up,SELL,4.5,0.18,0.16,0.17,0.01,0.165,0.1612844037,0.4681144228,4487.93,5099.32,77.7777777778,0.0122222222,0.0042365927,464.856391,0.2486059918,24,PASSIVE,,TRADE,,0.025,0.025,-0.03,0.06,,-1.89,REDUCE
0xe13bf63a20db80f864674f4b2fca4b44fb5195aebc2647d1bfb4eb4189bd5b7f,2026-03-06T20:45:47Z,ethereum-up-or-down-march-6-3pm-et,Up,SELL,7.05,0.16,0.16,0.17,0.01,0.165,0.1612844037,0.4681144228,4487.93,5099.32,78.5714285714,0.0121428571,0.0041785545,460.356391,0.2486059918,6,CROSS,,TRADE,,0.005,-0.005,0.015,0.035,,-3.102,REDUCE
0x13a0be674c889cfa433ae2ec5087554dab9257a460d5b36e1f7c3c243d641b3c,2026-03-06T20:45:47Z,bitcoin-up-or-down-march-6-3pm-et,Down,SELL,30,0.56,0.55,0.56,0.01,0.555,0.5599616514,0.6125042147,5304.36,3355.76,89.6551724138,0.0110344828,0.0030993405,149.099708,0.6132601903,30,PASSIVE,,TRADE,,0.005,0.005,-0.015,0.02,,1.8008030999,REDUCE
0x8b385e762b82085d2293821c69ade851e81095fa0589475feaffb3d3ffcf24a1,2026-03-06T20:45:47Z,bitcoin-up-or-down-march-6-3pm-et,Down,SELL,90,0.56,0.55,0.56,0.01,0.555,0.5599616514,0.6125042147,5304.36,3355.76,90,0.011,0.0030512858,119.099708,0.6132601903,0,PASSIVE,,TRADE,,0.005,0.005,-0.015,0.02,,-0.6521109004,REDUCE
0x41203857c64c64a39916966dce4f6a8c701d279603361dc93537f51d8f745a1c,2026-03-06T20:45:49Z,ethereum-up-or-down-march-6-3pm-et,Up,SELL,25,0.17,0.15,0.16,0.01,0.155,0.159343832,0.6059781629,7062.93,4592.49,79.3103448276,0.0120689655,0.0041225082,453.306391,0.2486059918,2,PASSIVE,,TRADE,,0.015,0.005,0.015,0.045,,-10.75,REDUCE
0xdb02fca053ac749714d848f550c26c859880daf3773607fa8d9f66bcd3bc7175,2026-03-06T20:45:49Z,ethereum-up-or-down-march-6-3pm-et,Down,BUY,45,0.83,0.84,0.85,0.01,0.845,0.8406188119,0.3940067593,4592.2,7062.93,68.1818181818,0.0131818182,0.0047673129,260.58061,0.7506749509,22,PASSIVE,,TRADE,,0.015,0.01,0.015,0.045,186,,OPEN
0x9f44da68bc278a043a59f78720351765e76edd080920f5be2cbe5dd88f907987,2026-03-06T20:45:53Z,bitcoin-up-or-down-march-6-3pm-et,Up,BUY,29.54058,0.45,0.42,0.43,0.01,0.425,0.4279723222,0.6768597623,5373.17,2565.21,94.7368421053,0.0105263158,0.0022941573,253.892984,0.4648650322,284,CROSS,,TRADE,,-0.015,-0.015,0.005,0.055,120,,OPEN
0xad65390515ca04098412b039f27f0e6743b2438192048fff2a1602a5d41aff7b,2026-03-06T20:46:01Z,solana-up-or-down-march-6-3pm-et,Down,BUY,4.98188,0.86,0.85,0.86,0.01,0.855,0.857311828,0.6345233457,1726.17,994.25,68.1818181818,0.0075454545,0.0037381849,348.259923,0.7299957172,48,CROSS,,TRADE,,-0.0055,-0.011,0.015,0.033,42,,OPEN
0xdc55f5b95dedcb92861024ccbb8448069e0aa9ba5461b7400ef856c09a8f4707,2026-03-06T20:46:01Z,solana-up-or-down-march-6-3pm-et,Down,BUY,43.201143,0.8526166305,0.85,0.86,0.01,0.855,0.857311828,0.6345233457,1726.17,994.25,69.5652173913,0.0076521739,0.003687925,353.241803,0.7318292084,0,PASSIVE,,TRADE,,0.0018833695,-0.0036166305,0.0223833695,0.0403833695,42,,OPEN
0xc3a6b309813ff727cb88d6c655b9b73bb4bb548cd034cf4019ed81aec82f098a,2026-03-06T20:46:03Z,ethereum-up-or-down-march-6-3pm-et,Down,BUY,44.79679,0.84,0.82,0.83,0.01,0.825,0.8213902969,0.4749578778,4530.02,5007.71,72.7272727273,0.0127272727,0.0045584231,305.58061,0.7623564094,14,CROSS,,TRADE,,-0.015,-0.005,0.02,0.02,172,,OPEN
0xfb76e75eb53c107a0f4b62d84a1307c535ca63d5ff18353c3860d8c182d25248,2026-03-06T20:46:03Z,solana-up-or-down-march-6-3pm-et,Down,BUY,4.98188,0.86,0.85,0.859,0.009,0.8545,0.8564232365,0.5604859555,1626.25,1275.25,54.1666666667,0.0077083333,0.0036173395,396.442946,0.7449916439,2,CROSS,,TRADE,,-0.0055,-0.011,0.0235,0.045,40,,OPEN
0x2cf0f794edfcf5f519823139b2b72f787db86c2d458c05997b5d41cba72990d1,2026-03-06T20:46:05Z,bitcoin-up-or-down-march-6-3pm-et,Down,SELL,18,0.67,0.56,0.57,0.01,0.565,0.5606550433,0.3103993415,2707.57,6015.29,89.6551724138,0.0110344828,0.0030993405,29.099708,0.6132601903,18,PASSIVE,,TRADE,,0.105,0.115,0.115,0.155,,0.9,REDUCE
0x2eda14ec636fd4b323a1cb5af5bfa4bad12d02f0f899f0f1d729dadc3e55454a,2026-03-06T20:46:05Z,bitcoin-up-or-down-march-6-3pm-et,Down,BUY,29.54945,0.57,0.56,0.57,0.01,0.565,0.5606550433,0.3103993415,2707.57,6015.29,90,0.011,0.0030512858,11.099708,0.6132601903,0,CROSS,,TRADE,,-0.005,0.005,-0.015,-0.055,4,,OPEN
0xa41995263ff781fc88ccb7c8bb36fcc0554054339c40caf1b29414ddcd850fa8,2026-03-06T20:46:07Z,bitcoin-up-or-down-march-6-3pm-et,Down,BUY,15,0.58,0.56,0.57,0.01,0.565,0.5606550433,0.3103993415,2707.57,6015.29,90.3225806452,0.0109677419,0.0030053715,40.649158,0.5818126796,2,CROSS,,TRADE,,-0.045,-0.005,-0.025,-0.065,2,,OPEN
0xedb9af010a6048484a0226e37801a9c43f2b4bcd2ee212cf6c759e9443d0de94,2026-03-06T20:46:07Z,bitcoin-up-or-down-march-6-3pm-et,Down,BUY,18,0.57,0.56,0.57,0.01,0.565,0.560629558,0.313001834,2766.57,6072.26,90.625,0.0109375,0.0029614458,55.649158,0.5813240793,0,CROSS,,TRADE,,-0.035,-0.025,-0.015,-0.055,2,,OPEN
0x8ff895a0fd2f1334ad2a03c69ddfd8af90d01f5ba82743f66947a6cccef18d16,2026-03-06T20:46:07Z,bitcoin-up-or-down-march-6-3pm-et,Down,BUY,42,0.59,0.56,0.57,0.01,0.565,0.560629558,0.313001834,2766.57,6072.26,90.9090909091,0.0109090909,0.002919371,73.649158,0.5785564519,0,CROSS,,TRADE,,-0.055,-0.045,-0.035,-0.075,2,,OPEN
0xd7704169bc1c8cd7c85f21dc55c8107523bbfa7d0b963493e311ed50848a24b4,2026-03-06T20:46:09Z,bitcoin-up-or-down-march-6-3pm-et,Down,SELL,18,0.59,0.54,0.55,0.01,0.545,0.5409244792,0.3098161738,2771.6,6174.35,100,0.01,0,115.649158,0.5827123751,2,PASSIVE,,TRADE,,0.045,0.045,0.045,0.095,,-0.1149854,REDUCE
0x91efd33892d1651967b0f5c531a8b760050fa487abbb360a89bc5f36b9e43479,2026-03-06T20:46:15Z,bitcoin-up-or-down-march-6-3pm-et,Down,BUY,8,0.57,0.54,0.55,0.01,0.545,0.5409244792,0.3098161738,2771.6,6174.35,100,0.01,0,97.649158,0.5827123751,6,CROSS,,TRADE,,-0.025,-0.025,-0.03,-0.075,130,,OPEN
0x27777aa6fe17dae0012e88e7d266389428e9dac4962de8f31de35f421a68a8cb,2026-03-06T20:46:23Z,solana-up-or-down-march-6-3pm-et,Up,SELL,5,0.14,0.101,0.11,0.009,0.1055,0.1078831001,0.5030934473,1515.73,1497.09,50,0.01065,0.0048696158,400.353063,0.3770025244,60,PASSIVE,,TRADE,,0.0385,0.0385,0.0245,0.017,,-1.75,REDUCE
0xfe9600ff1a8e2f47864075d1628cc458bb4f3123faadfb9ae4f710b25e034e27,2026-03-06T20:46:25Z,solana-up-or-down-march-6-3pm-et,Up,SELL,8,0.12,0.101,0.11,0.009,0.1055,0.1078831001,0.5030934473,1515.73,1497.09,52.380952381,0.0105714286,0.004759952,395.353063,0.3770025244,2,PASSIVE,,TRADE,,0.0185,0.0185,0.0045,-0.0035,,-2.96,REDUCE
0xa88a23a78c6dcb27d6f1f7037ab74b551ca333f7129a7c0ebaccca42481e2985,2026-03-06T20:46:27Z,ethereum-up-or-down-march-6-3pm-et,Down,BUY,25,0.85,0.88,0.89,0.01,0.885,0.8823114707,0.3449380916,3994.39,7585.63,72.7272727273,0.0127272727,0.0045584231,350.3774,0.7722833728,24,PASSIVE,,TRADE,,0.035,0.045,-0.005,0.005,148,,OPEN
0x09a4ed5bbbfa8c0a2fc88c0f86906c02b43bd8ed35297c7a14be56db1fdc1bff,2026-03-06T20:46:29Z,solana-up-or-down-march-6-3pm-et,Down,BUY,43.24062,0.8723919308,0.894,0.9,0.006,0.897,0.8982857143,0.2219816637,467.54,1638.67,26.0869565217,0.0087826087,0.0033297082,401.424826,0.7464189543,26,PASSIVE,,TRADE,,0.0246080692,0.0336080692,0.0206080692,-0.0078919308,14,,OPEN
0xcd599e6281b9a87b9c88a92e4c6c7f66be1759cd775fb91eed5b6d2ab441bd1a,2026-03-06T20:46:31Z,ethereum-up-or-down-march-6-3pm-et,Down,BUY,29.87808,0.85,0.88,0.89,0.01,0.885,0.8823114707,0.3449380916,3994.39,7585.63,73.9130434783,0.0126086957,0.0044897776,375.3774,0.7774592723,4,PASSIVE,,TRADE,,0.045,0.045,0.01,-0.02,144,,OPEN
0xc7e3a73ce386d4ff0faf9b2a350441be255a5d992fde3e918cfd9e12a37ab54e,2026-03-06T20:46:43Z,solana-up-or-down-march-6-3pm-et,Down,SELL,8,0.89,0.9,0.91,0.01,0.905,0.9077966102,0.2464986475,575,1757.67,91.6666666667,0.0086666667,0.0037027213,444.665446,0.7586689496,14,CROSS,,TRADE,,-0.015,-0.015,0.0335,0.036,,1.52,REDUCE
0xe937f7a0f003e0593e19b14dbd837f7e708b8dc358c48ff5788b5eb513a18c0a,2026-03-06T20:47:01Z,bitcoin-up-or-down-march-6-3pm-et,Up,BUY,9.84388,0.49,0.47,0.48,0.01,0.475,0.4742168675,0.738255609,5596.45,1984.19,100,0.01,0,283.433564,0.463315739,68,CROSS,,TRADE,,-0.015,-0.015,0.005,-0.045,52,,OPEN
0xb59a78e7e865fdd6130494112228eb2ae883b816d861870f33c95c2e9e01b743,2026-03-06T20:47:17Z,bitcoin-up-or-down-march-6-3pm-et,Up,BUY,18,0.51,0.5,0.51,0.01,0.505,0.5093745415,0.7122461169,6332.16,2558.25,100,0.01,0,293.277444,0.4642113983,16,CROSS,,TRADE,,-0.005,-0.005,-0.035,-0.065,36,,OPEN
0x9946714eb5386280f47ac98a9622edceb1397ac95bc35799b2216f95a053483e,2026-03-06T20:47:29Z,bitcoin-up-or-down-march-6-3pm-et,Down,BUY,29.53724,0.54,0.49,0.5,0.01,0.495,0.490629242,0.2877538831,2558.25,6332.16,95,0.0105,0.002236068,105.649158,0.5817497645,74,CROSS,,TRADE,,-0.045,-0.015,0.005,0.025,56,,OPEN
0x7ebb681c9f384a78b830959a22f2910a505b4538b3f544bb13592d39492e0434,2026-03-06T20:47:39Z,bitcoin-up-or-down-march-6-3pm-et,Up,BUY,18,0.5,0.46,0.47,0.01,0.465,0.4677938859,0.732545562,6447.28,2353.92,100,0.01,0,311.277444,0.4668591804,22,CROSS,,TRADE,,-0.035,-0.035,-0.075,-0.055,14,,OPEN
0xc34a37c1c6a80d0b01d30cda6d51ad0bb9f0558eadbaf46337dd76e4abf905dc,2026-03-06T20:47:53Z,bitcoin-up-or-down-march-6-3pm-et,Up,SELL,2.083332,0.4799998272,0.42,0.43,0.01,0.425,0.4287501894,0.7459792484,6543.26,2228.11,100,0.01,0,329.277444,0.4686708281,14,PASSIVE,,TRADE,,0.0549998272,0.0549998272,0.0049998272,0.0749998272,,-0.29166684,REDUCE
0x7b7079f4354f61b3ed2bc4d8fd2071c1873fbdac230e466b07c19fdeaf035dc4,2026-03-06T20:48:01Z,solana-up-or-down-march-6-3pm-et,Down,BUY,10.99934,0.8586231884,0.92,0.93,0.01,0.925,0.9215267176,0.2740266259,573.25,1518.7,90.9090909091,0.0053181818,0.0036953815,436.665446,0.7586689496,78,PASSIVE,,TRADE,,0.0663768116,0.0663768116,0.0508768116,0.0263768116,64,,OPEN
0x2cc83d97aa1783c22d0c9bb86a4eb76b9aac8195d6df02835efa8ed6a254d142,2026-03-06T20:48:09Z,bitcoin-up-or-down-march-6-3pm-et,Down,BUY,0.88634,0.56,0.55,0.57,0.02,0.56,0.5672750643,0.2883603297,2466.17,6086.22,100,0.0104166667,0.0020412415,135.186398,0.5726277461,40,PASSIVE,,TRADE,,0,0,-0.005,-0.045,16,,OPEN
0x427fa4468f703cfc52c525cda682be7689f216f1dbe54a5e1577f1bf5c2b0db1,2026-03-06T20:48:09Z,bitcoin-up-or-down-march-6-3pm-et,Down,BUY,29.54945,0.57,0.55,0.57,0.02,0.56,0.5672750643,0.2883603297,2466.17,6086.22,100,0.0108,0.0027688746,136.072738,0.5725454925,0,CROSS,,TRADE,,-0.01,-0.01,-0.015,-0.055,16,,OPEN
0x30aed4c4c9dbbf9f6987df6a71ac02e011ccd0ac33d76d2acf49f9571a785f64,2026-03-06T20:48:17Z,bitcoin-up-or-down-march-6-3pm-et,Down,BUY,18,0.57,0.55,0.57,0.02,0.56,0.5672750643,0.2883603297,2466.17,6086.22,100,0.0111538462,0.0032581259,165.622188,0.5720913389,8,CROSS,,TRADE,,-0.01,-0.01,0.005,-0.075,8,,OPEN
0xf3278a5b8ccf73bc7c5e63335c16a135c6d7e135c5a652499035288da7f41fc6,2026-03-06T20:48:25Z,bitcoin-up-or-down-march-6-3pm-et,Down,SELL,8,0.54,0.56,0.58,0.02,0.57,0.564586011,0.2676582491,2365.85,6473.22,100,0.012173913,0.0042174117,183.622188,0.5718863305,8,CROSS,,TRADE,,-0.035,-0.035,-0.075,0.055,,-0.24,REDUCE
0x39b1691745c61645c455f6add15d23d9f12802673e2940f9f77de0c791a0f42f,2026-03-06T20:48:27Z,bitcoin-up-or-down-march-6-3pm-et,Down,BUY,18,0.51,0.56,0.58,0.02,0.57,0.564586011,0.2676582491,2365.85,6473.22,100,0.0125,0.0044232587,175.622188,0.5718863305,2,PASSIVE,,TRADE,,0.065,0.065,0.105,-0.025,4,,OPEN
0x1b0e0a416e506ec65b37d57f6eb09d0a8a364657b7358372d89ac8657c7233b6,2026-03-06T20:48:31Z,bitcoin-up-or-down-march-6-3pm-et,Down,SELL,18,0.57,0.57,0.58,0.01,0.575,0.5725482131,0.2547119275,2168.22,6344.22,76,0.0124,0.0043588989,193.622188,0.5661330955,4,CROSS,,TRADE,,-0.005,-0.005,0.055,0.085,,-0.03350842,REDUCE
0x7485ac8df7f6c02430e67666d05e3793334029652d570e7ceed0176b6f786873,2026-03-06T20:48:49Z,bitcoin-up-or-down-march-6-3pm-et,Down,SELL,18,0.62,0.48,0.49,0.01,0.485,0.4801242236,0.2529337167,2172,6415.23,76.9230769231,0.0123076923,0.0042966892,175.622188,0.5661330955,18,PASSIVE,,TRADE,,0.135,0.135,0.125,0.135,,0.78350842,REDUCE
0x4b288932e413bc549689d1b043df5b673a87a5b732f711d97ed8a1a0dc45a2e1,2026-03-06T20:48:49Z,bitcoin-up-or-down-march-6-3pm-et,Down,BUY,29.55495,0.58,0.48,0.49,0.01,0.485,0.4801242236,0.2529337167,2172,6415.23,77.7777777778,0.0122222222,0.0042365927,157.622188,0.5661330955,0,CROSS,,TRADE,,-0.095,-0.095,-0.085,-0.095,266,,OPEN
0x7a94aac7f6509da9853af1f140904f4896a35f9213a1489792ab755e07016036,2026-03-06T20:48:55Z,ethereum-up-or-down-march-6-3pm-et,Down,SELL,8.74,0.89,0.81,0.82,0.01,0.815,0.8182806052,0.5441793081,4683.92,3923.39,90,0.011,0.0030779351,405.25548,0.7828074484,144,PASSIVE,,TRADE,,0.075,0.075,0.095,0.14,,1.5731997465,REDUCE
0xbc512da958f4058673743708bf5e56d2cff641e5e40b06649380915554d5d9cb,2026-03-06T20:49:03Z,ethereum-up-or-down-march-6-3pm-et,Down,SELL,12.36,0.91,0.79,0.8,0.01,0.795,0.7992894573,0.4622612279,4132.62,4807.39,80,0.012,0.0041039134,396.51548,0.7828074484,8,PASSIVE,,TRADE,,0.115,0.115,0.13,0.11,,2.4486844585,REDUCE
0x4216f3f48ec300b0476f528414e63bf13daaa89d51817db5c0e1dfbb658ab96d,2026-03-06T20:49:03Z,ethereum-up-or-down-march-6-3pm-et,Down,SELL,12.637361,0.9099999596,0.79,0.8,0.01,0.795,0.7992894573,0.4622612279,4132.62,4807.39,80.9523809524,0.0119047619,0.0040237391,384.15548,0.7828074484,0,PASSIVE,,TRADE,,0.1149999596,0.1149999596,0.1299999596,0.1099999596,,2.0219772495,REDUCE
0xd3e24f535012fa4de20f3c8f1f7ae4180074e990508856745933ba4a899ba89b,2026-03-06T20:49:05Z,solana-up-or-down-march-6-3pm-et,Down,SELL,25,0.93,0.829,0.83,0.001,0.8295,0.8296958175,0.4335159338,1330.3,1738.33,36.8421052632,0.0052631579,0.0039978064,447.664786,0.7611248735,64,PASSIVE,,TRADE,,0.0815,0.0815,0.095,0.0735,,6.0355571,REDUCE
0xc57f53a3329331649fb9a5a456eeda75241a7bfa35af5a6fd4243604987c5b2c,2026-03-06T20:49:05Z,solana-up-or-down-march-6-3pm-et,Down,SELL,15.85,0.92,0.829,0.83,0.001,0.8295,0.8296958175,0.4335159338,1330.3,1738.33,40,0.00505,0.0040062451,422.664786,0.7611248735,0,PASSIVE,,TRADE,,0.0715,0.0715,0.085,0.0635,,3.4621574896,REDUCE
0x6a1279664e8c1dd7ea20c64d0032726fd41174cd56a4b6ca93bc48d0b74403ed,2026-03-06T20:49:07Z,bitcoin-up-or-down-march-6-3pm-et,Up,BUY,29.53462,0.47,0.51,0.52,0.01,0.515,0.5114092943,0.7192952414,6090.69,2376.89,89.4736842105,0.0110526316,0.0031530177,327.194112,0.4686708281,74,PASSIVE,,TRADE,,0.035,0.035,0.045,-0.005,62,,OPEN
0xccdc46477b32e2a06130d751fc996f0580a6199aa3dd0a8d84d578ebad240aa7,2026-03-06T20:49:15Z,ethereum-up-or-down-march-6-3pm-et,Up,BUY,25,0.17,0.2,0.21,0.01,0.205,0.2002018876,0.4632994521,4121.41,4774.37,73.6842105263,0.0126315789,0.0045241393,428.306391,0.2486059918,206,PASSIVE,,TRADE,,0.035,0.035,0.055,-0.015,50,,OPEN
0xc6843614cf681c6e070dee2b44d7bd98c53bea9ac340e791134e4a20226ecc3f,2026-03-06T20:49:21Z,ethereum-up-or-down-march-6-3pm-et,Down,SELL,25,0.84,0.78,0.79,0.01,0.785,0.7819839679,0.4183919432,3869,5378.31,72.7272727273,0.0127272727,0.0045584231,371.518119,0.7828074484,18,PASSIVE,,TRADE,,0.055,0.055,0.085,-0.035,,0.41594031,REDUCE
0x253d481634061a2653c17c414fafe9bd481d72c515308a3c2607c632c2233ac9,2026-03-06T20:49:25Z,ethereum-up-or-down-march-6-3pm-et,Up,BUY,25,0.2,0.21,0.22,0.01,0.215,0.2180160321,0.5807012011,5358.31,3869,75,0.0125,0.0044426166,453.306391,0.2442708449,10,PASSIVE,,TRADE,,0.015,0.015,0.05,-0.065,40,,OPEN
0x95c0b8a38a35c619064806f868676b2f3693328c44de22552ab1a60755cdc915,2026-03-06T20:49:27Z,bitcoin-up-or-down-march-6-3pm-et,Up,BUY,5.319147,0.5300000169,0.51,0.52,0.01,0.515,0.5127309863,0.7237480827,7214.69,2753.82,95,0.0105,0.002236068,356.728732,0.4687808742,20,CROSS,,TRADE,,-0.0150000169,-0.0150000169,-0.0050000169,-0.0750000169,42,,OPEN
0xdf34b5d60b7de2bfa211c398076c39ffed7d4ce089b3e135e10fcfb09b390ce2,2026-03-06T20:49:27Z,bitcoin-up-or-down-march-6-3pm-et,Up,BUY,5.319147,0.5300000169,0.51,0.52,0.01,0.515,0.5127309863,0.7237480827,7214.69,2753.82,95.2380952381,0.0104761905,0.0021821789,362.047879,0.4696802956,0,CROSS,,TRADE,,-0.0150000169,-0.0150000169,-0.0050000169,-0.0750000169,42,,OPEN
0x6558159f3e889df87ef902e0df95263ea3d2f39961eaeafc95c1625a1d1d614c,2026-03-06T20:49:27Z,bitcoin-up-or-down-march-6-3pm-et,Up,BUY,16.73967,0.55,0.51,0.52,0.01,0.515,0.5127309863,0.7237480827,7214.69,2753.82,95.4545454545,0.0104545455,0.0021320072,367.367026,0.4705536714,0,CROSS,,TRADE,,-0.035,-0.035,-0.025,-0.095,42,,OPEN
0x38219b324fd6f823f9b9864ee65275c1a70aae2c3d1077299076e6d3a9102899,2026-03-06T20:49:55Z,bitcoin-up-or-down-march-6-3pm-et,Up,BUY,18,0.5,0.49,0.5,0.01,0.495,0.4911475178,0.7282413729,6597.51,2462,100,0.01,0,384.106696,0.4740160045,28,CROSS,,TRADE,,-0.005,-0.005,-0.005,0.065,14,,OPEN
0xa1183fa67600a7ea5546412fc740d9d00c9c7cf78c2d1dcc3976462506192633,2026-03-06T20:50:03Z,ethereum-up-or-down-march-6-3pm-et,Up,BUY,9.012986,0.2300000244,0.15,0.16,0.01,0.155,0.1510737111,0.4808764186,3988.49,4305.72,75,0.0125,0.0044232587,478.306391,0.2419569074,38,CROSS,,TRADE,,-0.0750000244,-0.0750000244,-0.0850000244,-0.1250000244,2,,OPEN
0xb5a91db222bda789cc07d66e56f89ab390ba04a7af503dce98f2351b312e8599,2026-03-06T20:50:05Z,ethereum-up-or-down-march-6-3pm-et,Up,SELL,1.28,0.23,0.15,0.16,0.01,0.155,0.1510737111,0.4808764186,3988.49,4305.72,76,0.0124,0.0043588989,487.319377,0.2417357645,2,PASSIVE,,TRADE,,0.075,0.075,0.085,0.125,,-0.4736,REDUCE
0xcf8a204dd30383aad2f5bc667c2b3ea5fb9ae4388cae9adb5b8abd841a902307,2026-03-06T20:50:09Z,bitcoin-up-or-down-march-6-3pm-et,Up,SELL,18,0.52,0.49,0.5,0.01,0.495,0.4908886256,0.7176809669,6526.44,2567.35,100,0.01,0,402.106696,0.4751791583,14,PASSIVE,,TRADE,,0.025,0.025,-0.025,-0.005,,-1.8000005284,REDUCE
0x059a8e6fbebb4a9754bdce2621f9b54a44cc39f4eb074311ba1ed4bb2bcfb3f0,2026-03-06T20:50:11Z,bitcoin-up-or-down-march-6-3pm-et,Down,BUY,39.38298,0.54,0.51,0.52,0.01,0.515,0.5102191781,0.1985773228,1582,6384.67,95.4545454545,0.0104545455,0.0021320072,187.177138,0.568322656,82,CROSS,,TRADE,,-0.035,-0.035,-0.075,-0.065,184,,OPEN
0x34c05ab675328e6b33e7b87c7fa980aba7d6079e125e1b26954926432438377d,2026-03-06T20:50:11Z,solana-up-or-down-march-6-3pm-et,Down,BUY,7.96388,0.84,0.85,0.854,0.004,0.852,0.8515757576,0.2986766147,506,1188.14,9.0909090909,0.0100454545,0.0039094181,406.814786,0.7611248735,66,PASSIVE,,TRADE,,-0.0035,-0.0035,-0.0065,0.022,4,,OPEN
0xe96b7b164c3853074ea5f1a8592305da5d9a8f2b70e274cdd33a91a3bfa91545,2026-03-06T20:50:15Z,bitcoin-up-or-down-march-6-3pm-et,Up,BUY,18,0.48,0.48,0.49,0.01,0.485,0.4896466591,0.7880930221,6393.05,1719,100,0.01,0,384.106696,0.4751791583,6,PASSIVE,,TRADE,,0.025,0.045,0.095,0.055,18,,OPEN
0x247951ec7ddb0592aa3591d32e11714ad65593473fe6be9ecb08278865b439fa,2026-03-06T20:50:15Z,solana-up-or-down-march-6-3pm-et,Down,SELL,22.75,0.872,0.85,0.854,0.004,0.852,0.8515757576,0.2986766147,506,1188.14,13.0434782609,0.0097826087,0.0040221718,414.778666,0.7626393006,4,PASSIVE,,TRADE,,0.0355,0.0385,0.053,0.014,,1.8534447777,REDUCE
0xb99b8e749deafbaead71d23563d9b924b883af501deb90182059afeb66c1ee9c,2026-03-06T20:50:15Z,ethereum-up-or-down-march-6-3pm-et,Up,SELL,45,0.15,0.13,0.14,0.01,0.135,0.1334057971,0.6373735836,6948.94,3953.52,76,0.0124,0.0043588989,486.039377,0.2417357645,10,PASSIVE,,TRADE,,0.015,0.005,-0.015,0.035,,-7.5517844097,REDUCE
0xf3ab92fe3ce53cc28894ac34b6ffba54ccbf4437e41b5933874ed4528ac8d8e6,2026-03-06T20:50:17Z,solana-up-or-down-march-6-3pm-et,Up,BUY,39.40355,0.1587367357,0.146,0.15,0.004,0.148,0.1484242424,0.7013233853,1188.14,506,9.0909090909,0.0099090909,0.0052816762,387.353063,0.3770025244,232,CROSS,,TRADE,,-0.0002367357,0.0097632643,0.0222632643,-0.0167367357,34,,OPEN
0xc1ab8eaee90cf9770df317400a8161f6a156416d07c6ed3c7f3ddc2313214b0a,2026-03-06T20:50:19Z,bitcoin-up-or-down-march-6-3pm-et,Up,BUY,18,0.49,0.48,0.49,0.01,0.485,0.4896276743,0.8675190774,6685.77,1021,100,0.01,0,402.106696,0.4753949596,4,CROSS,,TRADE,,0.015,0.035,0.075,0.035,14,,OPEN
0xf3110cd648feef7211af53d67b54a31bbdad9a85e5cd7d3207e6bbe1450279b5,2026-03-06T20:50:21Z,ethereum-up-or-down-march-6-3pm-et,Down,BUY,17.56831,0.85,0.86,0.87,0.01,0.865,0.8600748692,0.2758484396,2959.12,7768.22,73.9130434783,0.0126086957,0.0044897776,346.518119,0.7828074484,60,PASSIVE,,TRADE,,0.03,0.005,-0.005,0.015,20,,OPEN
0x06a7eebdeadaa28d2d17609d86ebec5b57719b84d9ea88c5a667521119622b6f,2026-03-06T20:50:27Z,bitcoin-up-or-down-march-6-3pm-et,Up,BUY,18,0.49,0.55,0.56,0.01,0.555,0.5554867257,0.6697094219,5572.19,2748.12,100,0.01,0,420.106696,0.4760207309,8,PASSIVE,,TRADE,,0.065,0.065,0.075,0.045,6,,OPEN
0x1c62ff08a1a6ede0dd8c2eae19424e96683a5403a7e1fefb0e17f5012c85e038,2026-03-06T20:50:29Z,ethereum-up-or-down-march-6-3pm-et,Down,BUY,17.28,0.86,0.83,0.84,0.01,0.835,0.8397517236,0.4915646455,4358.92,4508.52,77.2727272727,0.0122727273,0.0042893203,364.086429,0.7860496993,8,CROSS,,TRADE,,-0.025,-0.025,-0.015,0.005,12,,OPEN
0xc53bfad0385d74d7e3d6f56afa3f3d2d01417b0d4ab3a6139cc9d6b4445c2d47,2026-03-06T20:50:29Z,ethereum-up-or-down-march-6-3pm-et,Down,BUY,7.714284,0.8600000985,0.83,0.84,0.01,0.835,0.8397517236,0.4915646455,4358.92,4508.52,78.2608695652,0.012173913,0.0042174117,381.366429,0.7894004431,0,CROSS,,TRADE,,-0.0250000985,-0.0250000985,-0.0150000985,0.0049999015,12,,OPEN
0x7b8ede9bf0d09f8439e6339ecaafe51380e69902d6b03c73cd354764fee26804,2026-03-06T20:50:31Z,solana-up-or-down-march-6-3pm-et,Down,BUY,7.97442,0.87,0.82,0.821,0.001,0.8205,0.8205367153,0.3023247329,497.17,1147.32,4.347826087,0.0082608696,0.0030927686,392.028666,0.7626393006,16,CROSS,,TRADE,,-0.045,-0.045,-0.025,-0.0015,112,,OPEN
0xfc0f02d4e1207029974b3c8a6408758084feb44e8b51fc52567ce1ffbce935ca,2026-03-06T20:50:31Z,ethereum-up-or-down-march-6-3pm-et,Down,BUY,4.98607,0.88,0.83,0.84,0.01,0.835,0.8397263158,0.46434224,3591,4142.52,79.1666666667,0.0120833333,0.0041485112,389.080713,0.790800219,2,CROSS,,TRADE,,-0.045,-0.045,0.005,-0.015,10,,OPEN
0xa82c6e1d20ab3cfb58184e610d28997a509535349294374f0d5531286a815a51,2026-03-06T20:50:33Z,bitcoin-up-or-down-march-6-3pm-et,Up,SELL,18,0.47,0.55,0.56,0.01,0.555,0.5512618297,0.6804100004,6450.28,3029.71,100,0.01,0,438.106696,0.4765950815,6,CROSS,,TRADE,,-0.085,-0.105,-0.025,-0.065,,-2.7000000525,REDUCE
0x3701a9183fde4db1ec99ff9fc43308054b5fc067d8d3f939fe190eba3cd2c630,2026-03-06T20:50:39Z,bitcoin-up-or-down-march-6-3pm-et,Up,BUY,39.3795,0.53,0.55,0.56,0.01,0.555,0.5512618297,0.6804100004,6450.28,3029.71,100,0.01,0,420.106696,0.4765950815,6,PASSIVE,,TRADE,,0.045,0.035,-0.005,-0.005,24,,OPEN
0x47f668d15230bb22e15170d759c532796eae0bf7343e465734bc15559a0587c1,2026-03-06T20:50:41Z,ethereum-up-or-down-march-6-3pm-et,Down,SELL,34.06,0.85,0.83,0.84,0.01,0.835,0.8398203626,0.5325591991,4699.1,4124.52,80,0.012,0.0040824829,394.066783,0.7919288509,10,PASSIVE,,TRADE,,0.015,0.005,-0.045,-0.025,,0.14776698,REDUCE
0x9ec89c9d39ec0756828760a43fca94e6cdd5f584e8968de4f6d15c97663e72fb,2026-03-06T20:50:51Z,solana-up-or-down-march-6-3pm-et,Up,SELL,8,0.2,0.112,0.12,0.008,0.116,0.1183844911,0.7873426335,1018.16,275,45,0.009,0.0038113404,426.756613,0.3568494754,34,PASSIVE,,TRADE,,0.084,0.084,0.066,0.055,,-2.32,REDUCE
0x6a20eca8689cb67e796ecd94aa1e0f3fef3419c3f2928571a268153d3157fe2a,2026-03-06T20:50:59Z,bitcoin-up-or-down-march-6-3pm-et,Up,BUY,14.227271,0.5600000169,0.52,0.53,0.01,0.525,0.5297855228,0.5958100548,3222.82,2186.32,96,0.0104,0.002,459.486196,0.4811720612,20,CROSS,,TRADE,,-0.0150000169,-0.0150000169,-0.0150000169,-0.0150000169,4,,OPEN
0xaa4d4fe2254f20a6bb5ad28d6728891a60e2a19f93198daedf2064921ce3f100,2026-03-06T20:51:03Z,bitcoin-up-or-down-march-6-3pm-et,Up,SELL,16,0.53,0.52,0.53,0.01,0.525,0.5297855228,0.5958100548,3222.82,2186.32,96.1538461538,0.0103846154,0.0019611614,473.713467,0.4835395402,4,PASSIVE,,TRADE,,-0.015,-0.015,-0.005,-0.015,,-1.28176423,REDUCE
0x83e8548d939f658305b2323a5fc7f8dbb8eb7139b2866b6cc8110e3e193a9513,2026-03-06T20:51:07Z,solana-up-or-down-march-6-3pm-et,Up,SELL,8,0.14,0.15,0.155,0.005,0.1525,0.154,0.6801623096,1052.66,495,18.1818181818,0.0086363636,0.0037990657,418.756613,0.3568494754,16,CROSS,,TRADE,,-0.0195,-0.0195,-0.007,-0.005,,-2.8,REDUCE
0xc7e5cc06a66c808450f1e9854abc25b0c316436ec56c13350de164814291d776,2026-03-06T20:51:11Z,ethereum-up-or-down-march-6-3pm-et,Down,BUY,14.023332,0.8800000599,0.86,0.88,0.02,0.87,0.8753914884,0.3496353982,4078.42,7586.36,100,0.0116,0.0037416574,360.006783,0.7919288509,30,CROSS,,TRADE,,-0.0150000599,-0.0150000599,-0.0050000599,0.0349999401,244,,OPEN
0x73ddd9addefa0d792110fcc9eaaa7b7486a0d6f934b24455260e775fca192b8e,2026-03-06T20:51:11Z,solana-up-or-down-march-6-3pm-et,Down,BUY,7.9777,0.88,0.843,0.85,0.007,0.8465,0.8460434783,0.5982190634,872,585.66,47.8260869565,0.0073043478,0.0038190287,400.003086,0.7647796323,40,CROSS,,TRADE,,-0.0395,-0.0125,-0.028,-0.005,72,,OPEN
0x891a8568ec44f18c790889659c450404baedfcce2d3bda78aac38a5276e328ad,2026-03-06T20:51:11Z,bitcoin-up-or-down-march-6-3pm-et,Up,SELL,54,0.48,0.54,0.55,0.01,0.545,0.5424,0.7488358635,4451.32,1493,96.2962962963,0.0103703704,0.0019245009,457.713467,0.4835395402,8,CROSS,,TRADE,,-0.065,-0.055,-0.055,-0.005,,-3.3794587,REDUCE
0x6d8235f843284131ec1054e0e01b8d8cfc6601ee0bf25d3c9f493f3e2fe6ccb7,2026-03-06T20:51:15Z,bitcoin-up-or-down-march-6-3pm-et,Up,BUY,29.53275,0.52,0.54,0.55,0.01,0.545,0.5424,0.7488358635,4451.32,1493,96.4285714286,0.0103571429,0.0018898224,403.713467,0.4835395402,4,PASSIVE,,TRADE,,0.025,0.015,0.015,0.025,14,,OPEN
0x4e0cef331865a227087218fca9b47d231a9ecf009dc97b6427beff2bae05fa50,2026-03-06T20:51:29Z,bitcoin-up-or-down-march-6-3pm-et,Up,BUY,41.35681,0.55,0.52,0.53,0.01,0.525,0.5286466165,0.6258897197,3692.33,2207,96.1538461538,0.0103846154,0.0019611614,433.246217,0.4860249113,14,CROSS,,TRADE,,-0.025,-0.025,-0.005,-0.065,44,,OPEN
0x64cafe4d9c66c6d43faf598dfa1093e18f54dea91cb5b6596fa05f71e67d855b,2026-03-06T20:51:29Z,bitcoin-up-or-down-march-6-3pm-et,Up,SELL,16.78,0.57,0.52,0.53,0.01,0.525,0.5286466165,0.6258897197,3692.33,2207,96.2962962963,0.0103703704,0.0019245009,474.603027,0.4915996874,0,PASSIVE,,TRADE,,0.045,0.045,0.025,0.085,,5.3696,REDUCE
0x67bbb38d47f654cc5bf79e23cbe127422a360704144de8940629d251a5b8e56d,2026-03-06T20:51:29Z,bitcoin-up-or-down-march-6-3pm-et,Up,SELL,1.22,0.57,0.52,0.53,0.01,0.525,0.5286466165,0.6258897197,3692.33,2207,96.4285714286,0.0103571429,0.0018898224,457.823027,0.4915996874,0,PASSIVE,,TRADE,,0.045,0.045,0.025,0.085,,0.3904,REDUCE
0x7bb2d42a1fe00dee8d3f2765d2e8f2852e8d232cd9c9f3143ed8d3170cab4e00,2026-03-06T20:51:33Z,solana-up-or-down-march-6-3pm-et,Up,SELL,5.071427,0.1399998462,0.14,0.153,0.013,0.1465,0.1460357143,0.7672764494,1754.04,532.02,95.2380952381,0.0082380952,0.0035341868,410.756613,0.3568494754,26,CROSS,,TRADE,,-0.0065001538,-0.0095001538,-0.0015001538,0.0349998462,,-1.77500023,REDUCE
0xed187e5a9b925ea046035e98dbae567df731ea6ff1c139fe2c8455856bc7804d,2026-03-06T20:52:13Z,bitcoin-up-or-down-march-6-3pm-et,Up,SELL,42,0.5,0.44,0.45,0.01,0.445,0.4457528958,0.6548043317,3803.3,2005,100,0.01,0,456.603027,0.4915996874,44,PASSIVE,,TRADE,,0.055,0.055,0.015,-0.015,,10.85400393,REDUCE
0xb50db2e09e21065799dff5cc7f20c64ea71c808db8ba7e52a05985f571a609e9,2026-03-06T20:52:19Z,bitcoin-up-or-down-march-6-3pm-et,Up,BUY,15.75319,0.54,0.44,0.45,0.01,0.445,0.4457528958,0.6548043317,3803.3,2005,100,0.01,0,414.603027,0.4915996874,6,CROSS,,TRADE,,-0.095,-0.095,-0.075,0.08,16,,OPEN
0x1a1ee6f71d203193c42f92f271c3f33502fa8d926e7a868721f8d42679887f5b,2026-03-06T20:52:23Z,solana-up-or-down-march-6-3pm-et,Down,SELL,21.38,0.83,0.89,0.9,0.01,0.895,0.8918262305,0.2149813039,528.94,1931.46,61.9047619048,0.0102380952,0.0052716673,407.980786,0.7670326637,72,CROSS,,TRADE,,-0.065,-0.065,-0.0135,0.0365,,1.4307736333,REDUCE
0xb0f41cfb990283a9c2a7049f9ec85bfba5338cf29f4cde6161ba37045f476636,2026-03-06T20:52:25Z,solana-up-or-down-march-6-3pm-et,Up,SELL,2.04,0.16,0.1,0.11,0.01,0.105,0.1083188286,0.7934150914,2031.46,528.94,72.7272727273,0.0101363636,0.0047438728,405.685186,0.3568494754,52,PASSIVE,,TRADE,,0.055,0.0525,0.0065,0.0085,,-0.6732,REDUCE
0x7a18f58c3ffe67c24bc0652f0d89eb2858d32f17f4b1c879de60060b3c511dff,2026-03-06T20:52:27Z,solana-up-or-down-march-6-3pm-et,Up,SELL,8,0.16,0.1,0.11,0.01,0.105,0.1083188286,0.7934150914,2031.46,528.94,73.9130434783,0.0101304348,0.0046348909,403.645186,0.3568494754,2,PASSIVE,,TRADE,,0.055,0.0525,0.0065,0.016,,-2.64,REDUCE
0x9dd98755316ec57b63eae16d4d12bb947ebce073c85ebae199eeeab839ac033b,2026-03-06T20:52:35Z,bitcoin-up-or-down-march-6-3pm-et,Up,SELL,42,0.43,0.46,0.47,0.01,0.465,0.4691111111,0.635445234,3897.3,2235.88,100,0.01,0,430.356217,0.4933713809,16,CROSS,,TRADE,,-0.035,-0.035,-0.045,-0.075,,8.81667226,REDUCE
0x24acc488e6cf39cfdef228974e23ccc7952d0eeb95a8ac7dcf783720f77fea4e,2026-03-06T20:52:35Z,bitcoin-up-or-down-march-6-3pm-et,Up,SELL,0.53,0.45,0.46,0.47,0.01,0.465,0.4691111111,0.635445234,3897.3,2235.88,100,0.01,0,388.356217,0.4933713809,0,CROSS,,TRADE,,-0.015,-0.015,-0.025,-0.055,,-0.0371,REDUCE
0xa7876196d7442ebc469da5c86ab78417c907271a15f8312efbf1f22ecedf17bb,2026-03-06T20:52:47Z,bitcoin-up-or-down-march-6-3pm-et,Up,BUY,29.53275,0.48,0.46,0.47,0.01,0.465,0.4691111111,0.635445234,3897.3,2235.88,100,0.01,0,387.826217,0.4933713809,12,CROSS,,TRADE,,-0.015,-0.015,0.115,-0.035,32,,OPEN
0x8507f6ee7257a56ea1d832b4178d901dcc59b396e8a8bf70987953ff6f6e98f4,2026-03-06T20:52:49Z,solana-up-or-down-march-6-3pm-et,Down,SELL,4.988371,0.859999988,0.837,0.85,0.013,0.8435,0.840919795,0.2257975705,606.91,2080.94,80,0.0099,0.0049619606,386.600786,0.7670326637,26,PASSIVE,,TRADE,,0.016499988,0.014999988,0.073499988,-0.045500012,,0.5487207501,REDUCE
0x6022468b3e554f37ef269a3c567fe5b3d4baf9f9dcc012d001d42c2789ad1c2d,2026-03-06T20:52:55Z,solana-up-or-down-march-6-3pm-et,Down,SELL,30.99,0.85,0.84,0.85,0.01,0.845,0.8444130627,0.2392112494,592,1882.8,80.9523809524,0.0085238095,0.0041906926,381.612415,0.7670326637,6,PASSIVE,,TRADE,,0.005,0.005,-0.006,-0.0695,,-0.30000633,REDUCE
0x6bc51f91392370903406a9d31afb72dacbf14f484f5baa155d7231aa8bf22d5a,2026-03-06T20:53:13Z,solana-up-or-down-march-6-3pm-et,Up,SELL,25,0.16,0.15,0.152,0.002,0.151,0.1512485441,0.8287306868,1596.79,330,9.0909090909,0.0089090909,0.0039024912,395.645186,0.3568494754,46,PASSIVE,,TRADE,,0.0085,0.0085,0.065,0.0175,,-8.02795913,REDUCE
0xcd8b2284b335b18cb6245cf306709527e82b5f99069af914bbf3feb9d88708e4,2026-03-06T20:53:13Z,solana-up-or-down-march-6-3pm-et,Down,BUY,6.30428,0.85,0.848,0.85,0.002,0.849,0.8487514559,0.1712693132,330,1596.79,17.3913043478,0.0077391304,0.0038283321,350.622415,0.7670326637,18,CROSS,,TRADE,,-0.0015,-0.0015,0.0555,-0.025,60,,OPEN
0x642cc0fedd2895d9fb7b1c72bbedf415e1eb8bd73b8fa4a50efa3cf65b2694d9,2026-03-06T20:53:15Z,bitcoin-up-or-down-march-6-3pm-et,Down,SELL,5,0.53,0.46,0.47,0.01,0.465,0.4677798028,0.3938595104,2241.1,3449,85,0.0115,0.0036634755,226.560118,0.5633993244,184,PASSIVE,,TRADE,,0.065,0.045,-0.025,0.025,,-0.2,REDUCE
0xfda3cb6ab513f8a2d56b5dbc12bde1f2af5a114ccd3e0ef06a1efce6c7a6f43c,2026-03-06T20:53:15Z,bitcoin-up-or-down-march-6-3pm-et,Up,BUY,9.84488,0.53,0.53,0.54,0.01,0.535,0.532285344,0.6098283322,3449,2206.69,96,0.0104,0.002,417.358967,0.4924252082,28,PASSIVE,,TRADE,,0.005,-0.02,-0.085,-0.025,4,,OPEN
0x75d521416b79d8e7e27416d58ee85c22b8f670bb0fad8c34ae58bda8e4f4b981,2026-03-06T20:53:17Z,bitcoin-up-or-down-march-6-3pm-et,Up,BUY,4.083332,0.5200000882,0.53,0.54,0.01,0.535,0.532285344,0.6098283322,3449,2206.69,96.1538461538,0.0103846154,0.0019611614,427.203847,0.4932911164,2,PASSIVE,,TRADE,,0.0149999118,-0.0100000882,-0.0750000882,-0.0150000882,2,,OPEN
0x0cd32bee011ada47bb23000abc3de92e94c4356464fe0a1aae07a23d521d1ce9,2026-03-06T20:53:19Z,bitcoin-up-or-down-march-6-3pm-et,Up,SELL,18,0.59,0.53,0.54,0.01,0.535,0.532285344,0.6098283322,3449,2206.69,96.2962962963,0.0103703704,0.0019245009,431.287179,0.4935439911,2,PASSIVE,,TRADE,,0.055,0.08,0.135,0.085,,1.26,REDUCE
0x4db092c10fb092150dcdf145701adc253fbfae9cd6a8f47fdb4ed7b8c535dfcb,2026-03-06T20:53:19Z,bitcoin-up-or-down-march-6-3pm-et,Up,BUY,9.84686,0.55,0.53,0.54,0.01,0.535,0.532285344,0.6098283322,3449,2206.69,96.4285714286,0.0103571429,0.0018898224,413.287179,0.4935439911,0,CROSS,,TRADE,,-0.015,-0.04,-0.095,-0.045,8,,OPEN
0x19c1041c9fdb41e3628b8e1039ad9a33c23b8f1dfc9fbf6cb324a153aa1c87d9,2026-03-06T20:53:25Z,solana-up-or-down-march-6-3pm-et,Up,BUY,35.14451,0.217,0.09,0.1,0.01,0.095,0.0982363162,0.765250453,1592.05,488.38,75,0.0083,0.0042932015,370.645186,0.3568494754,12,CROSS,,TRADE,,-0.122,-0.122,-0.1365,-0.032,2,,OPEN
0xff9e518e90caab6b9e8bbd1ff2eeb186e8ec12b10f2bedaa5964d36acf788f74,2026-03-06T20:53:25Z,solana-up-or-down-march-6-3pm-et,Up,BUY,43.279829,0.2169999823,0.09,0.1,0.01,0.095,0.0982363162,0.765250453,1592.05,488.38,76.1904761905,0.0083809524,0.0042009069,405.789696,0.3447374348,0,CROSS,,TRADE,,-0.1219999823,-0.1219999823,-0.1364999823,-0.0319999823,2,,OPEN
0xc7cc21ed5472e5a731d1c29dc7b2805313a9afe7d087f5fe66c078189df2e048,2026-03-06T20:53:27Z,bitcoin-up-or-down-march-6-3pm-et,Up,SELL,7,0.64,0.45,0.46,0.01,0.455,0.4563399862,0.5725345197,3352.39,2502.96,92.3076923077,0.0107692308,0.0027174649,423.134039,0.4948577933,8,PASSIVE,,TRADE,,0.185,0.185,0.205,0.135,,0.84,REDUCE
0xceaab0eeb6313ef13c2be406d4da07db77c201ee11707fd5b04a522e9c860e53,2026-03-06T20:53:27Z,bitcoin-up-or-down-march-6-3pm-et,Up,BUY,18,0.61,0.45,0.46,0.01,0.455,0.4563399862,0.5725345197,3352.39,2502.96,92.5925925926,0.0107407407,0.0026688026,416.134039,0.4948577933,0,CROSS,,TRADE,,-0.155,-0.165,-0.175,-0.105,12,,OPEN
0xe53c2f1a7f20b61a279bd787556ccecbf16d4ddbaa790b65e50f3c35ea0340c5,2026-03-06T20:53:27Z,solana-up-or-down-march-6-3pm-et,Up,SELL,8,0.23,0.09,0.1,0.01,0.095,0.0982363162,0.7581594806,1531.05,488.38,77.2727272727,0.0084545455,0.0041141715,449.069525,0.3324265235,2,PASSIVE,,TRADE,,0.135,0.135,0.14,-0.005,,-2.62449044,REDUCE
0xa023e62a6a8eb8d406d21465a76cb9fa73917ed5945724fbf65060f643ee7df4,2026-03-06T20:53:29Z,bitcoin-up-or-down-march-6-3pm-et,Up,BUY,18,0.59,0.45,0.46,0.01,0.455,0.4562926147,0.5721691865,3347.39,2502.96,92.8571428571,0.0107142857,0.0026226526,434.134039,0.4996318021,2,CROSS,,TRADE,,-0.135,-0.145,-0.155,-0.095,10,,OPEN
0x3c20d52d078785d6ecafccb7d45cde7a2ff4c90f780cf1041dd0e4721721766e,2026-03-06T20:53:33Z,solana-up-or-down-march-6-3pm-et,Up,SELL,38.23,0.15,0.09,0.1,0.01,0.095,0.0982363162,0.7581594806,1531.05,488.38,78.2608695652,0.0085217391,0.0040324769,441.069525,0.3324265235,6,PASSIVE,,TRADE,,0.055,0.055,0.055,-0.0405,,-17.22456574,REDUCE
0x5d2333f744d1fdc061a5fd541331be05cfc2c9154bd2ab43074d433e04b0e4f9,2026-03-06T20:53:39Z,bitcoin-up-or-down-march-6-3pm-et,Up,SELL,50,0.46,0.4,0.41,0.01,0.405,0.4088462651,0.6239376617,2296.44,1384.12,92.8571428571,0.0107142857,0.0026226526,452.134039,0.5032294687,10,PASSIVE,,TRADE,,0.055,0.055,0.025,-0.08,,-0.86676636,REDUCE
0xc4e5337e655510935b79d42e16b3a0697ad3b41581bc9e7ba523bdf8fa9bae07,2026-03-06T20:53:43Z,bitcoin-up-or-down-march-6-3pm-et,Down,BUY,0.02,0.54,0.59,0.6,0.01,0.595,0.5910496032,0.3776578626,1408.12,2320.44,86.3636363636,0.0113636364,0.0035125009,221.560118,0.5633993244,28,PASSIVE,,TRADE,,0.055,0.055,-0.025,-0.085,146,,OPEN
0x31829bfae379d3e6bce8b653d81244be19ff19084a169c51aeb0c927d7e3c607,2026-03-06T20:53:43Z,bitcoin-up-or-down-march-6-3pm-et,Down,BUY,2.391303,0.5400001589,0.59,0.6,0.01,0.595,0.5910496032,0.3776578626,1408.12,2320.44,86.9565217391,0.0113043478,0.0034435022,221.580118,0.5633972123,0,PASSIVE,,TRADE,,0.0549998411,0.0549998411,-0.0350001589,-0.0850001589,146,,OPEN
0x864f4454746fb59612ccdfa7bb78d751492c2d5e009ae77963d836b370a8f256,2026-03-06T20:53:45Z,bitcoin-up-or-down-march-6-3pm-et,Down,BUY,15.58,0.54,0.59,0.6,0.01,0.595,0.5910496032,0.3776578626,1408.12,2320.44,87.5,0.01125,0.0033783196,223.971421,0.5631474061,2,PASSIVE,,TRADE,,0.055,0.055,-0.045,-0.095,144,,OPEN
0x4926f0a6708d9681f4ffc489541a5006dbf45300a5805b1e6ac48f6a981bfb66,2026-03-06T20:53:51Z,bitcoin-up-or-down-march-6-3pm-et,Up,SELL,12.35,0.45,0.4,0.41,0.01,0.405,0.4088462651,0.6239376617,2296.44,1384.12,93.1034482759,0.0106896552,0.0025788071,402.134039,0.5032294687,12,PASSIVE,,TRADE,,0.045,0.025,-0.045,-0.13,,-0.58771776,REDUCE
0xf34bafc73ce65aa437c0b67674e84e7439a299e774e5a3a28d30e80b18b1feaa,2026-03-06T20:53:53Z,bitcoin-up-or-down-march-6-3pm-et,Up,SELL,5.65,0.45,0.4,0.41,0.01,0.405,0.4088462651,0.6239376617,2296.44,1384.12,93.3333333333,0.0106666667,0.0025370813,389.784039,0.5032294687,2,PASSIVE,,TRADE,,0.045,0.025,-0.06,-0.105,,-0.339,REDUCE
0xa560b8ca0a6a6b78f09b6a987998ea8b6a9261ef5fcb142af9edbb91c8bfaacc,2026-03-06T20:53:55Z,bitcoin-up-or-down-march-6-3pm-et,Up,SELL,3.79,0.46,0.48,0.49,0.01,0.485,0.4822222222,0.6064867144,2704.3,1754.66,93.5483870968,0.0106451613,0.0024973104,384.134039,0.5032294687,2,CROSS,,TRADE,,-0.025,-0.025,-0.05,-0.095,,-0.1895,REDUCE
0xb8772312fff16c7b1d65eb303aeb4f2c06c83752c8d552a9a61de8c6a5bcedd5,2026-03-06T20:53:55Z,bitcoin-up-or-down-march-6-3pm-et,Up,SELL,4.347825,0.459999885,0.48,0.49,0.01,0.485,0.4822222222,0.6064867144,2704.3,1754.66,93.75,0.010625,0.0024593469,380.344039,0.5032294687,0,CROSS,,TRADE,,-0.025000115,-0.025000115,-0.050000115,-0.095000115,,-0.21265462,REDUCE
0x268d8bd67cf0d0ed402d702741803294941221f2ba4bdf3600f6da1223b6ff36,2026-03-06T20:54:05Z,bitcoin-up-or-down-march-6-3pm-et,Down,BUY,18,0.59,0.51,0.52,0.01,0.515,0.5177777778,0.5398149392,2450.83,2089.3,84,0.0116,0.0037416574,239.551421,0.5616419399,20,CROSS,,TRADE,,-0.075,-0.095,-0.095,-0.225,124,,OPEN
0xdfda213408631729af77e0c82d00f97dd58a727b2f01b041ac4b592a573402cf,2026-03-06T20:54:13Z,solana-up-or-down-march-6-3pm-et,Down,SELL,7.18,0.9,0.809,0.81,0.001,0.8095,0.8096295247,0.2747562563,536,1414.82,23.8095238095,0.0075238095,0.0053816266,356.926695,0.7684980888,60,PASSIVE,,TRADE,,0.0905,0.0905,0.074,0.0305,,0.1436,REDUCE
0xd0c1c553171e8b9cec411f6084aa3a7134e5b35b3cd4dc13857f3518b95aed49,2026-03-06T20:54:13Z,solana-up-or-down-march-6-3pm-et,Down,SELL,0.68,0.91,0.809,0.81,0.001,0.8095,0.8096295247,0.2747562563,536,1414.82,27.2727272727,0.0072272727,0.0054329841,349.746695,0.7684980888,0,PASSIVE,,TRADE,,0.1005,0.1005,0.084,0.0405,,0.0204,REDUCE
0xbfb25293a735f86c8118fe65fe8b6d21fad32d8acc634c3686d6ea5ec1f44375,2026-03-06T20:54:21Z,bitcoin-up-or-down-march-6-3pm-et,Up,BUY,8,0.51,0.5,0.51,0.01,0.505,0.5002003207,0.4372186892,2079.74,2677.01,93.1034482759,0.0106896552,0.0025788071,375.996214,0.5032294687,26,CROSS,,TRADE,,-0.005,-0.005,0.07,0.06,30,,OPEN
0x23cc28e4ccc2ec802d898bf05be2ec4a19e33b70304b151eb17284723d808593,2026-03-06T20:54:43Z,bitcoin-up-or-down-march-6-3pm-et,Up,BUY,18,0.51,0.59,0.6,0.01,0.595,0.5953468735,0.4328844009,2104,2756.42,92.5925925926,0.0107407407,0.0026688026,383.996214,0.5033705229,22,PASSIVE,,TRADE,,0.07,0.045,0.105,-0.055,8,,OPEN
0x965643624ee8140cc96a4f23bbc1ee8a4037b0e30ccf7b5c5acb3d4f64a0ae53,2026-03-06T20:54:43Z,solana-up-or-down-march-6-3pm-et,Up,SELL,77,0.16,0.21,0.213,0.003,0.2115,0.2112743745,0.6846425094,1469.77,677,42.8571428571,0.0059047619,0.0039611206,402.839525,0.3324265235,70,CROSS,,TRADE,,-0.0515,-0.045,0.0295,0.099,,-33.31600139,REDUCE
0xa0299ff816e4b3c2cebe0fde2ee5542baf06d5712df59afb7bf9a992dea73440,2026-03-06T20:54:47Z,bitcoin-up-or-down-march-6-3pm-et,Up,BUY,18,0.55,0.64,0.66,0.02,0.65,0.6432214765,0.407238789,1789,2604,96,0.0128,0.0054160256,401.996214,0.5036673679,4,PASSIVE,,TRADE,,0.1,0.085,-0.015,-0.095,4,,OPEN
0xf9ed66fa9c8aa4877448ea14ea5687e2b26ebb78feb0c153ff8c7b4dd80f966b,2026-03-06T20:54:49Z,solana-up-or-down-march-6-3pm-et,Up,BUY,6.060972,0.1800000066,0.137,0.148,0.011,0.1425,0.1425,0.7583278903,1161,370,95.4545454545,0.0069090909,0.0054415429,325.839525,0.3324265235,6,CROSS,,TRADE,,-0.0375000066,-0.0375000066,-0.0715000066,-0.1190000066,,,OPEN
0x70c0395f2d745390895e7da36c1dda8411b3d25ec1f060160d6f9563128436b5,2026-03-06T20:54:51Z,bitcoin-up-or-down-march-6-3pm-et,Up,SELL,18,0.62,0.64,0.66,0.02,0.65,0.6593956563,0.3686174391,1877,3215,96.1538461538,0.0130769231,0.0054912518,419.996214,0.50565307,4,CROSS,,TRADE,,-0.03,-0.015,0.05,0.165,,2.17421139,REDUCE
0xc25776c71e671b62d79f576eb21acd892902edf48841051dd126c904a392f437,2026-03-06T20:54:51Z,bitcoin-up-or-down-march-6-3pm-et,Up,BUY,29.568,0.6,0.64,0.66,0.02,0.65,0.6593956563,0.3686174391,1877,3215,96.2962962963,0.0133333333,0.005547002,401.996214,0.50565307,0,PASSIVE,,TRADE,,0.05,0.035,-0.03,-0.135,24,,OPEN
0x3f05ce5ad40a26dd24540df26e18303b54f24802d5b93afd0444f213d5838e6f,2026-03-06T20:54:53Z,bitcoin-up-or-down-march-6-3pm-et,Up,BUY,14.09,0.59,0.64,0.66,0.02,0.65,0.6593956563,0.3686174391,1877,3215,96.4285714286,0.0135714286,0.0055872114,431.564214,0.5121171139,2,PASSIVE,,TRADE,,0.045,0.045,0.025,-0.125,22,,OPEN
0x6417db67310637b131dba334ad44ef8df244d64f4cbe9a55988ad8bc3360ff6e,2026-03-06T20:55:05Z,solana-up-or-down-march-6-3pm-et,Up,BUY,3.65821,0.19,0.05,0.057,0.007,0.0535,0.0539827586,0.8692819571,2493.77,375,43.4782608696,0.0075217391,0.0053924995,331.900497,0.3296429999,16,CROSS,,TRADE,,-0.126,-0.126,-0.1475,-0.1285,,,OPEN
0xf3ed0d7c9b688fad7324b2e1aa844358f0a40f4938eab678c8e8b6f33544af54,2026-03-06T20:55:05Z,bitcoin-up-or-down-march-6-3pm-et,Up,BUY,2,0.56,0.56,0.58,0.02,0.57,0.5604534005,0.5401751686,1878,1598.65,92.5925925926,0.0151851852,0.0064273277,445.654214,0.5145794936,12,PASSIVE,,TRADE,,0.005,0,-0.045,-0.075,10,,OPEN
0x2820db9ab9a666ff9b782a489de9bb5702d2c4a8729c013f0eb2c7debf35dbbb,2026-03-06T20:55:07Z,bitcoin-up-or-down-march-6-3pm-et,Up,BUY,10,0.6,0.56,0.58,0.02,0.57,0.5604534005,0.5401751686,1878,1598.65,92.8571428571,0.0153571429,0.0063724772,447.654214,0.5147824203,2,CROSS,,TRADE,,-0.035,-0.04,-0.115,-0.105,8,,OPEN
0x727aae322abe4ce8d5909e26318c1149364378d7ed219b2743e4d1bd3b85db59,2026-03-06T20:55:09Z,bitcoin-up-or-down-march-6-3pm-et,Up,BUY,5,0.6,0.56,0.58,0.02,0.57,0.5604534005,0.5401751686,1878,1598.65,93.1034482759,0.0155172414,0.0063167617,457.654214,0.516644472,2,CROSS,,TRADE,,-0.035,-0.055,-0.115,-0.105,6,,OPEN
0x7435574f5a105801588f9ecf4042f298359968b32139eee19ed1e79c3adbcf3c,2026-03-06T20:55:09Z,ethereum-up-or-down-march-6-3pm-et,Up,BUY,44.73355,0.19,0.04,0.06,0.02,0.05,0.0502459431,0.4807501603,3456.56,3733.37,100,0.0114285714,0.0035856858,441.039377,0.2417357645,294,CROSS,,TRADE,,-0.145,-0.145,-0.155,-0.145,,,OPEN
0x7bfcc602cad8c176fb576559a9edf5428812d18c29f58d6da87f7b882942a6f9,2026-03-06T20:55:15Z,ethereum-up-or-down-march-6-3pm-et,Down,SELL,1.435293,0.8499999652,0.94,0.96,0.02,0.95,0.9496383087,0.5212242408,3742.88,3438.06,100,0.010952381,0.003007926,374.030115,0.7952308626,244,CROSS,,TRADE,,-0.1050000348,-0.1050000348,-0.1150000348,-0.1150000348,,-0.0251224199,REDUCE
0xe62a55039bc54da4512e586adb5e4543b79bdb5f55aafb87bbec2826441477b4,2026-03-06T20:55:15Z,bitcoin-up-or-down-march-6-3pm-et,Up,BUY,16.756096,0.5900000215,0.54,0.58,0.04,0.56,0.5602032045,0.6857638761,3717.91,1703.65,100,0.0163333333,0.007648905,462.654214,0.5175453125,6,CROSS,,TRADE,,-0.0300000215,-0.0450000215,-0.1350000215,-0.1150000215,10,,OPEN
0x4df024f087c3020a44c0a890163e381eba7999009c078615b33ebcf94a238370,2026-03-06T20:55:15Z,ethereum-up-or-down-march-6-3pm-et,Down,SELL,25,0.86,0.95,0.96,0.01,0.955,0.9501061823,0.5079065135,3569.44,3458.31,90.9090909091,0.0109090909,0.0029424494,372.594822,0.7952308626,0,CROSS,,TRADE,,-0.095,-0.095,-0.105,-0.105,,-0.49056472,REDUCE
0x413d9db4a453dbaf72b8b0f7977dd05cd224c69cff232528c66d4a3a733ea889,2026-03-06T20:55:15Z,bitcoin-up-or-down-march-6-3pm-et,Up,SELL,0.11,0.63,0.55,0.58,0.03,0.565,0.5630104164,0.6581026031,3416.77,1775.08,96.7741935484,0.0167741935,0.007910793,479.41031,0.5200777112,0,PASSIVE,,TRADE,,0.085,0.085,0.175,0.155,,0.0176,REDUCE
0x3de7cb1eb9070df206ffe76d69b7add86b347e7ba2d0f2308dafe6c0dbddab48,2026-03-06T20:55:25Z,ethereum-up-or-down-march-6-3pm-et,Down,BUY,6.375,0.84,0.96,0.97,0.01,0.965,0.9631959663,0.5932189056,3998.42,2741.79,86.3636363636,0.0113636364,0.0035125009,347.594822,0.7952308626,10,PASSIVE,,TRADE,,0.125,0.125,0.125,0.135,,,OPEN
0x6e8438fa77846852a0dd12ecdaba63b841b39bf1919336947cc6fa51219177a1,2026-03-06T20:55:25Z,bitcoin-up-or-down-march-6-3pm-et,Up,SELL,18,0.58,0.45,0.46,0.01,0.455,0.4599150689,0.7005759038,3664.04,1566,46.6666666667,0.017,0.0079437679,479.30031,0.5200777112,10,PASSIVE,,TRADE,,0.125,0.125,0.115,0.2,,1.98,REDUCE
0x665c30abaf9d6adaac40ed0ffe6cd74a05fc56655472bd67d6745b971ccaf3af,2026-03-06T20:55:27Z,bitcoin-up-or-down-march-6-3pm-et,Up,SELL,0.079364,0.6299959679,0.45,0.46,0.01,0.455,0.4599150689,0.7005759038,3664.04,1566,48.3870967742,0.0167741935,0.007910793,461.30031,0.5200777112,2,PASSIVE,,TRADE,,0.1749959679,0.1749959679,0.1649959679,0.2249959679,,0.01269792,REDUCE
0xcb7b952bf68c5a8d58dd2088e71de182a0f464977d5bbaf6adbed803ba143613,2026-03-06T20:55:27Z,bitcoin-up-or-down-march-6-3pm-et,Up,SELL,5.158729,0.6299999477,0.45,0.46,0.01,0.455,0.4599150689,0.7005759038,3664.04,1566,50,0.0165625,0.0078737518,461.220946,0.5200777112,0,PASSIVE,,TRADE,,0.1749999477,0.1749999477,0.1649999477,0.2249999477,,0.8253963702,REDUCE
0x4f7a2aeca98b6048e0d2bc21bdda4897dfac35984d963f56008b7b68438fd353,2026-03-06T20:55:29Z,bitcoin-up-or-down-march-6-3pm-et,Up,SELL,74.87,0.5146574062,0.45,0.46,0.01,0.455,0.4599157842,0.7046976828,3737.04,1566,51.5151515152,0.0163636364,0.0078334945,456.062217,0.5200777112,2,PASSIVE,,TRADE,,0.0596574062,0.0596574062,0.0496574062,0.1096574062,,0.5304441424,REDUCE
0xbd01606d5865a5b59b6a3775240ecdc72426f8238cb9277821bcc639481fb857,2026-03-06T20:55:31Z,ethereum-up-or-down-march-6-3pm-et,Down,BUY,99.97883,0.97,0.96,0.97,0.01,0.965,0.9633581253,0.5699998281,3646.42,2750.81,86.9565217391,0.0113043478,0.0034435022,353.969822,0.7960371552,6,CROSS,,TRADE,,-0.005,-0.005,-0.005,-0.005,,,OPEN
0x0fc53d286b9d8be18fd68ac9ea8851b1509b290f950e7ff8e7b4294a12ef27f9,2026-03-06T20:55:31Z,solana-up-or-down-march-6-3pm-et,Down,BUY,14.285713,0.9300000637,0.939,0.94,0.001,0.9395,0.9391345029,0.2663844472,612.9,1687.91,40,0.00595,0.0044185613,349.066695,0.7684980888,78,PASSIVE,,TRADE,,0.0094999363,0.0089999363,0.0084999363,0.0149999363,44,,OPEN
0x23add65464ec5bfd1cc85d407bdff47a99e61f097728f52b98b5a1feb8e917a3,2026-03-06T20:55:33Z,bitcoin-up-or-down-march-6-3pm-et,Up,BUY,18,0.55,0.45,0.46,0.01,0.455,0.4599153976,0.7016914788,3737.7,1589,52.9411764706,0.0161764706,0.0077907116,381.192217,0.5200777112,4,CROSS,,TRADE,,-0.095,-0.095,-0.09,-0.085,10,,OPEN
0xa63c9e5e23dc706ed7bb668c9677d790215deabdf9de83aa390a59482a8da64f,2026-03-06T20:55:35Z,bitcoin-up-or-down-march-6-3pm-et,Up,BUY,18,0.56,0.45,0.46,0.01,0.455,0.4599153976,0.7016914788,3737.7,1589,54.2857142857,0.016,0.0077459667,399.192217,0.5214269389,2,CROSS,,TRADE,,-0.105,-0.105,-0.075,-0.115,8,,OPEN
0x1dec3fbfd803572251641b58b0e37cc555a0d5442cd1bd406ef558470d078b7d,2026-03-06T20:55:39Z,bitcoin-up-or-down-march-6-3pm-et,Up,BUY,18,0.52,0.45,0.46,0.01,0.455,0.4599153976,0.7016914788,3737.7,1589,55.5555555556,0.0158333333,0.0076997217,417.192217,0.523091196,4,CROSS,,TRADE,,-0.065,-0.065,-0.025,-0.055,4,,OPEN
0xae89153689da6ed07ca5be6f20ee1d3e08b30c5c6153a3a7f9badbbc3544d2a9,2026-03-06T20:55:41Z,bitcoin-up-or-down-march-6-3pm-et,Up,BUY,18,0.51,0.45,0.46,0.01,0.455,0.4599153976,0.7016914788,3737.7,1589,56.7567567568,0.0156756757,0.0076523564,435.192217,0.5229633409,2,CROSS,,TRADE,,-0.055,-0.045,-0.015,-0.045,2,,OPEN
0xa8f480b4e0c35323ae331ade52b684c7bcd27a020c592b72717836a20c4862fe,2026-03-06T20:55:43Z,bitcoin-up-or-down-march-6-3pm-et,Up,SELL,18,0.49,0.45,0.46,0.01,0.455,0.4594366197,0.4653542775,1446,1661.31,64.8648648649,0.0145945946,0.0073009111,453.192217,0.5224484598,2,PASSIVE,,TRADE,,0.035,0.035,-0.005,0.035,,0,REDUCE
0x75a6767afd821db312e22271a5294dc63c3cd29ac2a77e79bd54f9b1bd323705,2026-03-06T20:55:43Z,bitcoin-up-or-down-march-6-3pm-et,Down,BUY,12.596665,0.5200000159,0.54,0.55,0.01,0.545,0.5405633803,0.5346457225,1661.31,1446,70,0.015,0.0088852332,257.551421,0.5636238551,98,PASSIVE,,TRADE,,0.0249999841,0.0249999841,-0.0150000159,0.0249999841,26,,OPEN
0xd96af5dfcda859b9a76137024b5db92c61e2238ffb9d324df127e0f5d15f9083,2026-03-06T20:55:57Z,bitcoin-up-or-down-march-6-3pm-et,Up,SELL,18,0.46,0.45,0.46,0.01,0.455,0.4561387993,0.5750784255,2286,1689.11,65.7894736842,0.0144736842,0.007240042,435.192217,0.5224484598,14,PASSIVE,,TRADE,,0.005,-0.035,0.055,-0.005,,-0.77116888,REDUCE
0x5a61a88146bc2804bc0c09f91e36e6ef3764389770fedcb2f7ba06a76439cff3,2026-03-06T20:56:05Z,bitcoin-up-or-down-march-6-3pm-et,Up,SELL,40,0.44,0.46,0.47,0.01,0.465,0.4698043478,0.7373677266,2850,1015.1,76.4705882353,0.0132352941,0.0068404272,417.192217,0.5224484598,8,CROSS,,TRADE,,-0.025,-0.025,-0.025,-0.015,,-3.7919917682,REDUCE
0xe0a37f9fbb97d81b7faa1f30b031ace7391bbd3142fb84c2f464f7d4e49e9340,2026-03-06T20:56:09Z,bitcoin-up-or-down-march-6-3pm-et,Down,SELL,58,0.5013793103,0.53,0.54,0.01,0.535,0.5301956522,0.2626322734,1015.1,2850,75,0.0135,0.0074515982,270.148086,0.5615897304,26,CROSS,,TRADE,,-0.0336206897,-0.0336206897,-0.0336206897,-0.0036206897,,-4.7794747426,REDUCE
0x955d96ab55cdc8e58c82284aa23540812ae33ae54e35c73b2c85e7c065d35098,2026-03-06T20:56:11Z,solana-up-or-down-march-6-3pm-et,Down,BUY,43.408527,0.9199999991,0.92,0.93,0.01,0.925,0.9215151515,0.4750789472,1048.58,1158.59,90,0.0055,0.0053851648,363.352408,0.774847767,40,PASSIVE,,TRADE,,0.0050000009,0.0050000009,0.0250000009,0.0250000009,4,,OPEN
0x11bdf42d78c74865147a63389efe235c61c419ceef78c58a2f47df42afc2832e,2026-03-06T20:56:11Z,bitcoin-up-or-down-march-6-3pm-et,Up,SELL,30,0.5,0.46,0.47,0.01,0.465,0.4698043478,0.7395445895,2899,1020.98,77.1428571429,0.0131428571,0.006761234,377.192217,0.5224484598,6,PASSIVE,,TRADE,,0.035,0.055,0.045,-0.155,,-0.9131020923,REDUCE
0x167e3708918b1b53d4e2f1e861773899c1694bbcddbadd248f66cbc8f0a95709,2026-03-06T20:56:13Z,solana-up-or-down-march-6-3pm-et,Down,BUY,32.48595,0.92,0.93,0.95,0.02,0.94,0.9466527197,0.4997331378,1226.57,1227.88,100,0.0067272727,0.0066632026,406.760935,0.7903380563,2,PASSIVE,,TRADE,,0.0155,0.0155,0.0255,0.025,2,,OPEN
0xf417aef60f5834d837f1df79180b187448f7f7d35e7bc6ee37ab4b91af844f12,2026-03-06T20:56:15Z,solana-up-or-down-march-6-3pm-et,Down,SELL,0.301074,0.9299972764,0.93,0.95,0.02,0.94,0.9466527197,0.4997331378,1226.57,1227.88,100,0.0073043478,0.0070738621,439.246885,0.7999276324,2,CROSS,,TRADE,,-0.0055027236,-0.0055027236,-0.0155027236,-0.0095027236,,0.01505288,REDUCE
0x0f8d6cc86da6e660b48ee8400e3edcd18ed4df7721b94db92d8d68f29f70c507,2026-03-06T20:56:25Z,bitcoin-up-or-down-march-6-3pm-et,Down,BUY,26.59019,0.56,0.55,0.56,0.01,0.555,0.5506900878,0.4546815326,1889.37,2266,86.3636363636,0.0113636364,0.0035125009,212.148086,0.5615897304,16,CROSS,,TRADE,,-0.005,-0.025,-0.025,-0.315,6,,OPEN
0x668695079ae48bd8f7a58384e9daf5cf8b61064bce2e9b51b6ada705306f4ef6,2026-03-06T20:56:27Z,bitcoin-up-or-down-march-6-3pm-et,Down,BUY,18,0.56,0.55,0.56,0.01,0.555,0.5506900878,0.4546815326,1889.37,2266,86.9565217391,0.0113043478,0.0034435022,238.738276,0.5614126694,2,CROSS,,TRADE,,-0.005,-0.025,-0.025,-0.335,4,,OPEN
0x5fb5666659f2ec66a259bda2cd03bc934360ba98cb2e740fe375ac7d7d6b65cb,2026-03-06T20:56:29Z,ethereum-up-or-down-march-6-3pm-et,Down,BUY,7.99831,0.97,0.96,0.98,0.02,0.97,0.9721712176,0.6684103463,4110.61,2039.22,100,0.0118181818,0.0039477102,453.948652,0.8343511839,58,PASSIVE,,TRADE,,0.005,0,0.005,-0.045,,,OPEN
0xdc927eadeb623389e2354e8a567f632f0e43e3797e6e32d07cfb9b457156f8e4,2026-03-06T20:56:29Z,solana-up-or-down-march-6-3pm-et,Down,SELL,25,0.96,0.94,0.95,0.01,0.945,0.9484146341,0.4560510716,1000.12,1192.88,83.3333333333,0.0074166667,0.0069402209,438.945811,0.7999276324,14,PASSIVE,,TRADE,,0.0245,0.015,-0.0025,0.023,,2.216056951,REDUCE
0xdf97f7f149c4f64376ba500a1e8e3145537dddd08411abfe94079426bdc286a8,2026-03-06T20:56:29Z,bitcoin-up-or-down-march-6-3pm-et,Down,BUY,78.579032,0.5967391279,0.55,0.56,0.01,0.555,0.5500084012,0.3980543446,1809.77,2736.77,87.5,0.01125,0.0033783196,256.738276,0.5613136267,2,CROSS,,TRADE,,-0.0417391279,-0.0617391279,-0.0317391279,-0.3717391279,2,,OPEN
0xac7a134d01755203943875d6e22bdf6d3aad92f59d05e5eb530ac4597d074636,2026-03-06T20:56:31Z,bitcoin-up-or-down-march-6-3pm-et,Down,SELL,18,0.63,0.53,0.54,0.01,0.535,0.5367410714,0.482573005,2151.6,2307,95.652173913,0.0104347826,0.0020851441,335.317308,0.5696153204,2,PASSIVE,,TRADE,,0.095,0.095,0.105,0.405,,1.62,REDUCE
0x2e83f780a393f12f6a7f457def5c89f52fcde95a407f9202cb05797442d6a9ef,2026-03-06T20:56:33Z,bitcoin-up-or-down-march-6-3pm-et,Down,SELL,5,0.62,0.53,0.54,0.01,0.535,0.5367410714,0.482573005,2151.6,2307,95.8333333333,0.0104166667,0.0020412415,317.317308,0.5696153204,2,PASSIVE,,TRADE,,0.085,0.085,0.095,0.375,,0.4,REDUCE
0xf65764b9a4d69179a8d0fa1b6aaed31fdfe50a4b1e9402d17ba3e28850e1549a,2026-03-06T20:56:33Z,bitcoin-up-or-down-march-6-3pm-et,Down,BUY,18,0.59,0.53,0.54,0.01,0.535,0.5367410714,0.482573005,2151.6,2307,96,0.0104,0.002,312.317308,0.5696153204,0,CROSS,,TRADE,,-0.055,-0.055,-0.065,-0.345,4,,OPEN
0x2c6b3eac6f6e5f686918982c68f7c1b39d237db0d7a02f02c72f7b6a88c62661,2026-03-06T20:56:35Z,bitcoin-up-or-down-march-6-3pm-et,Down,BUY,0.01,0.59,0.53,0.54,0.01,0.535,0.5367410714,0.482573005,2151.6,2307,96.1538461538,0.0103846154,0.0019611614,330.317308,0.570726144,2,CROSS,,TRADE,,-0.055,-0.055,-0.045,-0.345,2,,OPEN
0x5d579f00eb64dd7f81c6a028d05c497e9fec0b7163a8195db64c8ab7c26236b0,2026-03-06T20:56:37Z,bitcoin-up-or-down-march-6-3pm-et,Down,SELL,42,0.54,0.53,0.54,0.01,0.535,0.5367410714,0.482573005,2151.6,2307,96.2962962963,0.0103703704,0.0019245009,330.327308,0.5707267274,2,PASSIVE,,TRADE,,0.005,0.005,0.035,0.315,,-1.09554466,REDUCE
0xb57c3af14f24aa1b0de10de116fd9cc4e02cdb9c67dddcdcd1db7cab56c1e4c1,2026-03-06T20:56:39Z,bitcoin-up-or-down-march-6-3pm-et,Up,BUY,18,0.45,0.46,0.47,0.01,0.465,0.4625980392,0.5155963965,2287,2148.64,95.4545454545,0.0104545455,0.0021320072,347.192217,0.5224484598,28,PASSIVE,,TRADE,,0.015,0.015,0.045,0.315,12,,OPEN
0x63e05cdbcbd98262e097d909e084513c2b4824ffe1811a73a2aa5d362e47c737,2026-03-06T20:56:47Z,bitcoin-up-or-down-march-6-3pm-et,Down,SELL,5,0.54,0.53,0.54,0.01,0.535,0.5367410714,0.482573005,2151.6,2307,96.4285714286,0.0103571429,0.0018898224,288.327308,0.5707267274,10,PASSIVE,,TRADE,,0.005,0.005,0.215,0.235,,-0.15,REDUCE
0x9f3e6f5e68808068b8ec803a047e05a1d5cfd7ef6ac5ddaa681742422c02be6c,2026-03-06T20:56:51Z,bitcoin-up-or-down-march-6-3pm-et,Up,SELL,18,0.47,0.49,0.5,0.01,0.495,0.4963259448,0.4980106742,2008.99,2025.04,95.4545454545,0.0104545455,0.0021320072,365.192217,0.5188775395,12,CROSS,,TRADE,,-0.025,-0.025,-0.295,-0.245,,-1.21919103,REDUCE
0x57be6c99da484e1d9859c4940c1ce740d7796e7d5c9725cd2e68a502a91855d1,2026-03-06T20:56:53Z,bitcoin-up-or-down-march-6-3pm-et,Down,SELL,5,0.52,0.5,0.51,0.01,0.505,0.5041411904,0.5204796215,2110.04,1943.99,93.1034482759,0.0110344828,0.0040925259,283.327308,0.5707267274,6,PASSIVE,,TRADE,,0.015,0.015,0.285,0.24,,-0.25,REDUCE
0xef5dbd1e9c2158e90f1bc29f466bbd6c43a15198cd99e680a6479808d8022acf,2026-03-06T20:56:59Z,bitcoin-up-or-down-march-6-3pm-et,Down,SELL,5,0.54,0.5,0.51,0.01,0.505,0.5041411904,0.5204796215,2110.04,1943.99,93.3333333333,0.011,0.004025779,278.327308,0.5707267274,6,PASSIVE,,TRADE,,0.035,0.035,0.315,0.23,,0.05266872,REDUCE
0x8111f3543e8b34cd3a86c1bca5d8a7e45ae0018c8d9295bf8ab801cce7f13572,2026-03-06T20:56:59Z,bitcoin-up-or-down-march-6-3pm-et,Down,SELL,9.84,0.54,0.5,0.51,0.01,0.505,0.5062845011,0.513603358,2129.04,2016.26,93.5483870968,0.0109677419,0.0039621869,273.327308,0.5707267274,0,PASSIVE,,TRADE,,0.035,0.2,0.315,0.23,,0.2952,REDUCE
0xe245906ef627bb24b2194fad4ff279bc5d18a786abdf4b74f62eb8d60c22fcb2,2026-03-06T21:00:11Z,xrp-up-or-down-march-6-4pm-et,Down,BUY,34.45488,0.48,0.47,0.48,0.01,0.475,0.4746331504,0.4574648422,1978.11,2345.96,,,,0,0,,CROSS,,TRADE,,-0.005,-0.005,-0.005,-0.005,204,,OPEN
0x6aa8fd7edbdb016c990223ed942c8867bc56139aca63bd8320c3c45836ac73d3,2026-03-06T21:00:11Z,xrp-up-or-down-march-6-4pm-et,Down,BUY,49.241762,0.4799999928,0.47,0.48,0.01,0.475,0.4746331504,0.4574648422,1978.11,2345.96,100,0.01,0,34.45488,0.48,0,PASSIVE,,TRADE,,-0.0049999928,-0.0049999928,-0.0049999928,-0.0049999928,204,,OPEN
0x601c824adf2d9f875e956a00db2fc71fdadd4847ce38ccce23d8934ab2770fec,2026-03-06T21:00:13Z,xrp-up-or-down-march-6-4pm-et,Down,BUY,10,0.47,0.47,0.48,0.01,0.475,0.4746331504,0.4574648422,1978.11,2345.96,100,0.01,0,83.696642,0.4799999958,2,PASSIVE,,TRADE,,0.005,0.005,0.005,0.005,202,,OPEN
0x321b70199a34255eed51d0a5c6039b93c0097611403fe79aa05e01721ec2e4bb,2026-03-06T21:00:15Z,solana-up-or-down-march-6-4pm-et,Down,BUY,25,0.47,0.46,0.48,0.02,0.47,0.4605673759,0.342604187,2216.19,4252.47,,,,0,0,,PASSIVE,,TRADE,,0,0,-0.015,-0.055,114,,OPEN
0xa26bbb2d5b041a981c01e574d19efd9360c84c12f2abf900ed83ffcc21fd5473,2026-03-06T21:00:25Z,ethereum-up-or-down-march-6-4pm-et,Down,BUY,5,0.43,0.43,0.44,0.01,0.435,0.4376271186,0.406645974,3866.15,5641.26,,,,0,0,,PASSIVE,,TRADE,,0.005,0.005,-0.025,-0.025,932,,OPEN
0x5ca9402b96ccbd95d9eb1bd5fde09bb1c500d8de928ddd910321cbb07ac5aa3a,2026-03-06T21:00:27Z,ethereum-up-or-down-march-6-4pm-et,Down,BUY,10,0.43,0.43,0.44,0.01,0.435,0.4376271186,0.406645974,3866.15,5641.26,100,0.01,0,5,0.43,2,PASSIVE,,TRADE,,0.005,0.005,-0.025,-0.025,930,,OPEN
0x6c0097a2bfcb749ad3a49696a8943b0600b5d6baf6c8b1d6dcecd45a111aa7a9,2026-03-06T21:00:27Z,solana-up-or-down-march-6-4pm-et,Down,BUY,42.33028,0.48,0.45,0.46,0.01,0.455,0.4580172414,0.4183666022,2522.19,3506.47,77.7777777778,0.0122222222,0.0044095855,25,0.47,12,CROSS,,TRADE,,-0.025,-0.025,-0.045,-0.055,102,,OPEN
0x79f4023a03fbbc07b504a9e885ff8628a08d3d88464fe7cef39f9aea0be11a52,2026-03-06T21:00:29Z,ethereum-up-or-down-march-6-4pm-et,Down,BUY,9.090908,0.450000044,0.43,0.44,0.01,0.435,0.4376271186,0.406645974,3866.15,5641.26,100,0.01,0,15,0.43,2,CROSS,,TRADE,,-0.015000044,-0.025000044,-0.045000044,-0.045000044,928,,OPEN
0x74149fd5e7e1c6d1b76c39d01530a6808cf1893c3f9be51e20d11ee6e21ddfe8,2026-03-06T21:00:31Z,xrp-up-or-down-march-6-4pm-et,Down,BUY,10,0.47,0.47,0.48,0.01,0.475,0.473309963,0.4455738755,1837.11,2285.91,100,0.01,0,93.696642,0.4789327221,18,PASSIVE,,TRADE,,0.005,0.005,0.005,0.015,184,,OPEN
0xf2bae4a62344e832df5a8c2be8da2653d9306516b6d50a7ecd3d48d171b369a4,2026-03-06T21:00:33Z,bitcoin-up-or-down-march-6-4pm-et,Down,BUY,8.754714,0.470000048,0.47,0.48,0.01,0.475,0.4728180858,0.4829668006,7821.43,8373.12,,,,0,0,,PASSIVE,,TRADE,,0.004999952,0.004999952,-0.035000048,-0.015000048,32,,OPEN
0xf45eaf16c1ba4e113114746b7161a9c3ce68f7ccf54f7e9e30adfbabc53335cf,2026-03-06T21:00:35Z,bitcoin-up-or-down-march-6-4pm-et,Down,BUY,18,0.44,0.47,0.48,0.01,0.475,0.4728180858,0.4829668006,7821.43,8373.12,100,0.01,0,8.754714,0.470000048,2,PASSIVE,,TRADE,,0.035,0.035,-0.015,0.015,30,,OPEN
0x363c26b97b4afc1fd1b679547d6f21eae7be2ae26323ab905a38fc00c8974711,2026-03-06T21:00:37Z,bitcoin-up-or-down-march-6-4pm-et,Down,BUY,9.24,0.47,0.44,0.45,0.01,0.445,0.4490112089,0.5412809363,8865.11,7512.91,100,0.01,0,26.754714,0.4498166566,2,CROSS,,TRADE,,-0.015,-0.015,-0.045,0.005,28,,OPEN
0xa16119481fcbf86e9727f8ae1be15ad3d93645e9c6f0668632c58df63dacedb5,2026-03-06T21:00:39Z,ethereum-up-or-down-march-6-4pm-et,Down,BUY,10,0.45,0.4,0.41,0.01,0.405,0.4097725463,0.4549972691,4273.53,5118.9,100,0.01,0,24.090908,0.4375471859,10,CROSS,,TRADE,,-0.035,-0.035,-0.055,-0.035,918,,OPEN
0xa4651864e858f4b7874f944252e1dd94757cb69ae3a964abd4c01a8acd55cfbe,2026-03-06T21:00:39Z,ethereum-up-or-down-march-6-4pm-et,Down,BUY,5.9,0.45,0.4,0.41,0.01,0.405,0.4097725463,0.4549972691,4273.53,5118.9,100,0.01,0,34.090908,0.4412000115,0,CROSS,,TRADE,,-0.035,-0.035,-0.055,-0.035,918,,OPEN
0xa5c1ce66b6671b2f2633a2f9d52a7a884e36f70d255f6c0ad2e779bb92573194,2026-03-06T21:00:45Z,bitcoin-up-or-down-march-6-4pm-et,Down,BUY,18,0.47,0.44,0.45,0.01,0.445,0.4499450954,0.601437061,10019.34,6639.66,100,0.01,0,35.994714,0.4549978088,8,CROSS,,TRADE,,-0.015,-0.015,-0.025,0.035,20,,OPEN
0x5bce91171b564910e0838961ebe491c8984b8bf7df7a641bcebfd16aa6a68fb4,2026-03-06T21:00:51Z,bitcoin-up-or-down-march-6-4pm-et,Down,BUY,18,0.45,0.44,0.45,0.01,0.445,0.4499450954,0.601437061,10019.34,6639.66,100,0.01,0,53.994714,0.4599990288,6,CROSS,,TRADE,,0.005,-0.015,-0.025,0.055,14,,OPEN
0x5b9141f63c7482061a1a0238839493376a257167bb295946c60070086aceed27,2026-03-06T21:00:51Z,ethereum-up-or-down-march-6-4pm-et,Down,BUY,10,0.42,0.4,0.41,0.01,0.405,0.4097725463,0.4549972691,4273.53,5118.9,100,0.01,0,39.990908,0.4424983049,12,CROSS,,TRADE,,-0.005,-0.015,-0.025,0.075,906,,OPEN
0xbe71e9654677cc604bd99490547f4eaee5f9bfc355658deb2bd1d5e1fa8fe6e1,2026-03-06T21:00:53Z,xrp-up-or-down-march-6-4pm-et,Down,BUY,1,0.47,0.47,0.48,0.01,0.475,0.4744296788,0.487866466,1760.11,1847.66,100,0.01,0,103.696642,0.4780712938,22,PASSIVE,,TRADE,,0.005,0.005,0.005,0.025,162,,OPEN
0x1785dfd8d6ece81045c15f17aec851f8369244fd568b64dfddb491e6a1bcd10a,2026-03-06T21:00:57Z,xrp-up-or-down-march-6-4pm-et,Down,BUY,10,0.47,0.47,0.48,0.01,0.475,0.4715817064,0.376562698,1456.36,2411.15,90.9090909091,0.0109090909,0.0029424494,104.696642,0.4779942016,4,PASSIVE,,TRADE,,0.005,0.005,0.005,-0.015,158,,OPEN
0x706ecaa7ae1b83488a64fe48ce21e716eef2371125560f08e2388087f26cd943,2026-03-06T21:00:59Z,ethereum-up-or-down-march-6-4pm-et,Down,BUY,25,0.4,0.39,0.4,0.01,0.395,0.3907084908,0.3879866954,3807.36,6005.76,100,0.01,0,49.990908,0.4379978255,8,CROSS,,TRADE,,0.005,0.005,0.005,0.055,898,,OPEN
0x817a1cbccc9aa8b8c5100795ce224e7c27f141f9bb2c029d62e7af3157b5e947,2026-03-06T21:00:59Z,bitcoin-up-or-down-march-6-4pm-et,Down,BUY,18,0.43,0.42,0.43,0.01,0.425,0.4217297887,0.4633961547,7266.01,8413.9,100,0.01,0,71.994714,0.4574990881,8,CROSS,,TRADE,,-0.005,0.005,0.015,0.035,6,,OPEN
0xb3f92a2f166ebd3fa2abdb42028d7d0c34628f30f1242874365c02a501e5e243,2026-03-06T21:01:03Z,bitcoin-up-or-down-march-6-4pm-et,Up,BUY,10.7,0.55,0.57,0.58,0.01,0.575,0.5782702113,0.5371670407,8432.98,7266.01,,,,0,0,,PASSIVE,,TRADE,,0.015,0.015,-0.005,-0.015,264,,OPEN
0x8779a7ea3232302b4a0733c2799853264b43dc47f14ca6d5e2fa394496775da0,2026-03-06T21:01:05Z,bitcoin-up-or-down-march-6-4pm-et,Down,SELL,2,0.46,0.42,0.43,0.01,0.425,0.4291968072,0.5570206756,8776,6979.25,100,0.01,0,89.994714,0.4519989474,6,PASSIVE,,TRADE,,0.025,0.015,0.005,0.005,,-0.020000096,REDUCE
0x3214adf92f3b501eaec45537b1fd672f99a31a5d51f1dbb7de036431c34ae47d,2026-03-06T21:01:15Z,xrp-up-or-down-march-6-4pm-et,Down,BUY,9.29,0.46,0.48,0.49,0.01,0.485,0.4813932566,0.4066859347,1395.86,2036.42,92.3076923077,0.0107692308,0.0027174649,114.696642,0.4772972151,18,PASSIVE,,TRADE,,0.025,0.025,0.055,-0.015,140,,OPEN
0x6506508b81d7b8a42c697868b530e61d5b2880aa529fb544193564f2fb3cc15c,2026-03-06T21:01:15Z,xrp-up-or-down-march-6-4pm-et,Down,BUY,10.703702,0.4600000075,0.48,0.49,0.01,0.485,0.4813932566,0.4066859347,1395.86,2036.42,92.5925925926,0.0107407407,0.0026688026,123.986642,0.4760011793,0,PASSIVE,,TRADE,,0.0249999925,0.0249999925,0.0549999925,-0.0150000075,140,,OPEN
0xb1ae8ced501d6822a568880077d72b245df4a6b127d4aee3d7c93adc9c641f73,2026-03-06T21:01:25Z,solana-up-or-down-march-6-4pm-et,Down,BUY,5.5,0.41,0.42,0.43,0.01,0.425,0.4277088949,0.3619559368,1843,3248.78,95.8333333333,0.0104166667,0.0020412415,67.33028,0.4762869603,58,PASSIVE,,TRADE,,0.015,0.025,0.055,0.025,44,,OPEN
0x34901583074300fd8b09030525a379662249e87ab4aa932cfc284a41e7ffd8a4,2026-03-06T21:01:29Z,solana-up-or-down-march-6-4pm-et,Down,BUY,10,0.41,0.48,0.49,0.01,0.485,0.4804149841,0.5173438673,2322.01,2166.32,95.4545454545,0.0104545455,0.0021320072,72.83028,0.471281099,4,PASSIVE,,TRADE,,0.075,0.075,0.045,0.035,40,,OPEN
0x0a8c5e39e439e06dff50ebea3ec67d04f2f7f006264e0215aabe3628bf4500e1,2026-03-06T21:01:33Z,solana-up-or-down-march-6-4pm-et,Down,BUY,6.89616,0.42,0.48,0.49,0.01,0.485,0.4804149841,0.5173438673,2322.01,2166.32,95.652173913,0.0104347826,0.0020851441,82.83028,0.4638827057,4,PASSIVE,,TRADE,,0.065,0.065,0.025,0.015,36,,OPEN
0x7c9334185b9d137baca7ae3251cdd0284d9de5aaeb786523414643178755e9af,2026-03-06T21:01:33Z,solana-up-or-down-march-6-4pm-et,Down,BUY,9.5,0.41,0.48,0.49,0.01,0.485,0.4804149841,0.5173438673,2322.01,2166.32,95.8333333333,0.0104166667,0.0020412415,89.72644,0.4605099857,0,PASSIVE,,TRADE,,0.075,0.075,0.035,0.025,36,,OPEN
0xa351da902602d56e195afbe703c5e000127ba5404c6912e9d36017f977049c21,2026-03-06T21:01:39Z,bitcoin-up-or-down-march-6-4pm-et,Up,BUY,18,0.52,0.48,0.49,0.01,0.485,0.4887512867,0.6323799895,3527.58,2050.68,100,0.01,0,10.7,0.55,36,CROSS,,TRADE,,-0.035,-0.025,0.025,0.015,228,,OPEN
0xc0fb802094be23d368bc784d902766eec4a571dc60c781a0effb034b68a0dd00,2026-03-06T21:01:43Z,solana-up-or-down-march-6-4pm-et,Down,BUY,10,0.44,0.48,0.49,0.01,0.485,0.4816825165,0.4357348728,2028.86,2627.32,96,0.0104,0.002,99.22644,0.4556741288,10,PASSIVE,,TRADE,,0.045,0.03,-0.005,0.015,26,,OPEN
0xd7c4c9cb1339d842b3ee6f7939de9f2e89b5fb40643ec7150e7f2d4a98203990,2026-03-06T21:01:45Z,solana-up-or-down-march-6-4pm-et,Down,BUY,5,0.44,0.43,0.45,0.02,0.44,0.4408880309,0.4313213061,2081.19,2743.96,100,0.0103846154,0.0019611614,109.22644,0.4542391165,2,PASSIVE,,TRADE,,0,0,-0.005,0.005,24,,OPEN
0x10dd5f9314df60b8aa613d69ed2da53605d50f40ab6bfbdb20912b666b40e150,2026-03-06T21:01:49Z,solana-up-or-down-march-6-4pm-et,Down,BUY,92.53595,0.48,0.43,0.45,0.02,0.44,0.4408880309,0.4313213061,2081.19,2743.96,100,0.0107407407,0.0026688026,114.22644,0.4536158319,4,CROSS,,TRADE,,-0.04,-0.04,-0.045,-0.035,20,,OPEN
0x60b0995e20f70cec624ce08d9d8d3ef895c465a1b73be7968542a06f1f7067a2,2026-03-06T21:01:49Z,ethereum-up-or-down-march-6-4pm-et,Down,BUY,25,0.4,0.44,0.45,0.01,0.445,0.4475757576,0.4711530362,3691.55,4143.59,100,0.01,0,74.990908,0.425330348,50,PASSIVE,,TRADE,,0.045,0.045,0.045,0.035,848,,OPEN
0xb119eeb7d0896ac205f9ff30177c86dfb4988a90a2e2d2b770ec810700a87629,2026-03-06T21:01:59Z,solana-up-or-down-march-6-4pm-et,Up,BUY,33.47045,0.52,0.56,0.57,0.01,0.565,0.5618651745,0.5836539343,2673.1,1906.84,,,,0,0,,PASSIVE,,TRADE,,0.045,0.045,0.04,0.025,2374,,OPEN
0x6bbe7b14bc3036951480440e7a99da17f322ab8f526f2c106b315f136f86c964,2026-03-06T21:01:59Z,ethereum-up-or-down-march-6-4pm-et,Up,BUY,6.55,0.49,0.55,0.56,0.01,0.555,0.5534574468,0.5322661616,4198.59,3689.55,,,,0,0,,PASSIVE,,TRADE,,0.065,0.065,0.055,0.065,682,,OPEN
0x51ff2c76cb16ff1fcbe75c0bca16ab4af7e3ca9c0eb5ff923aa8a9dcde68a822,2026-03-06T21:01:59Z,ethereum-up-or-down-march-6-4pm-et,Up,BUY,8,0.49,0.55,0.56,0.01,0.555,0.5534574468,0.5322661616,4198.59,3689.55,100,0.01,0,6.55,0.49,0,PASSIVE,,TRADE,,0.065,0.065,0.055,0.065,682,,OPEN
0x83a28bd686b351771736a5e4a3dc1bb0e6de6cd96bedd58717017394ed149755,2026-03-06T21:02:03Z,xrp-up-or-down-march-6-4pm-et,Up,BUY,4.085105,0.5300000857,0.55,0.56,0.01,0.555,0.5574637681,0.5257438931,1827.47,1648.5,,,,0,0,,PASSIVE,,TRADE,,0.0249999143,0.0249999143,0.0349999143,0.0749999143,392,,OPEN
0x36f819352c7429ece3f5ee32fedaef9c552f7ce355002c50e79d4962e589e2b4,2026-03-06T21:02:05Z,xrp-up-or-down-march-6-4pm-et,Up,BUY,4.085105,0.5300000857,0.55,0.56,0.01,0.555,0.5574637681,0.5257438931,1827.47,1648.5,100,0.01,0,4.085105,0.5300000857,2,PASSIVE,,TRADE,,0.0249999143,0.0249999143,0.0349999143,0.0749999143,390,,OPEN
0x20c6f309ac54879132e4837e8f949fde94241b23b43efbb2eeb9b5c445299acf,2026-03-06T21:02:09Z,solana-up-or-down-march-6-4pm-et,Down,SELL,25,0.45,0.43,0.44,0.01,0.435,0.4388781692,0.4717689102,2271.94,2543.85,89.2857142857,0.0110714286,0.0031497039,206.76239,0.4654239951,20,PASSIVE,,TRADE,,0.015,0.015,0.005,0.005,,-0.5,REDUCE
0xedae7d5c4b88e547ca9aac924d06c1a7f0d9fbf095fedc0bde39e92344f2e0a7,2026-03-06T21:02:21Z,ethereum-up-or-down-march-6-4pm-et,Down,BUY,2,0.44,0.45,0.47,0.02,0.46,0.466097892,0.4085149037,3566.09,5163.31,100,0.0109090909,0.0029424494,99.990908,0.4189971852,32,PASSIVE,,TRADE,,0.02,0.02,0.005,-0.005,816,,OPEN
0x11af090c83425878a5c4a254b110108969effae6fdcfd79db715e4d6992464b8,2026-03-06T21:02:25Z,ethereum-up-or-down-march-6-4pm-et,Down,BUY,10,0.44,0.45,0.47,0.02,0.46,0.466097892,0.4085149037,3566.09,5163.31,100,0.0113043478,0.0034435022,101.990908,0.4194090418,4,PASSIVE,,TRADE,,0.02,0.02,0.005,-0.005,812,,OPEN
0xbc1588d3d44de5266ac278e5680f7bca5e234a160470d5d90483a8a3e9e0d2f7,2026-03-06T21:02:29Z,ethereum-up-or-down-march-6-4pm-et,Down,BUY,10,0.44,0.45,0.47,0.02,0.46,0.466097892,0.4085149037,3566.09,5163.31,100,0.0116666667,0.0038069349,111.990908,0.4212476695,4,PASSIVE,,TRADE,,0.02,0.02,0.005,-0.005,808,,OPEN
0x69f5be634f177d4397b2c5b91c462a8f9163c8d82921f6268105921d94681f9c,2026-03-06T21:02:33Z,ethereum-up-or-down-march-6-4pm-et,Up,BUY,25,0.52,0.53,0.55,0.02,0.54,0.533902108,0.5914850963,5163.31,3566.09,100,0.0114285714,0.0036313652,14.55,0.49,34,PASSIVE,,TRADE,,0.02,0.02,0.025,0.045,648,,OPEN
0xe4dc80b37564e808a09e8f542b0571eca57458222cdaed78b7068f59d8507f9f,2026-03-06T21:02:39Z,ethereum-up-or-down-march-6-4pm-et,Down,BUY,10,0.46,0.44,0.45,0.01,0.445,0.4471442747,0.4176681052,3748.4,5226.19,75,0.0125,0.0044232587,121.990908,0.4227848603,10,CROSS,,TRADE,,-0.015,-0.015,-0.015,-0.025,798,,OPEN
0x7599b9f99bb4061bb872167fd587d86b60f82af777f74df9d299952ac149958c,2026-03-06T21:02:51Z,ethereum-up-or-down-march-6-4pm-et,Down,BUY,10,0.43,0.44,0.45,0.01,0.445,0.4471442747,0.4176681052,3748.4,5226.19,76,0.0124,0.0043588989,131.990908,0.4256043833,12,PASSIVE,,TRADE,,0.015,0.015,0.005,0.015,786,,OPEN
0x50833f76f302452a509ee4d476e11630828f0be45fb2b38177659025aa6c4bb9,2026-03-06T21:02:53Z,ethereum-up-or-down-march-6-4pm-et,Down,BUY,5,0.43,0.44,0.45,0.01,0.445,0.4406776904,0.4210018035,4080.4,5611.72,76,0.0124,0.0043588989,141.990908,0.4259139536,2,PASSIVE,,TRADE,,0.015,0.015,0.005,0.015,784,,OPEN
0xb726f7aa11273b886ea27c60ededcfb39625fd95be99b48c0acde92ca8f226c5,2026-03-06T21:02:53Z,ethereum-up-or-down-march-6-4pm-et,Down,BUY,8.771927,0.4300000445,0.44,0.45,0.01,0.445,0.4406776904,0.4210018035,4080.4,5611.72,76.9230769231,0.0123076923,0.0042966892,146.990908,0.4260529434,0,PASSIVE,,TRADE,,0.0149999555,0.0149999555,0.0049999555,0.0149999555,784,,OPEN
0x37bf39c01cd21b33bd955628d51e96ea8fade7db7d6cb626329c880ba1f71d2e,2026-03-06T21:02:57Z,ethereum-up-or-down-march-6-4pm-et,Down,BUY,1.22,0.43,0.44,0.45,0.01,0.445,0.4406776904,0.4210018035,4080.4,5611.72,77.7777777778,0.0122222222,0.0042365927,155.762835,0.426275228,4,PASSIVE,,TRADE,,0.015,0.015,0.005,0.015,780,,OPEN
0x65768c145c5f9b5064d83fb7e4204d374b1175a55048719f3ed92d4d4db14570,2026-03-06T21:02:59Z,xrp-up-or-down-march-6-4pm-et,Down,BUY,20,0.38,0.39,0.4,0.01,0.395,0.399270073,0.5411489644,1576.21,1336.5,95,0.0105,0.002236068,134.690344,0.4747295827,104,PASSIVE,,TRADE,,0.015,0.02,-0.01,0.015,36,,OPEN
0xa63cb966d24d45309878601a2ad2b9ac46e50f94f95f067940a38895fff96bfb,2026-03-06T21:03:01Z,xrp-up-or-down-march-6-4pm-et,Up,BUY,2.619046,0.5800001222,0.6,0.61,0.01,0.605,0.600729927,0.4588510356,1336.5,1576.21,93.75,0.010625,0.0025,8.17021,0.5300000857,56,PASSIVE,,TRADE,,0.0249998778,0.0199998778,0.0449998778,0.0249998778,334,,OPEN
0xa96c2c4e21eff6db61eddacc06fb7f670aa4bc38c2cc6b6487bd27763d45b4f0,2026-03-06T21:03:01Z,xrp-up-or-down-march-6-4pm-et,Up,BUY,2.595237,0.5800002081,0.6,0.61,0.01,0.605,0.600729927,0.4588510356,1336.5,1576.21,94.1176470588,0.0105882353,0.0024253563,10.789256,0.5421373819,0,PASSIVE,,TRADE,,0.0249997919,0.0199997919,0.0449997919,0.0249997919,334,,OPEN
0x7772589cc7daa556f2ee82cb3845e76628eb3d72b69950f8ea446e1f37933c53,2026-03-06T21:03:01Z,xrp-up-or-down-march-6-4pm-et,Up,BUY,2.452379,0.5800000734,0.6,0.61,0.01,0.605,0.600729927,0.4588510356,1336.5,1576.21,94.4444444444,0.0105555556,0.0023570226,13.384493,0.5494789381,0,PASSIVE,,TRADE,,0.0249999266,0.0199999266,0.0449999266,0.0249999266,334,,OPEN
0x5dbcd70c580bac7cf43b3ef70bdaa0cc443a8b74f7a11c2cda5071b19e9a1eaf,2026-03-06T21:03:01Z,bitcoin-up-or-down-march-6-4pm-et,Up,BUY,18,0.55,0.54,0.55,0.01,0.545,0.5431098237,0.4845037843,4042.53,4301.12,100,0.01,0,28.7,0.531184669,82,CROSS,,TRADE,,-0.005,-0.005,0.015,0.015,146,,OPEN
0x472afee544a1709b7c56faccfecdaeaf782a3ed3c7d8df24725c36302dc03137,2026-03-06T21:03:03Z,xrp-up-or-down-march-6-4pm-et,Up,BUY,2.380951,0.5800001764,0.6,0.61,0.01,0.605,0.6008547009,0.4657174933,1356.5,1556.21,94.7368421053,0.0105263158,0.0022941573,15.836872,0.5542052117,2,PASSIVE,,TRADE,,0.0199998236,0.0199998236,0.0449998236,0.0249998236,332,,OPEN
0xdf7b453f89bc8d895594cd9990a5b03c0aa9268cf2af4a55627709498440b6c9,2026-03-06T21:03:07Z,xrp-up-or-down-march-6-4pm-et,Down,BUY,10,0.39,0.39,0.4,0.01,0.395,0.3991452991,0.5342825067,1556.21,1356.5,95.2380952381,0.0104761905,0.0021821789,154.690344,0.4624819427,8,PASSIVE,,TRADE,,0.01,-0.02,-0.015,0.005,28,,OPEN
0xb5b0309aa4c0a3bc391f91c7df1296f9a9777db561eab09eda22f1464f65d5e8,2026-03-06T21:03:07Z,xrp-up-or-down-march-6-4pm-et,Down,BUY,10,0.39,0.39,0.4,0.01,0.395,0.3991452991,0.5342825067,1556.21,1356.5,95.4545454545,0.0104545455,0.0021320072,164.690344,0.4580808381,0,PASSIVE,,TRADE,,0.01,-0.02,-0.015,0.005,28,,OPEN
0xdc34f8cf0f69adf7367a537a4b26950089fadc1b517df4cdd6adeb46c7f5cb33,2026-03-06T21:03:23Z,bitcoin-up-or-down-march-6-4pm-et,Down,BUY,18,0.44,0.43,0.44,0.01,0.435,0.4373844282,0.5422089548,6435.31,5433.38,95,0.0105,0.002236068,87.994714,0.4519989474,138,CROSS,,TRADE,,-0.005,-0.005,-0.005,-0.025,58,,OPEN
0xefd5ba03fd9d766bcead7a4f95c5d7ed8c0624a47401d0a506fb3d995b19a004,2026-03-06T21:03:27Z,bitcoin-up-or-down-march-6-4pm-et,Down,BUY,18,0.42,0.43,0.44,0.01,0.435,0.4373844282,0.5422089548,6435.31,5433.38,95.2380952381,0.0104761905,0.0021821789,105.994714,0.4499612887,4,PASSIVE,,TRADE,,0.015,0.01,0.015,-0.005,54,,OPEN
0xd580f97e2b1d5d2315dc9f11317a3237854c8bdfcc44652e8984be708d9af228,2026-03-06T21:03:29Z,xrp-up-or-down-march-6-4pm-et,Down,BUY,1.5625,0.36,0.38,0.39,0.01,0.385,0.3804520655,0.5087220124,1721.79,1662.75,78.2608695652,0.012173913,0.0042174117,174.690344,0.4541836085,22,PASSIVE,,TRADE,,0.025,0.025,0.035,0.055,6,,OPEN
0x445a3ecbd23fb5362457bc58245e61a76e75d44f0f2e3d811852b3cb6cc31ad7,2026-03-06T21:03:31Z,xrp-up-or-down-march-6-4pm-et,Down,BUY,10,0.36,0.38,0.39,0.01,0.385,0.3804520655,0.5087220124,1721.79,1662.75,79.1666666667,0.0120833333,0.0041485112,176.252844,0.4533486609,2,PASSIVE,,TRADE,,0.025,0.025,0.035,0.055,4,,OPEN
0x3b774e80aed6b7fb19dcb63e7aeb0ad95949a62a6eb62a8fd9960b121a8039fd,2026-03-06T21:03:33Z,bitcoin-up-or-down-march-6-4pm-et,Down,BUY,18,0.41,0.43,0.44,0.01,0.435,0.4311808164,0.4470000798,4762.54,5891.91,77.2727272727,0.0122727273,0.0042893203,123.994714,0.4456118839,6,PASSIVE,,TRADE,,0.025,0.025,0.025,0.005,48,,OPEN
0x86cd79e6df1d3e84fc24f00af113ec8c1d41072e7d7b6de7e1b1e01326283fb3,2026-03-06T21:03:35Z,bitcoin-up-or-down-march-6-4pm-et,Up,BUY,18,0.56,0.56,0.57,0.01,0.565,0.5694398682,0.5525352292,5909.74,4785.94,80.9523809524,0.0119047619,0.0040237391,46.7,0.5384368308,34,PASSIVE,,TRADE,,0.005,0.005,0.01,0.025,112,,OPEN
0x3a0f3bb5421ca1c11eb6b798800b2aee6ddfed767944a395c42f0c40ba2628f7,2026-03-06T21:03:35Z,bitcoin-up-or-down-march-6-4pm-et,Up,BUY,18,0.57,0.56,0.57,0.01,0.565,0.5694398682,0.5525352292,5909.74,4785.94,81.8181818182,0.0118181818,0.0039477102,64.7,0.5444358578,0,CROSS,,TRADE,,-0.005,-0.005,0,0.015,112,,OPEN
0x2a480cd818de36d297cf45aaf349a1e7b77e656d77f90da0f4c660c3de1771ba,2026-03-06T21:03:35Z,xrp-up-or-down-march-6-4pm-et,Down,SELL,20,0.39,0.38,0.39,0.01,0.385,0.3816530103,0.5187289581,1711.79,1588.18,80,0.012,0.0040824829,186.252844,0.4483367288,4,PASSIVE,,TRADE,,0.005,0.01,-0.005,-0.015,,-1.8,REDUCE
0xb574d268081860054e0e5b62eeace912bb6323fe0af769337791e6bdb03a812e,2026-03-06T21:03:41Z,xrp-up-or-down-march-6-4pm-et,Up,BUY,20,0.62,0.61,0.62,0.01,0.615,0.6183469897,0.4812710419,1588.18,1711.79,75,0.0125,0.0044232587,18.217823,0.5575764459,38,CROSS,,TRADE,,-0.005,0,-0.015,-0.025,294,,OPEN
0x87464f90b50ba476aea024bacd2ba6425d6d3ec4e0ac7d529e08ec4328d98aad,2026-03-06T21:03:43Z,solana-up-or-down-march-6-4pm-et,Down,SELL,2.913042,0.4599998901,0.46,0.47,0.01,0.465,0.4625765449,0.4276399585,2534.9,3392.75,100,0.01,0,181.76239,0.4654239951,94,CROSS,,TRADE,,-0.0050001099,-0.0050001099,0.0049998901,-0.0050001099,,-0.0582611601,REDUCE
0xce3ce193d46af815a430a769acea8a642426d6b2aa472640bccfacba884988c3,2026-03-06T21:03:43Z,bitcoin-up-or-down-march-6-4pm-et,Down,BUY,18,0.42,0.43,0.44,0.01,0.435,0.4305356608,0.4502164462,4838.17,5908.15,78.2608695652,0.012173913,0.0042174117,141.994714,0.4410975334,10,PASSIVE,,TRADE,,0.015,0.015,0.005,-0.005,38,,OPEN
0x78aade538843c99dee37a5b9792cfeae3f962b28932823f8cfb8edd7a70c94a3,2026-03-06T21:03:43Z,bitcoin-up-or-down-march-6-4pm-et,Up,BUY,18,0.56,0.56,0.57,0.01,0.565,0.5694643392,0.5497835538,5908.15,4838.17,82.6086956522,0.0117391304,0.0038755339,82.7,0.55,8,PASSIVE,,TRADE,,0.005,0.005,0.015,0.025,104,,OPEN
0xc64f4fda02d9a4f7fc3c58a9942cc924c67f65861b63bfd13b47f6f0faa4e5bf,2026-03-06T21:03:49Z,xrp-up-or-down-march-6-4pm-et,Down,SELL,20,0.39,0.39,0.4,0.01,0.395,0.3913043478,0.5411291493,1902.28,1613.11,77.7777777778,0.0122222222,0.0042365927,166.252844,0.4483367288,14,CROSS,,TRADE,,-0.005,-0.005,-0.025,-0.025,,-1.7999999601,REDUCE
0x7075050ad035e69a5f7f4ddf1888e3a97e2e50197e6d5e02da70f1016d09d6b1,2026-03-06T21:03:51Z,bitcoin-up-or-down-march-6-4pm-et,Down,BUY,18,0.42,0.42,0.44,0.02,0.43,0.4305817911,0.5252601644,6605.01,5969.73,100,0.0128,0.0045825757,159.994714,0.4387239825,8,PASSIVE,,TRADE,,0.01,0.01,-0.005,0,30,,OPEN
0x45996fec543638a27eeefd94bce046b32caa0e313c166884be704d230559b644,2026-03-06T21:04:17Z,ethereum-up-or-down-march-6-4pm-et,Up,BUY,25,0.56,0.57,0.58,0.01,0.575,0.5737953047,0.5526670967,5851.49,4736.24,100,0.01,0,39.55,0.5089633375,104,PASSIVE,,TRADE,,0.015,0.015,0.005,0.015,544,,OPEN
0xeafc8804fc6c66074a17bc2f1c95dafcc9bb9bd8a295354241c6db606bf0b6f5,2026-03-06T21:04:21Z,bitcoin-up-or-down-march-6-4pm-et,Down,SELL,30,0.42,0.41,0.42,0.01,0.415,0.4176055288,0.5650417943,6846.99,5270.68,79.1666666667,0.0120833333,0.0041485112,177.994714,0.4368304898,30,PASSIVE,,TRADE,,0.005,0.005,0,0.005,,-0.9600003242,REDUCE
0x0d26d18aaaa67a989e19d15aa5faa23724e398e51bc06d7e98d31e98748b6d7d,2026-03-06T21:04:31Z,bitcoin-up-or-down-march-6-4pm-et,Down,SELL,17.59,0.42,0.41,0.42,0.01,0.415,0.4176055288,0.5650417943,6846.99,5270.68,80,0.012,0.0040824829,147.994714,0.4368304898,10,PASSIVE,,TRADE,,0.005,0.005,0.005,0.005,,-0.8795,REDUCE
0x52a4257dbf317aba18c1c2898fc58baa6ed5c47fa57136282bb568799170264b,2026-03-06T21:04:41Z,xrp-up-or-down-march-6-4pm-et,Up,BUY,5,0.59,0.58,0.59,0.01,0.585,0.5864618036,0.5713805475,2073.62,1555.52,95,0.0105,0.002236068,38.217823,0.5902436934,60,CROSS,,TRADE,,-0.005,-0.005,-0.005,-0.005,234,,OPEN
0x2dd96025b21b4f35b2953c8409cba06fa7b37f693d91dcf9443ec543b93a3927,2026-03-06T21:04:45Z,xrp-up-or-down-march-6-4pm-et,Up,BUY,15,0.59,0.58,0.59,0.01,0.585,0.5864618036,0.5713805475,2073.62,1555.52,95.2380952381,0.0104761905,0.0021821789,43.217823,0.5902154997,4,CROSS,,TRADE,,-0.005,-0.005,-0.005,-0.005,230,,OPEN
0x6d64372bddbf6bdf0a17876873ca72751cee7e7fa3d766a37ed37c388da6aa9d,2026-03-06T21:04:45Z,bitcoin-up-or-down-march-6-4pm-et,Down,SELL,18,0.43,0.4,0.41,0.01,0.405,0.408428067,0.6021972925,6855.42,4528.59,91.3043478261,0.0108695652,0.0028810407,130.404714,0.4368304898,14,PASSIVE,,TRADE,,0.015,0.015,0.015,0.005,,-0.44809428,REDUCE
0xcfa6b2712cfd704a81afee5f987c1111cbe84ad01483e55aec8a68194843fb82,2026-03-06T21:04:49Z,xrp-up-or-down-march-6-4pm-et,Down,SELL,20,0.41,0.41,0.42,0.01,0.415,0.4138118812,0.4052136084,1419.52,2083.62,100,0.01,0,146.252844,0.4483367288,60,CROSS,,TRADE,,-0.005,-0.005,-0.005,-0.005,,-1.399999856,REDUCE
0x9a855af094e2cfbf477e2411ec10abec9adaddd264e37f78d6a997b718bd49af,2026-03-06T21:04:53Z,solana-up-or-down-march-6-4pm-et,Down,SELL,8.48,0.48,0.47,0.48,0.01,0.475,0.4719649187,0.3931670406,2060.73,3180.63,100,0.01,0,178.849348,0.4654239951,70,PASSIVE,,TRADE,,0.005,0.005,-0.005,-0.015,,0,REDUCE
0x5f49ca2cf457dc7e548fd678d98afd7b4cbdaebf0ac99059eb104e96318684f8,2026-03-06T21:05:27Z,bitcoin-up-or-down-march-6-4pm-et,Up,SELL,18,0.58,0.58,0.59,0.01,0.585,0.5816542751,0.4748311013,5938.95,6568.55,100,0.01,0,100.7,0.5517874876,104,CROSS,,TRADE,,-0.005,0.005,-0.015,-0.015,,0.759,REDUCE
0x61aa6f26b5f7932049f988414e376c065e2146601671ecf89321906f5acf6043,2026-03-06T21:06:37Z,bitcoin-up-or-down-march-6-4pm-et,Up,BUY,18,0.59,0.59,0.6,0.01,0.595,0.5942619822,0.4748759754,5907.97,6533.11,95.652173913,0.0104347826,0.0020851441,82.7,0.5517874876,70,PASSIVE,,TRADE,,0.005,0.005,-0.005,-0.015,386,,OPEN
0x404762fce738597c9c59e49b7e93a5f69e4409d7a80b61d4e9b084cc170da7b5,2026-03-06T21:06:41Z,solana-up-or-down-march-6-4pm-et,Down,SELL,12.83,0.47,0.47,0.48,0.01,0.475,0.4744680851,0.4392274261,2341.64,2989.63,100,0.01,0,170.369348,0.4654239951,108,CROSS,,TRADE,,-0.005,-0.005,-0.025,-0.035,,-0.1283,REDUCE
0x49d3c72538438ab53b1653449942e1ca5fa26d764028c00ce0e7441f30cb4a36,2026-03-06T21:07:59Z,bitcoin-up-or-down-march-6-4pm-et,Up,BUY,29.56114,0.59,0.59,0.6,0.01,0.595,0.5900900901,0.4433619378,4142.57,5200.97,100,0.01,0,100.7,0.5586179267,82,PASSIVE,,TRADE,,-0.005,-0.005,-0.005,-0.005,304,,OPEN
0x5bd6e17af6377543c9cb6cba0d422399d19cffb5a2ea63852265598ee0a25753,2026-03-06T21:08:09Z,solana-up-or-down-march-6-4pm-et,Down,SELL,8,0.49,0.54,0.55,0.01,0.545,0.5474473516,0.5065128455,2544.29,2478.86,100,0.01,0,157.539348,0.4654239951,88,CROSS,,TRADE,,-0.055,-0.055,-0.065,-0.065,,0.08,REDUCE
0x6519fabf048e27de6e338f9f7cef0786cad84e700b20a6fd5990db1097496428,2026-03-06T21:08:23Z,ethereum-up-or-down-march-6-4pm-et,Down,BUY,44.352,0.4,0.42,0.43,0.01,0.425,0.4252858313,0.4597997884,4979.88,5850.66,100,0.01,0,156.982835,0.4263041752,326,PASSIVE,,TRADE,,0.025,0.025,0.025,0.015,454,,OPEN
0x945fe4bd86006d78ff406bb3a1a46a55f78c3a7530b2403ea54c130faefaa3d2,2026-03-06T21:08:33Z,ethereum-up-or-down-march-6-4pm-et,Up,BUY,13.82,0.57,0.57,0.58,0.01,0.575,0.575363609,0.5404439404,5851.7,4975.88,100,0.01,0,64.55,0.5287296669,256,PASSIVE,,TRADE,,0.005,0.005,0.005,0.005,288,,OPEN
0xa8b49696be196299cbfa1a60b69752504c3a4083aa5cec140f2e42f6f357d7bc,2026-03-06T21:08:35Z,xrp-up-or-down-march-6-4pm-et,Up,SELL,20,0.64,0.6,0.61,0.01,0.605,0.6091161752,0.6281638803,2247.25,1330.24,95.4545454545,0.0104545455,0.0021320072,58.217823,0.5901599756,230,PASSIVE,,TRADE,,0.035,0.035,0.035,0.035,,1.5372212597,REDUCE
0x11470ecbbb9d268ac54972360a5f9ec2ddf121e5763a03c4f08874d42f93b66a,2026-03-06T21:08:43Z,xrp-up-or-down-march-6-4pm-et,Up,BUY,20,0.61,0.6,0.61,0.01,0.605,0.6091161752,0.6281638803,2247.25,1330.24,95.652173913,0.0104347826,0.0020851441,38.217823,0.5901599756,8,CROSS,,TRADE,,-0.005,-0.005,-0.005,-0.005,1010,,OPEN
0x46daaab0fb2b55c373bb1bc57815ea96db2b2a35c1da191a680d56e0b8603d97,2026-03-06T21:09:55Z,ethereum-up-or-down-march-6-4pm-et,Up,BUY,25,0.57,0.55,0.56,0.01,0.555,0.5595299427,0.5618992319,6686.82,5213.57,77.2727272727,0.0122727273,0.0042893203,78.37,0.5360074008,82,CROSS,,TRADE,,-0.015,-0.015,-0.02,-0.005,206,,OPEN
0x5801ed436bd7f272d8cbf6fd6af592560e013c7bda5c273fd59739d842abb5dc,2026-03-06T21:10:15Z,solana-up-or-down-march-6-4pm-et,Down,BUY,42.3808,0.6,0.6,0.61,0.01,0.605,0.6055882353,0.5139030019,2609.62,2468.42,86.3636363636,0.0113636364,0.0035125009,149.539348,0.4654239951,126,PASSIVE,,TRADE,,0.005,0.005,-0.005,-0.015,198,,OPEN
0x710a80bfcdaa36a905f449f5b7992173d4d483f9fc0e661501381ff45db2a162,2026-03-06T21:10:21Z,xrp-up-or-down-march-6-4pm-et,Up,BUY,24.64,0.6,0.61,0.62,0.01,0.615,0.6191039427,0.6287300196,2259.75,1334.4,95.4545454545,0.0104545455,0.0021320072,58.217823,0.5969757661,98,PASSIVE,,TRADE,,0.015,0.015,0.025,0.035,912,,OPEN
0xf08c09b29dec073e5dddbf0717b31b45ad976ddbc59e696b351a1415a249ef6b,2026-03-06T21:10:23Z,bitcoin-up-or-down-march-6-4pm-et,Down,SELL,18,0.46,0.44,0.45,0.01,0.445,0.4406546643,0.4484175681,5207.11,6405.08,100,0.01,0,112.404714,0.4368304898,338,PASSIVE,,TRADE,,0.015,0.015,0.035,0.035,,0.45190572,REDUCE
0xe500eb6cee04d75625e2308b485cea251cdab1775d2d43151be693f99d558554,2026-03-06T21:10:47Z,xrp-up-or-down-march-6-4pm-et,Up,BUY,34.51432,0.62,0.62,0.63,0.01,0.625,0.629034749,0.6193792721,2153.91,1323.62,95.652173913,0.0104347826,0.0020851441,82.857823,0.5978751033,26,PASSIVE,,TRADE,,0.005,0.03,0.015,0.025,886,,OPEN
0xcfaacb34a5e9432f93fdedb301319b420f405a6653a9f6c7b87d0fbb0e6f0ffe,2026-03-06T21:10:59Z,xrp-up-or-down-march-6-4pm-et,Down,BUY,20,0.32,0.36,0.37,0.01,0.365,0.3627607362,0.4070692292,1480.12,2155.92,85.7142857143,0.0114285714,0.0035856858,126.252844,0.4483367288,370,PASSIVE,,TRADE,,0.045,0.045,0.035,0.025,106,,OPEN
0x35179894dbde022d5a7c6635e95b2ad321b5dba1c44b1a6c3483dce69f6d9a7c,2026-03-06T21:11:01Z,xrp-up-or-down-march-6-4pm-et,Up,BUY,15.22,0.65,0.63,0.64,0.01,0.635,0.6372392638,0.5929307708,2155.92,1480.12,95.652173913,0.0104347826,0.0020851441,117.372143,0.6043811255,14,CROSS,,TRADE,,-0.015,-0.015,-0.005,0.005,872,,OPEN
0x5e22dff25f9d060c179776d4cf6c25bcd61beeca339e93f74636ea7a7ceaffdd,2026-03-06T21:11:11Z,xrp-up-or-down-march-6-4pm-et,Up,BUY,20,0.64,0.63,0.65,0.02,0.64,0.6461891117,0.5581924594,1076.77,852.26,100,0.0108695652,0.0028810407,132.592143,0.6096176294,10,PASSIVE,,TRADE,,0,0,0.01,0.035,862,,OPEN
0x21b545f1129247f06fa76e8cb91989b7a817bae15cdc9718bd96da95e4d05527,2026-03-06T21:12:45Z,xrp-up-or-down-march-6-4pm-et,Down,SELL,10.58,0.34,0.33,0.34,0.01,0.335,0.3361885402,0.4706108882,1625.33,1828.33,95.652173913,0.0104347826,0.0020851441,146.252844,0.4307867482,106,PASSIVE,,TRADE,,0.005,0.005,0.04,0.045,,-1.4811999238,REDUCE
0x1593dd1c75105ed9ba42c2dc840b3f54aac8be3c79c0fb61f9977dc684d46c77,2026-03-06T21:12:57Z,bitcoin-up-or-down-march-6-4pm-et,Down,BUY,18,0.43,0.4,0.41,0.01,0.405,0.4060344828,0.4739891294,5121.59,5683.7,100,0.01,0,94.404714,0.4368304898,154,CROSS,,TRADE,,-0.025,-0.025,-0.025,0.005,412,,OPEN
0x2b541b81317a0de09b091ebc39160798ab447330ed07bc048b2380adffc1e1d3,2026-03-06T21:13:03Z,bitcoin-up-or-down-march-6-4pm-et,Up,SELL,18,0.59,0.59,0.6,0.01,0.595,0.5995074469,0.5387098267,5936.62,5083.45,100,0.01,0,130.26114,0.5657396966,304,CROSS,,TRADE,,-0.005,-0.005,-0.005,0.025,,1.041,REDUCE
0xc6d7214438d7782b7d1c14cb4786529e18e19e7bee595f56a1d92b035c6382e9,2026-03-06T21:13:19Z,xrp-up-or-down-march-6-4pm-et,Up,BUY,9.503332,0.7000000631,0.7,0.71,0.01,0.705,0.7087704918,0.6083435352,2131.8,1372.47,95.2380952381,0.0104761905,0.0021821789,152.592143,0.6135997965,128,PASSIVE,,TRADE,,0.0049999369,0.0049999369,0.0049999369,-0.0350000631,734,,OPEN
0x100ab83a11fc92d3c63e98c0030a8d21216e35deef1ef83be45b314388d8874e,2026-03-06T21:13:19Z,xrp-up-or-down-march-6-4pm-et,Up,BUY,10.49,0.7,0.7,0.71,0.01,0.705,0.7087704918,0.6083435352,2131.8,1372.47,95.4545454545,0.0104545455,0.0021320072,162.095475,0.6186652705,0,PASSIVE,,TRADE,,0.005,0.005,0.005,-0.035,734,,OPEN
0x78c504c76276cef6dd2e3bb87857211e72dcf96dc487f204e5754c26b03dfa0d,2026-03-06T21:13:21Z,ethereum-up-or-down-march-6-4pm-et,Up,SELL,25,0.63,0.62,0.63,0.01,0.625,0.6209587293,0.4800206859,5068.02,5489.9,95.2380952381,0.0104761905,0.0021821789,103.37,0.5442284996,206,PASSIVE,,TRADE,,0.005,0.005,0.005,0.04,,3.1865,REDUCE
0x5491716b6f9c36c74759e277eb243f79cf19dbda28d5c43b61247fe41205ede5,2026-03-06T21:13:33Z,solana-up-or-down-march-6-4pm-et,Down,SELL,0.524136,0.579998321,0.59,0.6,0.01,0.595,0.5959157596,0.5354146979,2753.52,2389.26,95.2380952381,0.0104761905,0.0021821789,191.920148,0.4951417648,198,CROSS,,TRADE,,-0.015001679,-0.015001679,-0.025001679,-0.035001679,,0.05241272,REDUCE
0xc00e226238011fd628302179a9e87b1ac28d572e9b17917ef705c38e435bd483,2026-03-06T21:13:39Z,solana-up-or-down-march-6-4pm-et,Down,SELL,24.47,0.58,0.6,0.61,0.01,0.605,0.6090322581,0.6193280071,3130.22,1924,90.9090909091,0.0109090909,0.0029424494,191.396012,0.4951417648,6,CROSS,,TRADE,,-0.025,-0.025,-0.025,-0.025,,3.48908286,REDUCE
0x0553d50a3d88173065e5dc1e398c8d8825c58c3183e7f29f19681d0f7a919350,2026-03-06T21:14:51Z,xrp-up-or-down-march-6-4pm-et,Up,BUY,24.68528,0.66,0.71,0.72,0.01,0.715,0.7189344321,0.6164613714,1970.34,1225.87,100,0.01,0,172.585475,0.6236089155,92,PASSIVE,,TRADE,,0.055,0.055,0.065,0.055,642,,OPEN
0x680f101ebba9d022dba0463b9a83d9ee72e3629272f8be43ea5b092ee52ac0e9,2026-03-06T21:15:11Z,xrp-up-or-down-march-6-4pm-et,Up,BUY,24.73504,0.71,0.72,0.73,0.01,0.725,0.7232313588,0.5906625747,1991.98,1380.47,100,0.01,0,197.270755,0.6281626777,20,PASSIVE,,TRADE,,0.015,0.015,0.005,-0.015,622,,OPEN
0xbe9061bdd5db97e6e7326686108fdc13985491b04e9291a4fd0b6d7ae0cc8ac9,2026-03-06T21:15:11Z,xrp-up-or-down-march-6-4pm-et,Up,BUY,16.26864,0.7,0.72,0.73,0.01,0.725,0.7232313588,0.5906625747,1991.98,1380.47,100,0.01,0,222.005795,0.6372806804,0,PASSIVE,,TRADE,,0.025,0.025,0.015,-0.005,622,,OPEN
0x988ce2e95a7c8997e7ed9bd0b88ce747d9557786fae2b2027f77b5c4caba3ddd,2026-03-06T21:15:43Z,bitcoin-up-or-down-march-6-4pm-et,Up,BUY,4.571462,0.5900000919,0.56,0.58,0.02,0.57,0.5603290502,0.50646864,3729.63,3634.36,100,0.0105,0.002236068,112.26114,0.5657396966,160,CROSS,,TRADE,,-0.0200000919,-0.0200000919,-0.0550000919,-0.0550000919,92,,OPEN
0xa987705b55954674183b65496802c7da4a739c398e9c0a7f68727dc7bb28b9a1,2026-03-06T21:15:47Z,bitcoin-up-or-down-march-6-4pm-et,Up,BUY,10,0.59,0.56,0.58,0.02,0.57,0.5603290502,0.50646864,3729.63,3634.36,100,0.010952381,0.003007926,116.832602,0.5666889648,4,CROSS,,TRADE,,-0.02,-0.02,-0.055,-0.055,88,,OPEN
0x792af31bb5f6317d73f982a7c587473f7b286bdba6f116995a5b321d68d78899,2026-03-06T21:15:57Z,ethereum-up-or-down-march-6-4pm-et,Down,SELL,20.85,0.47,0.51,0.52,0.01,0.515,0.510189634,0.478128242,4945.18,5397.61,95.4545454545,0.0104545455,0.0021320072,201.334835,0.4205096351,454,CROSS,,TRADE,,-0.045,-0.045,-0.035,-0.015,,0.7169997426,REDUCE
0xe743733fe3cd9b8b95ca9ed8e310efb481f31be57faa68ab30edd9d3a7e6c14a,2026-03-06T21:15:57Z,ethereum-up-or-down-march-6-4pm-et,Down,SELL,4.148935,0.4699998915,0.51,0.52,0.01,0.515,0.510189634,0.478128242,4945.18,5397.61,95.652173913,0.0104347826,0.0020851441,180.484835,0.4205096351,0,CROSS,,TRADE,,-0.0450001085,-0.0450001085,-0.0350001085,-0.0150001085,,0.0829781072,REDUCE
0x02a499b2b6f41d7bf8e5791e48054ae4a5ad4b27db58d9bd49dc793785984e3a,2026-03-06T21:16:33Z,xrp-up-or-down-march-6-4pm-et,Up,BUY,19.77124,0.69,0.69,0.7,0.01,0.695,0.6960957737,0.4816332008,1435.58,1545.07,100,0.01,0,238.274435,0.6415629612,82,PASSIVE,,TRADE,,0.005,0.005,0.045,0.065,540,,OPEN
0xae6040c42f08f9cf33633dd5c3c8191d17e48bbb953cbcd8e91b4ad0bc5ae4de,2026-03-06T21:17:15Z,bitcoin-up-or-down-march-6-4pm-et,Up,SELL,4.67,0.58,0.6,0.61,0.01,0.605,0.6086326194,0.5504352481,5973.56,4878.87,100,0.01,0,126.832602,0.568526902,88,CROSS,,TRADE,,-0.025,-0.025,0.035,0.015,,0.1401,REDUCE
0x69a2d6eada2a21b93d66480d9a2d48139ae978915860a63bc62be6fa5bf97817,2026-03-06T21:17:17Z,solana-up-or-down-march-6-4pm-et,Down,SELL,7.857141,0.6299998944,0.62,0.63,0.01,0.625,0.6221052632,0.5466810294,2603.47,2158.85,77.7777777778,0.0122222222,0.0042779263,166.926012,0.4951417648,218,PASSIVE,,TRADE,,0.0049998944,0.0049998944,-0.0050001056,0.0049998944,,1.6596085903,REDUCE
0xfee8fd52cd7a94975c5fe02f61cf6f931248038d3865bcc9bcaab237d678df03,2026-03-06T21:17:39Z,xrp-up-or-down-march-6-4pm-et,Up,BUY,20,0.75,0.74,0.75,0.01,0.745,0.7445058947,0.5291694454,1928.14,1715.57,100,0.01,0,258.045675,0.6452741659,66,CROSS,,TRADE,,-0.005,-0.005,-0.005,0.015,474,,OPEN
0xab619130b6dd078f00f23d74e1c4d03ac3d52d43e8bd5f7b8976dc52759631f3,2026-03-06T21:18:03Z,bitcoin-up-or-down-march-6-4pm-et,Up,SELL,18,0.59,0.58,0.59,0.01,0.585,0.5832726949,0.4938644685,4904.41,5026.27,100,0.01,0,122.162602,0.568526902,48,PASSIVE,,TRADE,,0.005,0.005,0.005,0.005,,0.6003,REDUCE
0x26257cd38799449ecfc4499dbc6869e6eff78a60b8ed85f1db362873933780da,2026-03-06T21:18:03Z,bitcoin-up-or-down-march-6-4pm-et,Up,BUY,29.54058,0.55,0.58,0.59,0.01,0.585,0.5832726949,0.4938644685,4904.41,5026.27,100,0.01,0,104.162602,0.568526902,0,PASSIVE,,TRADE,,0.035,0.035,0.035,0.035,952,,OPEN
0xf99b40f1851c36be44207ef3e097d1443804b8cc097e363591172af900d8739a,2026-03-06T21:18:03Z,xrp-up-or-down-march-6-4pm-et,Up,BUY,20,0.73,0.75,0.76,0.01,0.755,0.7580412959,0.5956779186,1966.72,1334.93,100,0.01,0,278.045675,0.6528071609,24,PASSIVE,,TRADE,,0.025,0.025,0.025,0.035,450,,OPEN
0xf9f882946790ade52d122811d1a0579ce054648ad8710c4583c03ea833e982f6,2026-03-06T21:18:09Z,solana-up-or-down-march-6-4pm-et,Up,BUY,1.5873,0.37,0.37,0.39,0.02,0.38,0.3790322581,0.4840271147,2554.85,2723.47,100,0.0157142857,0.0050709255,33.47045,0.52,970,PASSIVE,,TRADE,,0.01,0.01,-0.005,-0.015,1404,,OPEN
0xe3a7add6200b95d39d946a9874bdef369c81fae7d9e51096fb184491eff11f6a,2026-03-06T21:19:49Z,bitcoin-up-or-down-march-6-4pm-et,Down,SELL,18,0.5,0.42,0.43,0.01,0.425,0.4250920245,0.4972647583,4572.25,4622.55,100,0.01,0,112.404714,0.435736685,412,PASSIVE,,TRADE,,0.075,0.075,-0.005,0.035,,1.12404714,REDUCE
0xc47283458cc406d772ee1a90b77bf18405fe5d7a538f64a7c266b2bbb149c25b,2026-03-06T21:20:11Z,solana-up-or-down-march-6-4pm-et,Down,BUY,42.52593,0.7,0.76,0.77,0.01,0.765,0.766656535,0.4647671582,2099.66,2418,63.6363636364,0.0136363636,0.0049236596,159.068871,0.4951417648,174,PASSIVE,,TRADE,,0.06,0.06,0.055,0.065,220,,OPEN
0x95065335e02deec5ca70f362d7ab023f93117ed4052e94b8b881de84e9f2f6ee,2026-03-06T21:20:13Z,solana-up-or-down-march-6-4pm-et,Down,BUY,8.417141,0.720000057,0.76,0.77,0.01,0.765,0.766656535,0.4647671582,2099.66,2418,65.2173913043,0.0134782609,0.0048698475,201.594801,0.5383561082,2,PASSIVE,,TRADE,,0.039999943,0.039999943,0.034999943,0.049999943,218,,OPEN
0x8eb9203352e87930ca8404c77a49184b9ee8c752e9ddf97ca249f523aff27b8d,2026-03-06T21:20:17Z,ethereum-up-or-down-march-6-4pm-et,Down,SELL,7.277776,0.5399999945,0.55,0.56,0.01,0.555,0.5550600361,0.4827410761,5000.15,5357.68,81.8181818182,0.0118181818,0.0039477102,176.3359,0.4205096351,260,CROSS,,TRADE,,-0.0150000055,0.0049999945,0.0149999945,0.0049999945,,0.6549998,REDUCE
0xf09fb9d1e6039ee076ac8ae95c93c72cdd49ce54090ecc2831f17e4c153ced32,2026-03-06T21:20:17Z,bitcoin-up-or-down-march-6-4pm-et,Down,SELL,18,0.52,0.48,0.49,0.01,0.485,0.4809886565,0.4016710038,3384.99,5042.28,100,0.01,0,94.404714,0.435736685,28,PASSIVE,,TRADE,,0.035,0.045,0.055,0.055,,1.71190572,REDUCE
0xbec58215480554a88cbec35e806e05f3296a0331cbd7687ba22b73d55c85d3bf,2026-03-06T21:20:19Z,ethereum-up-or-down-march-6-4pm-et,Down,SELL,25,0.56,0.52,0.53,0.01,0.525,0.5296103896,0.5200200191,5455.01,5034.99,82.6086956522,0.0117391304,0.0038755339,169.058124,0.4205096351,2,PASSIVE,,TRADE,,0.035,0.035,0.035,0.025,,3.41429015,REDUCE
0xe3f6162cfecb4eed94f01e751807022830ff720b8b972e3a532319220f086bff,2026-03-06T21:20:21Z,ethereum-up-or-down-march-6-4pm-et,Down,SELL,25,0.57,0.52,0.53,0.01,0.525,0.5296103896,0.5200200191,5455.01,5034.99,83.3333333333,0.0116666667,0.0038069349,144.058124,0.4205096351,2,PASSIVE,,TRADE,,0.045,0.04,0.045,0.035,,4.25,REDUCE
0xfdd257321f26c44720b2290dc7819bd0b8aa6f3969610b1fb9c2e18fd64676ee,2026-03-06T21:20:39Z,bitcoin-up-or-down-march-6-4pm-et,Down,BUY,8.27,0.45,0.46,0.47,0.01,0.465,0.4635212443,0.4262855777,4137.92,5569,95.8333333333,0.0104166667,0.0020412415,76.404714,0.435736685,22,PASSIVE,,TRADE,,0.015,0.015,0.025,0.035,62,,OPEN
0xf85c091bcfe6a2af0824e3625b0f32fb6004f69e31572544ef82825bd5e8059b,2026-03-06T21:21:07Z,xrp-up-or-down-march-6-4pm-et,Up,BUY,18.86181,0.76,0.76,0.77,0.01,0.765,0.7672222222,0.6057272544,2129.84,1386.33,100,0.01,0,298.045675,0.6579870944,184,PASSIVE,,TRADE,,0.005,0.005,-0.005,0.005,266,,OPEN
0x8bf186d2402c3d146c56ced320b80cdf34125ed694065a484116f66e8707c972,2026-03-06T21:21:41Z,bitcoin-up-or-down-march-6-4pm-et,Down,SELL,18,0.5,0.47,0.48,0.01,0.475,0.4755901156,0.4363591586,4216.94,5446.98,90,0.011,0.0030779351,84.674714,0.4371297528,62,PASSIVE,,TRADE,,0.025,0.025,0.015,-0.035,,1.57595286,REDUCE
0x4d9e4e121b382e402f0b5905f4089477e03d4d9d3a9201d88b820671f5e78ffb,2026-03-06T21:21:51Z,bitcoin-up-or-down-march-6-4pm-et,Down,BUY,18,0.47,0.48,0.49,0.01,0.485,0.4867829251,0.4451592063,4368.65,5445.03,90.9090909091,0.0109090909,0.0029424494,66.674714,0.4371297528,10,PASSIVE,,TRADE,,0.015,0.015,0,0.065,190,,OPEN
0x51d9e3fd33abf5d7740e65553b0562c0a1226de57f6443e45ca2a3fd287eca52,2026-03-06T21:22:19Z,solana-up-or-down-march-6-4pm-et,Down,BUY,3.571427,0.7900001876,0.79,0.8,0.01,0.795,0.7938810836,0.4451437123,2204,2747.21,66.6666666667,0.0133333333,0.0048304589,210.011942,0.5456362787,126,PASSIVE,,TRADE,,0.0049998124,0.0199998124,0.0349998124,0.0399998124,92,,OPEN
0x34f91cfaa01e11ef3293894094b3fc174746bc9ab26f3913ff5a1652d9b1d668,2026-03-06T21:22:19Z,ethereum-up-or-down-march-6-4pm-et,Down,SELL,21,0.62,0.59,0.6,0.01,0.595,0.5949416342,0.5079717313,5612.92,5436.75,95.2380952381,0.0104761905,0.0021821789,119.058124,0.4205096351,118,PASSIVE,,TRADE,,0.025,-0.08,-0.085,-0.085,,4.48856788,REDUCE
0x692059d9d39ccc63d0589aa043d7248b001bb95f15fd92888e9b4cc95c7208ed,2026-03-06T21:22:19Z,ethereum-up-or-down-march-6-4pm-et,Down,SELL,4,0.62,0.59,0.6,0.01,0.595,0.5949416342,0.5079717313,5612.92,5436.75,95.4545454545,0.0104545455,0.0021320072,98.058124,0.4205096351,0,PASSIVE,,TRADE,,0.025,-0.08,-0.085,-0.085,,0.72,REDUCE
0x874e02291fed4a9c9ef1e7f5b4792470e440b4817ba2a1e787c6c7c69fd4123c,2026-03-06T21:22:21Z,solana-up-or-down-march-6-4pm-et,Down,BUY,21.42,0.79,0.79,0.8,0.01,0.795,0.7953287861,0.4483128263,2204,2712.21,68.1818181818,0.0131818182,0.0047673129,213.583369,0.5497224014,2,PASSIVE,,TRADE,,0.005,0.025,0.035,0.04,90,,OPEN
0xbbe7149057fd0a297cc1e742a0b5c7ff2762c2443cf0096a025bbffbe3c26aa3,2026-03-06T21:22:35Z,ethereum-up-or-down-march-6-4pm-et,Up,BUY,2.652775,0.28,0.3,0.31,0.01,0.305,0.3048622467,0.4534782782,4905.27,5911.72,90.4761904762,0.010952381,0.003007926,78.37,0.5442284996,554,PASSIVE,,TRADE,,0.025,0.025,0.035,0.025,212,,OPEN
0xc9f0c5ef8f91f191d31d660bc5dde7ab9bea189a7ca5024a5310157c42516bd4,2026-03-06T21:22:35Z,ethereum-up-or-down-march-6-4pm-et,Up,BUY,2.208332,0.2800000181,0.3,0.31,0.01,0.305,0.3048622467,0.4534782782,4905.27,5911.72,90.9090909091,0.0109090909,0.0029424494,81.022775,0.5355773671,0,PASSIVE,,TRADE,,0.0249999819,0.0249999819,0.0349999819,0.0249999819,212,,OPEN
0x1d3b2d221ebb1e79ad783611174ed1c77fb36c328938d6c57f0ac766da29b353,2026-03-06T21:22:35Z,ethereum-up-or-down-march-6-4pm-et,Up,BUY,3.972221,0.2800000302,0.3,0.31,0.01,0.305,0.3048622467,0.4534782782,4905.27,5911.72,91.3043478261,0.0108695652,0.0028810407,83.231107,0.528796253,0,PASSIVE,,TRADE,,0.0249999698,0.0249999698,0.0349999698,0.0249999698,212,,OPEN
0x71efbc859b0632f2a46d5403a9de02345f705d1aa154248f0f19a1b0c00bc569,2026-03-06T21:22:35Z,ethereum-up-or-down-march-6-4pm-et,Up,BUY,2.402775,0.28,0.3,0.31,0.01,0.305,0.3048622467,0.4534782782,4905.27,5911.72,91.6666666667,0.0108333333,0.0028232985,87.203328,0.5174632729,0,PASSIVE,,TRADE,,0.025,0.025,0.035,0.025,212,,OPEN
0x0c271bde735f3f217ca33fde22f041b33fc795202202e089850318135f417439,2026-03-06T21:22:35Z,ethereum-up-or-down-march-6-4pm-et,Up,BUY,3.069442,0.2800000782,0.3,0.31,0.01,0.305,0.3046913927,0.4670760543,5181.27,5911.72,92,0.0108,0.0027688746,89.606103,0.5110957287,0,PASSIVE,,TRADE,,0.0249999218,0.0249999218,0.0349999218,0.0249999218,212,,OPEN
0x15c8f29a0f5c08efb56263cde34232fbf4e9685fd0b7337c80bd134ab7e0a60c,2026-03-06T21:22:35Z,ethereum-up-or-down-march-6-4pm-et,Up,BUY,0.483332,0.2800000828,0.3,0.31,0.01,0.305,0.3046913927,0.4670760543,5181.27,5911.72,92.3076923077,0.0107692308,0.0027174649,92.675545,0.5034417711,0,PASSIVE,,TRADE,,0.0249999172,0.0249999172,0.0349999172,0.0249999172,212,,OPEN
0xb34a13dae645cc44875e87ab8ee7e72156f718b5384ca26093494d644f4c1bd2,2026-03-06T21:22:37Z,ethereum-up-or-down-march-6-4pm-et,Up,BUY,2.013885,0.2800000993,0.3,0.31,0.01,0.305,0.3046913927,0.4670760543,5181.27,5911.72,92.5925925926,0.0107407407,0.0026688026,93.158877,0.5022824986,2,PASSIVE,,TRADE,,0.0249999007,0.0249999007,0.0349999007,0.0349999007,210,,OPEN
0x92c1e678743e8d2504b1c42f7c5f9162576b32ac9c98eac0f3436cd3fe5fc119,2026-03-06T21:22:37Z,ethereum-up-or-down-march-6-4pm-et,Up,BUY,3.277775,0.28,0.3,0.31,0.01,0.305,0.3046913927,0.4670760543,5181.27,5911.72,92.8571428571,0.0107142857,0.0026226526,95.172762,0.4975789345,0,PASSIVE,,TRADE,,0.025,0.025,0.035,0.035,210,,OPEN
0x4733457db6237f1ef1c2c2dcfa95fdc894e112351588d5b6c9e1fc565d194c1c,2026-03-06T21:22:37Z,ethereum-up-or-down-march-6-4pm-et,Up,BUY,1.444442,0.2800001662,0.3,0.31,0.01,0.305,0.3045091781,0.4774488366,5181.27,5670.72,93.1034482759,0.0106896552,0.0025788071,98.450537,0.4903349436,0,PASSIVE,,TRADE,,0.0249998338,0.0249998338,0.0349998338,0.0349998338,210,,OPEN
0x327379cf60708ad41fc4bfef4a86b71ed410af8eca5457ebb213e4156e438aa6,2026-03-06T21:22:37Z,ethereum-up-or-down-march-6-4pm-et,Up,BUY,1.805553,0.2800000886,0.3,0.31,0.01,0.305,0.3045091781,0.4774488366,5181.27,5670.72,93.3333333333,0.0106666667,0.0025370813,99.894979,0.4872935857,0,PASSIVE,,TRADE,,0.0249999114,0.0249999114,0.0349999114,0.0349999114,210,,OPEN
0x7c7bb606b7ec771994e3fcc9c4574f1e2d7c998a7a6b645898d92516438f0f3d,2026-03-06T21:22:39Z,ethereum-up-or-down-march-6-4pm-et,Up,BUY,0.23,0.28,0.3,0.31,0.01,0.305,0.3046832924,0.5173831997,5501.17,5131.51,93.5483870968,0.0106451613,0.0024973104,101.700532,0.4836133749,2,PASSIVE,,TRADE,,0.025,0.025,0.025,0.025,208,,OPEN
0x0d2e27278db7c5b74ad082f13aa8997796af540735392ce3c181d930990f0aa2,2026-03-06T21:22:41Z,ethereum-up-or-down-march-6-4pm-et,Up,BUY,1.388885,0.280000144,0.3,0.31,0.01,0.305,0.3046832924,0.5173831997,5501.17,5131.51,93.75,0.010625,0.0024593469,101.930532,0.4831539338,2,PASSIVE,,TRADE,,0.024999856,0.024999856,0.024999856,0.024999856,206,,OPEN
0x76f956e79278917994dd4e1bc5be48172641d61193f6be31053255a86283d27e,2026-03-06T21:23:03Z,ethereum-up-or-down-march-6-4pm-et,Down,BUY,25,0.69,0.69,0.71,0.02,0.7,0.6930965687,0.49666099,5634.46,5710.22,100,0.010952381,0.003007926,94.058124,0.4205096351,44,PASSIVE,,TRADE,,0.01,0.01,0.005,0.025,662,,OPEN
0xf16b09aab73df4fc0df9c6986e14f884802431c92f7f314f7f3e718dd3ce5341,2026-03-06T21:23:51Z,solana-up-or-down-march-6-4pm-et,Down,SELL,4.988094,0.8399998075,0.83,0.84,0.01,0.835,0.8390406831,0.1740389884,2185.15,10370.37,57.1428571429,0.0142857143,0.0050709255,235.003369,0.5716231349,90,PASSIVE,,TRADE,,0.0049998075,0.0049998075,0.0049998075,-0.0350001925,,2.1448794598,REDUCE
0x7d714f4d3c58118865a090aec3b88b668dc89b9d736aad69d2bee33ceab3e556,2026-03-06T21:23:51Z,bitcoin-up-or-down-march-6-4pm-et,Down,BUY,18,0.54,0.56,0.57,0.01,0.565,0.5650067969,0.3291043865,4420.28,9010.96,100,0.01,0,84.674714,0.4441172514,120,PASSIVE,,TRADE,,0.025,0.025,0.005,0.105,70,,OPEN
0xa47e769c73bc2c2f9ce433187a1efb4afd9543a5af785c5920a610f5e35ed499,2026-03-06T21:23:59Z,solana-up-or-down-march-6-4pm-et,Down,SELL,1.880951,0.8399995534,0.83,0.84,0.01,0.835,0.8390641842,0.174367781,2190.15,10370.37,59.0909090909,0.0140909091,0.0050323628,230.015275,0.5716231349,8,PASSIVE,,TRADE,,0.0049995534,0.0049995534,-0.0050004466,-0.0550004466,,0.80880809,REDUCE
0xa178b777537a154d8c58147a9bd7edc8e90e5319fbd78d6238434cf2b5d2bec6,2026-03-06T21:24:53Z,bitcoin-up-or-down-march-6-4pm-et,Down,BUY,18,0.6,0.69,0.7,0.01,0.695,0.6996170213,0.3637360202,4350.01,7609.24,87.5,0.01125,0.0033783196,102.674714,0.4609265456,62,PASSIVE,,TRADE,,0.095,0.095,0.075,0.06,8,,OPEN
0x2a7a36ff8af3c7a6ff3c7b7519e28e0f4e600f4604717d6dd60b36527e372e37,2026-03-06T21:24:55Z,ethereum-up-or-down-march-6-4pm-et,Up,BUY,1.506491,0.2300000465,0.21,0.22,0.01,0.215,0.2102106712,0.4245225791,4597.83,6232.76,100,0.01,0,103.319417,0.480423012,134,CROSS,,TRADE,,-0.0050000465,-0.0050000465,-0.0100000465,-0.0050000465,72,,OPEN
0x373fb7f63f7bdc9ef2928d87581e178566a50cae450f958ab7a2249865595ad9,2026-03-06T21:24:55Z,ethereum-up-or-down-march-6-4pm-et,Up,BUY,25,0.24,0.21,0.22,0.01,0.215,0.2183525535,0.4703376829,4920.48,5541.11,100,0.01,0,104.825908,0.4768240931,0,CROSS,,TRADE,,-0.015,-0.015,-0.02,-0.015,72,,OPEN
0x8b9d644105ef6a4a71279fd389c534b23aa3eb17aaa7e43befe635efa8769dac,2026-03-06T21:24:59Z,ethereum-up-or-down-march-6-4pm-et,Up,BUY,23.49,0.23,0.21,0.22,0.01,0.215,0.2183525535,0.4703376829,4920.48,5541.11,100,0.01,0,129.825908,0.4312199265,4,CROSS,,TRADE,,-0.005,-0.005,-0.01,0.005,68,,OPEN
0x803226ed5616ca046978debb8982246cf45b8c807d45720a3edbe611ca9445af,2026-03-06T21:25:01Z,bitcoin-up-or-down-march-6-4pm-et,Down,BUY,18,0.67,0.69,0.7,0.01,0.695,0.6961987238,0.3042329567,3325.61,7605.52,85.7142857143,0.0114285714,0.0035856858,120.674714,0.4816709261,8,PASSIVE,,TRADE,,0.025,0.02,0.005,-0.045,2,,OPEN
0xda1707192e78c85ec4889c5ae20679690652ee02f6ae5147ea76ff26be1222f2,2026-03-06T21:25:01Z,bitcoin-up-or-down-march-6-4pm-et,Down,SELL,9,0.68,0.69,0.7,0.01,0.695,0.6961987238,0.3042329567,3325.61,7605.52,86.3636363636,0.0113636364,0.0035125009,138.674714,0.5061160699,0,CROSS,,TRADE,,-0.015,-0.01,0.005,0.055,,2.38404714,REDUCE
0x07bfdcb878e4174f0f50f34d14ede840b6ddc7da25683ba07852744df7f77065,2026-03-06T21:25:01Z,bitcoin-up-or-down-march-6-4pm-et,Down,BUY,18,0.64,0.69,0.7,0.01,0.695,0.6961987238,0.3042329567,3325.61,7605.52,86.9565217391,0.0113043478,0.0034435022,129.674714,0.5061160699,0,PASSIVE,,TRADE,,0.055,0.05,0.035,-0.015,2,,OPEN
0xeb1f84effea59d8eae799204499f66a9e484f30d73915042ab5f3abed9017c3e,2026-03-06T21:25:03Z,bitcoin-up-or-down-march-6-4pm-et,Down,SELL,7.35,0.68,0.69,0.7,0.01,0.695,0.6961987238,0.3042329567,3325.61,7605.52,87.5,0.01125,0.0033783196,147.674714,0.5224351179,2,CROSS,,TRADE,,-0.015,-0.01,0.035,0.055,,1.911,REDUCE
0xeaaf3afebff4d44689792619b6180a77d9af7d12f2d977ffc2a257f295864d08,2026-03-06T21:25:03Z,bitcoin-up-or-down-march-6-4pm-et,Down,BUY,18,0.63,0.69,0.7,0.01,0.695,0.6961987238,0.3042329567,3325.61,7605.52,88,0.0112,0.0033166248,140.324714,0.5224351179,0,PASSIVE,,TRADE,,0.065,0.06,0.015,-0.005,2,,OPEN
0x194450be6a5516afab75b4b13492c483edb283d7b564b073e7de40d0919dc02c,2026-03-06T21:25:03Z,bitcoin-up-or-down-march-6-4pm-et,Down,SELL,10.65,0.68,0.69,0.7,0.01,0.695,0.6961987238,0.3042329567,3325.61,7605.52,88.4615384615,0.0111538462,0.0032581259,158.324714,0.5346642123,0,CROSS,,TRADE,,-0.015,-0.01,0.035,0.055,,2.769,REDUCE
0x8dce855b10f98177eb66ebf63bc159b85f051705b3ff2e87a0b57fd1f949cc90,2026-03-06T21:25:03Z,bitcoin-up-or-down-march-6-4pm-et,Down,SELL,7.522387,0.6699999614,0.69,0.7,0.01,0.695,0.6961987238,0.3042329567,3325.61,7605.52,88.8888888889,0.0111111111,0.0032025631,147.674714,0.5346642123,0,CROSS,,TRADE,,-0.0250000386,-0.0200000386,0.0249999614,0.0449999614,,1.8805964596,REDUCE
0xc217bfa20675407c4a726367ebb138605ae0a09b9c663f45aece7925764ebbe0,2026-03-06T21:25:05Z,bitcoin-up-or-down-march-6-4pm-et,Down,SELL,16,0.69,0.69,0.7,0.01,0.695,0.6961987238,0.3042329567,3325.61,7605.52,89.2857142857,0.0110714286,0.0031497039,140.152327,0.5346642123,2,CROSS,,TRADE,,-0.005,0,0.045,0.07,,4.21882327,REDUCE
0x619016a5d9f6c2df0d111f852b565f1d2d681530fb565ca21d9b5b8afa9f77d7,2026-03-06T21:25:05Z,bitcoin-up-or-down-march-6-4pm-et,Down,SELL,2,0.69,0.69,0.7,0.01,0.695,0.6961987238,0.3042329567,3325.61,7605.52,89.6551724138,0.0110344828,0.0030993405,124.152327,0.5346642123,0,CROSS,,TRADE,,-0.005,0.015,0.045,0.07,,0.52,REDUCE
0x13f2905ef10db29fd08c26b7f3bc192bac70fa56bc7beb4e063493b8ef67ba2a,2026-03-06T21:25:07Z,bitcoin-up-or-down-march-6-4pm-et,Up,BUY,4.079721,0.2800000294,0.3,0.31,0.01,0.305,0.304021215,0.6975430726,7600.52,3295.61,85,0.0115,0.0036634755,133.703182,0.5644335407,424,PASSIVE,,TRADE,,0.0249999706,0.0449999706,0.0999999706,0.0999999706,528,,OPEN
0x5f1aabdc4ffd3179c898888b966c2cd838037cbd9a2d71910b1043ec6e759183,2026-03-06T21:25:07Z,bitcoin-up-or-down-march-6-4pm-et,Up,BUY,10.8,0.29,0.3,0.31,0.01,0.305,0.304021215,0.6975430726,7600.52,3295.61,85.7142857143,0.0114285714,0.0035856858,137.782903,0.5560115279,0,PASSIVE,,TRADE,,0.02,0.035,0.09,0.09,528,,OPEN
0xe2e38a93027e7f03106581d076542348f2c12766f0416bf13eff69a7d81450f2,2026-03-06T21:25:07Z,bitcoin-up-or-down-march-6-4pm-et,Up,BUY,7.197182,0.2900000306,0.3,0.31,0.01,0.305,0.304021215,0.6975430726,7600.52,3295.61,86.3636363636,0.0113636364,0.0035125009,148.582903,0.5366760294,0,PASSIVE,,TRADE,,0.0199999694,0.0349999694,0.0899999694,0.0899999694,528,,OPEN
0xc9eb34cd4c3542a9ec0e8d783d1eb08469f3d719d2c2aca842fba36061244b3b,2026-03-06T21:25:17Z,bitcoin-up-or-down-march-6-4pm-et,Down,BUY,18,0.68,0.64,0.65,0.01,0.645,0.6499300582,0.3194679748,3120.79,6647.92,93.1034482759,0.0106896552,0.0025788071,122.152327,0.5346642123,12,CROSS,,TRADE,,-0.025,-0.025,-0.015,-0.055,8,,OPEN
0xce90e2c9ae1b1afe1891a12e89afbdb78dbb1ee2f85a1bc8eb048f07a3a64a85,2026-03-06T21:25:21Z,bitcoin-up-or-down-march-6-4pm-et,Down,BUY,18,0.67,0.64,0.65,0.01,0.645,0.6499300582,0.3194679748,3120.79,6647.92,93.3333333333,0.0106666667,0.0025370813,140.152327,0.5533299329,4,CROSS,,TRADE,,-0.015,-0.015,-0.02,-0.045,4,,OPEN
0x872c996d66ac31f24b54d233e698ac6a484694c33de7b09773b30abc97a3c896,2026-03-06T21:25:25Z,bitcoin-up-or-down-march-6-4pm-et,Down,SELL,15.26,0.69,0.64,0.65,0.01,0.645,0.6499300582,0.3194679748,3120.79,6647.92,93.5483870968,0.0106451613,0.0024973104,158.152327,0.5666086576,4,PASSIVE,,TRADE,,0.035,0.03,0.045,0.06,,3.75789308,REDUCE
0x91e8744bda11ca3dca1cf3916edf90656bed9ec2dc9723322344057a6f27ca0f,2026-03-06T21:25:27Z,bitcoin-up-or-down-march-6-4pm-et,Down,BUY,18,0.65,0.64,0.65,0.01,0.645,0.6499300582,0.3194679748,3120.79,6647.92,93.75,0.010625,0.0024593469,142.892327,0.5666086576,2,CROSS,,TRADE,,0.005,0.01,-0.025,-0.015,2,,OPEN
0xc876eb748f25fcb88ea69a48796c78029ace298c5fcb173b6103288a7b5eef8f,2026-03-06T21:25:27Z,bitcoin-up-or-down-march-6-4pm-et,Down,SELL,18,0.71,0.64,0.65,0.01,0.645,0.6499300582,0.3194679748,3120.79,6647.92,93.9393939394,0.0106060606,0.0024230584,160.892327,0.5759381526,0,PASSIVE,,TRADE,,0.055,0.05,0.085,0.075,,4.24246289,REDUCE
0x9a9a403978386adcda11596471d6a6a0691764094875122d50670b0fcda16322,2026-03-06T21:25:27Z,bitcoin-up-or-down-march-6-4pm-et,Down,SELL,30,0.69,0.64,0.65,0.01,0.645,0.6499300582,0.3194679748,3120.79,6647.92,94.1176470588,0.0105882353,0.0023883257,142.892327,0.5759381526,0,PASSIVE,,TRADE,,0.035,0.03,0.065,0.055,,3.71353962,REDUCE
0xbc203a0a28da4b8adb880cd8df04795669aa9e25a93af9e7e7b4a5701d530c8c,2026-03-06T21:25:29Z,bitcoin-up-or-down-march-6-4pm-et,Down,SELL,30,0.69,0.64,0.65,0.01,0.645,0.6499300582,0.3194679748,3120.79,6647.92,94.2857142857,0.0105714286,0.0023550411,112.892327,0.5759381526,2,PASSIVE,,TRADE,,0.035,0.03,0.065,0.055,,1.15569308,REDUCE
0x49c8c7cba76c68fef5bf0e7b7f6d96040bab40c6fea14dc9cebcb9c3f51e45a3,2026-03-06T21:25:29Z,bitcoin-up-or-down-march-6-4pm-et,Down,SELL,9.78,0.7,0.64,0.65,0.01,0.645,0.649606429,0.3482904529,3634.08,6799.97,94.4444444444,0.0105555556,0.0023231068,82.892327,0.5759381526,0,PASSIVE,,TRADE,,0.045,0.035,0.075,0.065,,0.5868,REDUCE
0xf42f4cf91a4627600a7a846dc7e43779c142a1be5550e52e5032328b92b7a3e1,2026-03-06T21:25:31Z,bitcoin-up-or-down-march-6-4pm-et,Down,BUY,4,0.67,0.64,0.65,0.01,0.645,0.649606429,0.3482904529,3634.08,6799.97,94.5945945946,0.0105405405,0.0022924344,73.112327,0.5759381526,2,CROSS,,TRADE,,-0.01,-0.005,-0.045,-0.025,2,,OPEN
0x49588213ee96b9689ba0d056bf38d41e2b8976959b18457eb5c4f9b8645795fc,2026-03-06T21:25:33Z,xrp-up-or-down-march-6-4pm-et,Up,SELL,20,0.69,0.68,0.69,0.01,0.685,0.6811111111,0.5015905173,1728.19,1717.23,63.1578947368,0.0136842105,0.0049559463,316.907485,0.664058734,266,PASSIVE,,TRADE,,0.005,0.015,-0.01,-0.025,,1.45346531,REDUCE
0xd1738a59064502ecad275a66ca92b070fae1b7ae5f3a0152400b04f2bbfb0d92,2026-03-06T21:25:33Z,bitcoin-up-or-down-march-6-4pm-et,Down,BUY,18,0.62,0.65,0.66,0.01,0.655,0.6503273751,0.2763732738,2743.61,7183.58,94.7368421053,0.0105263158,0.0022629429,77.112327,0.5808173646,2,PASSIVE,,TRADE,,0.04,0.045,0,0.065,2,,OPEN
0x9a31f0a0f6ae47071138523874b73ff6205f47d2262ffcd062abfa58938b7ad2,2026-03-06T21:25:33Z,bitcoin-up-or-down-march-6-4pm-et,Down,BUY,14,0.67,0.65,0.66,0.01,0.655,0.6503273751,0.2763732738,2743.61,7183.58,94.8717948718,0.0105128205,0.0022345587,95.112327,0.5882326751,0,CROSS,,TRADE,,-0.01,-0.005,-0.05,0.015,2,,OPEN
0x1d3b153f4dd6777903bef759de086ca6778f47c911cfe6b80c6e201b72059a31,2026-03-06T21:25:33Z,bitcoin-up-or-down-march-6-4pm-et,Down,SELL,42,0.67,0.65,0.66,0.01,0.655,0.6503273751,0.2763732738,2743.61,7183.58,95,0.0105,0.0022072143,109.112327,0.5987240887,0,PASSIVE,,TRADE,,0.01,0.005,0.05,-0.015,,0.57336981,REDUCE
0x9cf8c3f069d43f36a81593ab469e4c9aacbb7010df7d3105cc171309a8d824b0,2026-03-06T21:25:35Z,bitcoin-up-or-down-march-6-4pm-et,Down,SELL,14,0.67,0.65,0.66,0.01,0.655,0.6596736858,0.3549168375,4485.62,8152.89,92.5,0.01075,0.0026674678,67.112327,0.5987240887,2,PASSIVE,,TRADE,,0.015,0.015,0.05,-0.015,,0.01775346,REDUCE
0xe571e7962d24d2eed86830dabd25765a55ad6cf88c89f5aff2ac917d0a6db876,2026-03-06T21:25:35Z,bitcoin-up-or-down-march-6-4pm-et,Down,SELL,2,0.67,0.65,0.66,0.01,0.655,0.6596736858,0.3549168375,4485.62,8152.89,92.6829268293,0.0107317073,0.0026365165,53.112327,0.5987240887,0,PASSIVE,,TRADE,,0.015,0.015,0.05,-0.015,,0.04,REDUCE
0x24a91006a5936f86278c4fe1d664421b84b7d6bc4bfe918e352cacdecc819d32,2026-03-06T21:25:37Z,bitcoin-up-or-down-march-6-4pm-et,Down,SELL,2,0.67,0.65,0.66,0.01,0.655,0.6596736858,0.3549168375,4485.62,8152.89,92.8571428571,0.0107142857,0.0026066118,51.112327,0.5987240887,2,PASSIVE,,TRADE,,0.015,0.015,0.05,0.005,,0.04,REDUCE
0xe715c38db22a7280eca1cb09a31d472f25411661c29b73ab399bdd0ec328edc9,2026-03-06T21:25:41Z,bitcoin-up-or-down-march-6-4pm-et,Down,BUY,18,0.59,0.65,0.66,0.01,0.655,0.6596736858,0.3562574706,4485.62,8105.33,93.023255814,0.0106976744,0.0025776963,49.112327,0.5987240887,4,PASSIVE,,TRADE,,0.065,0.055,0.03,0.075,4,,OPEN
0x4114dfc936a0e41291fc04d30dd3697e2a9aa3c929d969dba458839cb5bd3bd6,2026-03-06T21:25:41Z,bitcoin-up-or-down-march-6-4pm-et,Down,SELL,30,0.63,0.65,0.66,0.01,0.655,0.6596736858,0.3562574706,4485.62,8105.33,93.1818181818,0.0106818182,0.0025497171,67.112327,0.5963842265,0,CROSS,,TRADE,,-0.025,-0.015,0.01,-0.035,,-0.29336981,REDUCE
0x0f7bef2d2c05ab36284bae6a1852248bdd3268f731f138c0526e106ee0ecda45,2026-03-06T21:25:41Z,bitcoin-up-or-down-march-6-4pm-et,Down,SELL,18,0.64,0.65,0.66,0.01,0.655,0.6596736858,0.3562574706,4485.62,8105.33,93.3333333333,0.0106666667,0.0025226249,37.112327,0.5963842265,0,CROSS,,TRADE,,-0.015,-0.005,0.02,-0.025,,-0.28438365,REDUCE
0xa2efc0aaf2f0b5e15206f0527806f8694009157fb15da94deecd871fa7bf6a58,2026-03-06T21:25:45Z,bitcoin-up-or-down-march-6-4pm-et,Down,SELL,18,0.66,0.65,0.66,0.01,0.655,0.6596736858,0.3562574706,4485.62,8105.33,93.4782608696,0.0106521739,0.0024963742,19.112327,0.5963842265,4,PASSIVE,,TRADE,,0.005,0.035,0.035,-0.015,,1.17101384,REDUCE
0x7173395932bf731800fec5337933862987b35d77898d203ba2084926707bf3f8,2026-03-06T21:25:49Z,bitcoin-up-or-down-march-6-4pm-et,Down,SELL,7.56,0.67,0.65,0.66,0.01,0.655,0.6596736858,0.3562574706,4485.62,8105.33,93.6170212766,0.0106382979,0.0024709225,1.112327,0.5963842265,4,PASSIVE,,TRADE,,0.025,0.045,0.04,-0.015,,0.08898616,CLOSE
0x3656f047fc4a4569210d9faffbdd3904876697acc838aa52900846c3b8f563fb,2026-03-06T21:25:51Z,bitcoin-up-or-down-march-6-4pm-et,Down,SELL,10.44,0.67,0.65,0.66,0.01,0.655,0.6596736858,0.3562574706,4485.62,8105.33,93.75,0.010625,0.0024462303,0,0,2,PASSIVE,,TRADE,,0.025,0.045,0.045,-0.005,,0,FLIP
0x35b8678fd3198096161c7989ae137fe2174196b051f253119937f4077c8b89cb,2026-03-06T21:25:51Z,bitcoin-up-or-down-march-6-4pm-et,Down,BUY,18,0.6,0.65,0.66,0.01,0.655,0.6596736858,0.3562574706,4485.62,8105.33,93.8775510204,0.0106122449,0.0024222607,0,0,0,PASSIVE,,TRADE,,0.045,0.025,0.025,0.075,4,,OPEN
0xcffbb377954f8caa82070c8df106bd6661f870cdf109e34dc4a9f405733139b6,2026-03-06T21:25:51Z,bitcoin-up-or-down-march-6-4pm-et,Down,SELL,39.74,0.6654680423,0.65,0.66,0.01,0.655,0.6596736858,0.3562574706,4485.62,8105.33,94,0.0106,0.0023989794,18,0.6,0,PASSIVE,,TRADE,,0.0204680423,0.0404680423,0.0404680423,-0.0095319577,,1.1784247614,CLOSE
0x1f298d49fe248162313ed4c41648a70e7c6f7e08de7dda76dd6708b71bb0f712,2026-03-06T21:25:55Z,bitcoin-up-or-down-march-6-4pm-et,Down,SELL,6.75,0.66,0.61,0.63,0.02,0.62,0.6293370166,0.5257011378,5440.05,4908.13,100,0.0107692308,0.0026906912,0,0,4,PASSIVE,,TRADE,,0.04,0.04,0.03,-0.005,,0,FLIP
0x5747907c1e1a2be2d125f2cfe1da33afabcda65b33fab3fab8995200fdcc8555,2026-03-06T21:25:57Z,bitcoin-up-or-down-march-6-4pm-et,Down,SELL,11.25,0.66,0.61,0.63,0.02,0.62,0.6293370166,0.5257011378,5440.05,4908.13,100,0.0109433962,0.0029509783,0,0,2,PASSIVE,,TRADE,,0.04,0.04,0.025,-0.005,,0,FLIP
0x4e75b95a1fa56248a29ad78b7783041e25790116a216e3e5715b3af86f96b72e,2026-03-06T21:26:03Z,bitcoin-up-or-down-march-6-4pm-et,Down,SELL,6.84,0.65,0.61,0.63,0.02,0.62,0.6289701897,0.524949339,5440.05,4922.95,100,0.0111111111,0.0031722063,0,0,6,PASSIVE,,TRADE,,0.03,0.025,-0.035,-0.005,,0,FLIP
0xd6c61f6ddbae3ae28e2fe015c0cb5575cd1dd86eb4cec99038ae737d66623a9f,2026-03-06T21:26:07Z,ethereum-up-or-down-march-6-4pm-et,Up,SELL,3,0.24,0.22,0.24,0.02,0.23,0.2267137318,0.4720446621,5452.89,6098.75,100,0.012,0.0041039134,153.315908,0.4003904051,68,PASSIVE,,TRADE,,0.01,0.005,0.045,0.005,,-0.84,REDUCE
0xb1c299256d4161d8a2fcea7782722b8a94f8fd212e5fb5c3890a82f2bc8895e9,2026-03-06T21:26:11Z,bitcoin-up-or-down-march-6-4pm-et,Down,BUY,13.157893,0.6200000258,0.63,0.64,0.01,0.635,0.6324489796,0.2767252954,3093.62,8085.77,80.8510638298,0.0119148936,0.0039772712,0,0,8,PASSIVE,,TRADE,,0.0149999742,0.0149999742,0.0449999742,0.0349999742,22,,OPEN
0x1fab94c19d29367cf748373925c6f12d635dc7ee01a745fc718e33e7e09184e9,2026-03-06T21:26:15Z,bitcoin-up-or-down-march-6-4pm-et,Down,BUY,12,0.61,0.63,0.64,0.01,0.635,0.6324489796,0.2767252954,3093.62,8085.77,81.25,0.011875,0.0039444278,13.157893,0.6200000258,4,PASSIVE,,TRADE,,0.025,0.025,0.065,0.045,18,,OPEN
0xee06d04ad3fd1bc8d00e91da68b32e707096562dfbb90282af6279d923ea17d6,2026-03-06T21:26:33Z,xrp-up-or-down-march-6-4pm-et,Up,BUY,35.064003,0.7315267108,0.7,0.72,0.02,0.71,0.711503268,0.5155722688,1657.57,1557.44,100,0.0147619048,0.0051176632,296.907485,0.664058734,60,CROSS,,TRADE,,-0.0265267108,-0.0265267108,0.0234732892,0.0634732892,46,,OPEN
0x2b0672ca2b6437a5425c99270e66b6ebc0347771df010c2f64db7e90600ac2cc,2026-03-06T21:26:33Z,bitcoin-up-or-down-march-6-4pm-et,Down,SELL,18,0.66,0.67,0.68,0.01,0.675,0.6789556136,0.2278785791,2434.24,8247.94,75.6756756757,0.0124324324,0.0043495884,25.157893,0.6152301387,18,CROSS,,TRADE,,-0.015,-0.015,0.005,0.045,,0.7684207305,REDUCE
0x86b3ad807c4eee572c9c211745646d7c7f44225b034471a46566900082afb4b9,2026-03-06T21:26:35Z,bitcoin-up-or-down-march-6-4pm-et,Down,BUY,0.02,0.64,0.67,0.68,0.01,0.675,0.6789556136,0.2278785791,2434.24,8247.94,76.3157894737,0.0123684211,0.0043085148,7.157893,0.6152301387,2,PASSIVE,,TRADE,,0.035,0.035,0.015,-0.025,74,,OPEN
0xc8a5ddf826c6510fabccb96d0a660ba56d60439ed89baa4e0056dabf398d03dd,2026-03-06T21:26:37Z,bitcoin-up-or-down-march-6-4pm-et,Down,BUY,18,0.68,0.67,0.68,0.01,0.675,0.6792456246,0.2308980727,2475.86,8246.88,76.9230769231,0.0123076923,0.0042683279,7.177893,0.6152991558,2,CROSS,,TRADE,,-0.005,-0.005,-0.025,-0.11,72,,OPEN
0x7505c0e164ef8eac953a354c6ba65f8f1263821afb6624ae7ec06b9801225c0f,2026-03-06T21:26:49Z,bitcoin-up-or-down-march-6-4pm-et,Down,BUY,18,0.67,0.65,0.66,0.01,0.655,0.6571014493,0.2431187035,2735.63,8516.61,75.8620689655,0.0124137931,0.0043549417,25.177893,0.6615546227,12,CROSS,,TRADE,,-0.015,-0.015,-0.025,-0.105,60,,OPEN
0x5a1a74eee2f60541a3f19bc89d1140233c61ec642f65bafb8021c73a985575c8,2026-03-06T21:26:51Z,solana-up-or-down-march-6-4pm-et,Up,BUY,4.97825,0.08,0.09,0.1,0.01,0.095,0.0967427783,0.8731510505,16685.48,2424.02,100,0.01,0,35.05775,0.5132084917,522,PASSIVE,,TRADE,,0.015,0.015,0.005,0.015,882,,OPEN
0xfae5ae318ae8ca003b8c6eb70b784c20f25c8b3190398c264542b8a0fd8f97ec,2026-03-06T21:26:53Z,ethereum-up-or-down-march-6-4pm-et,Down,BUY,44.75492,0.82,0.76,0.77,0.01,0.765,0.7695464847,0.5371088258,5482.49,4724.92,80.9523809524,0.0119047619,0.0040237391,119.058124,0.4770976183,230,CROSS,,TRADE,,-0.055,-0.055,-0.065,-0.105,432,,OPEN
0xed6f729316323bf7d83334d59377d2fea232ea3673e358446423586da725db8a,2026-03-06T21:27:17Z,bitcoin-up-or-down-march-6-4pm-et,Down,BUY,17.98,0.64,0.64,0.65,0.01,0.645,0.6401157742,0.2367980179,2647.39,8532.56,96.1538461538,0.0103846154,0.0019611614,43.177893,0.6650753316,28,PASSIVE,,TRADE,,-0.015,-0.025,-0.075,-0.085,32,,OPEN
0x47e69f484275096d61a5a3f81a2fcee79b5721f7c02512c8aac877bc74086661,2026-03-06T21:27:19Z,xrp-up-or-down-march-6-4pm-et,Up,SELL,20,0.78,0.78,0.8,0.02,0.79,0.790328152,0.5024814189,1916.64,1897.71,100,0.0128571429,0.0046291005,331.971488,0.6711849404,46,CROSS,,TRADE,,-0.01,-0.005,-0.025,-0.055,,3.76435646,REDUCE
0x70fd3464f7925b5fe66efdfdd52d51474cae2de0bc43f02f38b24cd3936b13e7,2026-03-06T21:27:33Z,xrp-up-or-down-march-6-4pm-et,Up,BUY,10.2,0.78,0.79,0.81,0.02,0.8,0.8078773585,0.3850885988,2235.37,3569.45,100,0.0128571429,0.0046291005,311.971488,0.6711849404,14,PASSIVE,,TRADE,,0.02,0.025,0.055,0.065,212,,OPEN
0xbb0c754f3878b32b1b277837b498582d59f1fbed966ef4508fca2c14aa3f4b28,2026-03-06T21:27:41Z,bitcoin-up-or-down-march-6-4pm-et,Down,BUY,5,0.56,0.56,0.58,0.02,0.57,0.5728071415,0.2943988408,3246.81,7781.8,100,0.010952381,0.003007926,61.157893,0.6577033565,24,PASSIVE,,TRADE,,0.01,0.01,0.005,-0.035,8,,OPEN
0xa3f43ed22f4d84a55980708d0007b9dd7fa7b731b2544cf5ddcb66c3459004d5,2026-03-06T21:27:41Z,bitcoin-up-or-down-march-6-4pm-et,Down,BUY,18,0.57,0.56,0.58,0.02,0.57,0.5728071415,0.2943988408,3246.81,7781.8,100,0.0113636364,0.0035125009,66.157893,0.6503192522,0,PASSIVE,,TRADE,,0,0,-0.005,-0.045,8,,OPEN
0xd700d0d20a52ed47594c679139b3acce35119d7d5e8435c49e932dab0e08c504,2026-03-06T21:27:43Z,xrp-up-or-down-march-6-4pm-et,Up,BUY,20,0.8,0.83,0.84,0.01,0.835,0.8331771247,0.1597864632,1872.21,9844.74,80.9523809524,0.0119047619,0.0040237391,322.171488,0.6746300423,10,PASSIVE,,TRADE,,0.035,0.035,0.035,0.035,202,,OPEN
0x7733b28f1b49b4dc3503b4d2c9a2c8ff3b55b823c21a1585a4f735ee9938d775,2026-03-06T21:27:49Z,bitcoin-up-or-down-march-6-4pm-et,Down,SELL,18,0.6,0.56,0.57,0.01,0.565,0.568915009,0.3125635912,3391.49,7459.07,86.9565217391,0.0113043478,0.0034435022,84.157893,0.6331402748,8,PASSIVE,,TRADE,,0.03,0.03,0.045,0.055,,-0.93814749,REDUCE
0xf4417c63acc57a38da4d2f8a106763b7b501d04ec9a6d08084a3061b0516ec30,2026-03-06T21:27:49Z,bitcoin-up-or-down-march-6-4pm-et,Down,BUY,27.29926,0.56,0.56,0.57,0.01,0.565,0.568915009,0.3125635912,3391.49,7459.07,87.5,0.01125,0.0033783196,66.157893,0.6331402748,0,PASSIVE,,TRADE,,0.01,0.01,-0.005,-0.015,34,,OPEN
0x83095d77e04dbed5a81a39ce73078691b2d9dd3424d062fb3a93538e2b79f07d,2026-03-06T21:28:05Z,bitcoin-up-or-down-march-6-4pm-et,Down,BUY,18,0.56,0.56,0.57,0.01,0.565,0.5622250108,0.2892293466,3196.69,7855.75,88,0.0112,0.0033166248,93.457153,0.6117756675,16,PASSIVE,,TRADE,,0.005,0.005,-0.045,-0.015,18,,OPEN
0xf7119dc611b21d634dd7f36286f39d9ad2f1564a98fc6229617973d5110c5640,2026-03-06T21:28:21Z,bitcoin-up-or-down-march-6-4pm-et,Down,BUY,18,0.52,0.51,0.52,0.01,0.515,0.5131506849,0.2644357431,2406.91,6695.15,76,0.0124,0.0043588989,111.457153,0.6034140506,16,CROSS,,TRADE,,-0.005,-0.005,0.025,0,2,,OPEN
0x8f4e0b08bf34face2912ecdac0e41ff0d812d5ea20b8fbef0918cf6e5c46f509,2026-03-06T21:28:23Z,bitcoin-up-or-down-march-6-4pm-et,Down,SELL,18,0.59,0.51,0.52,0.01,0.515,0.5131506849,0.2644357431,2406.91,6695.15,76.9230769231,0.0123076923,0.0042966892,129.457153,0.5918159822,2,PASSIVE,,TRADE,,0.075,0.075,0.045,0.07,,-1.51177893,REDUCE
0xd5363760075e93af799d7fd226daf132dcd3377340c505a5800d52b41486c46f,2026-03-06T21:28:23Z,xrp-up-or-down-march-6-4pm-et,Up,BUY,6.764704,0.8300001005,0.84,0.85,0.01,0.845,0.8464285714,0.1320824536,1781.12,11703.79,86.3636363636,0.0113636364,0.0035125009,342.171488,0.6819579444,40,PASSIVE,,TRADE,,0.0149998995,0.0149998995,0.0049998995,0.0049998995,162,,OPEN
0x3107d413231823ec069477d9fe9f2bc07f3a35df7840fdadfa9a09fa7556343f,2026-03-06T21:28:23Z,bitcoin-up-or-down-march-6-4pm-et,Down,BUY,0.02,0.56,0.51,0.52,0.01,0.515,0.5103901649,0.2497164186,2318.13,6964.92,77.7777777778,0.0122222222,0.0042365927,111.457153,0.5918159822,0,CROSS,,TRADE,,-0.045,-0.045,-0.015,-0.04,10,,OPEN
0xe16cebf7fc901d616358a9eecc32f8ce80bdd93ca0fa4c98d82f1fd07fa7ef93,2026-03-06T21:28:33Z,bitcoin-up-or-down-march-6-4pm-et,Down,SELL,42,0.5295238095,0.54,0.55,0.01,0.545,0.5450721122,0.275927961,2759.47,7241.22,78.5714285714,0.0121428571,0.0041785545,111.477153,0.5918102741,10,CROSS,,TRADE,,-0.0154761905,-0.0154761905,-0.0054761905,0.0145238095,,-3.626389301,REDUCE
0x3f7f3f5ef9bd7f77f3c5f0cd37d4b3879aaa374bc1ee77f7083b8bb54b8e7103,2026-03-06T21:28:33Z,bitcoin-up-or-down-march-6-4pm-et,Down,BUY,20.67293,0.52,0.54,0.55,0.01,0.545,0.5450721122,0.275927961,2759.47,7241.22,79.3103448276,0.0120689655,0.0041225082,69.477153,0.5918102741,0,PASSIVE,,TRADE,,0.025,0.025,0.015,-0.005,4,,OPEN
0x5b8adb443e7812a90265c3d5ac0e1dacadb9224bd11b57a968feb5540d7c6c22,2026-03-06T21:28:33Z,bitcoin-up-or-down-march-6-4pm-et,Down,BUY,18,0.49,0.54,0.55,0.01,0.545,0.5450721122,0.275927961,2759.47,7241.22,80,0.012,0.004068381,90.150083,0.5753429707,0,PASSIVE,,TRADE,,0.055,0.055,0.045,0.025,4,,OPEN
0xac1c996a8c679ee46fe513accde70842998a72225a3df71a87847820c32cd1b0,2026-03-06T21:28:37Z,bitcoin-up-or-down-march-6-4pm-et,Down,SELL,18,0.56,0.54,0.55,0.01,0.545,0.5450721122,0.275927961,2759.47,7241.22,80.6451612903,0.0119354839,0.0040160966,108.150083,0.5611388811,4,PASSIVE,,TRADE,,0.015,0.015,0.005,0.045,,-0.06157893,REDUCE
0x264638be809013fa5a591e2e60bbdad7b63bded8a2ddac89187cb0e281bf4f2b,2026-03-06T21:28:39Z,bitcoin-up-or-down-march-6-4pm-et,Down,BUY,18,0.48,0.54,0.55,0.01,0.545,0.5450721122,0.275927961,2759.47,7241.22,81.25,0.011875,0.0039655777,90.150083,0.5611388811,2,PASSIVE,,TRADE,,0.065,0.065,0.075,0.055,6,,OPEN
0x683c107554310e608109f664932e9e1ad144d9a9faba4e9b6a91ad9e72dc04f2,2026-03-06T21:28:45Z,bitcoin-up-or-down-march-6-4pm-et,Down,SELL,18,0.52,0.54,0.55,0.01,0.545,0.5450721122,0.275927961,2759.47,7241.22,81.8181818182,0.0118181818,0.0039167473,108.150083,0.5476345007,6,CROSS,,TRADE,,-0.025,-0.025,-0.005,-0.025,,-0.72,REDUCE
0xee5e634c6f6e6c455218fc84e60374e316cbdc23f3540c8904b34e092415005e,2026-03-06T21:28:49Z,bitcoin-up-or-down-march-6-4pm-et,Down,SELL,18,0.53,0.54,0.55,0.01,0.545,0.5450721122,0.275927961,2759.47,7241.22,82.3529411765,0.0117647059,0.0038695299,90.150083,0.5476345007,4,CROSS,,TRADE,,-0.015,-0.015,0.005,-0.015,,-0.43828612,REDUCE
0x0df23060fd415698ccaa27b183773a31397fd5c228955ad0b14fbb59b8e6c33a,2026-03-06T21:28:53Z,bitcoin-up-or-down-march-6-4pm-et,Down,BUY,29.53724,0.54,0.55,0.56,0.01,0.555,0.5572428218,0.2653391434,2666.47,7382.82,84.375,0.0115625,0.0036890203,72.150083,0.5476345007,4,PASSIVE,,TRADE,,0.015,0.015,-0.02,-0.005,24,,OPEN
0x9960f3c62a2fcdcab16a0766ede03f3abe6c5b846b137cf5778438cb6a6466a8,2026-03-06T21:28:53Z,bitcoin-up-or-down-march-6-4pm-et,Down,SELL,18,0.58,0.55,0.56,0.01,0.555,0.5572428218,0.2653391434,2666.47,7382.82,84.8484848485,0.0115151515,0.0036410954,101.687323,0.545416898,0,PASSIVE,,TRADE,,0.025,0.025,0.06,0.045,,1.0792,REDUCE
0x0678b08cb0a88b4f8e5db6d3727eb4c29f1f4993b358f02a73849dd6285e103d,2026-03-06T21:28:57Z,bitcoin-up-or-down-march-6-4pm-et,Down,BUY,18,0.54,0.55,0.56,0.01,0.555,0.5572428218,0.2653391434,2666.47,7382.82,85.2941176471,0.0114705882,0.0035949063,83.687323,0.545416898,4,PASSIVE,,TRADE,,0.015,0.015,-0.025,0.005,20,,OPEN
0x1a41f0c8998b3456e6e8f37136bcef8997f62c65a6cfdbd11b4d9e480c20730f,2026-03-06T21:29:11Z,bitcoin-up-or-down-march-6-4pm-et,Down,BUY,18,0.52,0.52,0.53,0.01,0.525,0.5230286834,0.2735055071,2254.99,5989.78,83.8709677419,0.0116129032,0.0037387825,101.687323,0.5444580355,14,PASSIVE,,TRADE,,0.005,0.005,0.015,0.035,6,,OPEN
0xb8e2befedfaaf35df50e96d8b9d7fe790313660480e679343e9fdf15b30a5710,2026-03-06T21:29:17Z,bitcoin-up-or-down-march-6-4pm-et,Down,SELL,40,0.53,0.52,0.53,0.01,0.525,0.5230286834,0.2735055071,2254.99,5989.78,84.375,0.0115625,0.0036890203,119.687323,0.5407797459,6,PASSIVE,,TRADE,,0.005,0.015,-0.015,-0.005,,1.09399668,REDUCE
0xb1305252bfdedf7f5112398ec4084e58a4fb2f31376c1c4bc747fee3b6302428,2026-03-06T21:29:17Z,bitcoin-up-or-down-march-6-4pm-et,Down,BUY,17.647057,0.490000004,0.52,0.53,0.01,0.525,0.5230286834,0.2735055071,2254.99,5989.78,84.8484848485,0.0115151515,0.0036410954,79.687323,0.5407797459,0,PASSIVE,,TRADE,,0.034999996,0.024999996,0.054999996,0.044999996,24,,OPEN
0xc5d56f9bd5de9140631c709a2ff1d416b37e2914b625c910cfda12c5e150738e,2026-03-06T21:29:41Z,bitcoin-up-or-down-march-6-4pm-et,Down,SELL,18,0.54,0.57,0.59,0.02,0.58,0.5754545455,0.5492409104,3257.07,2673.06,100,0.0112,0.0033166248,97.33438,0.5315732045,24,CROSS,,TRADE,,-0.025,-0.025,-0.015,-0.005,,0.84900498,REDUCE
0xd3d6f6b4dcbf83db33b7a828d493a4c7ae9a55c9f68c4f71d4c425737a432091,2026-03-06T21:30:03Z,solana-up-or-down-march-6-4pm-et,Down,SELL,25,0.91,0.92,0.93,0.01,0.925,0.9202140102,0.1765499025,2041.33,9521.01,100,0.01,0,228.134324,0.5716231349,364,CROSS,,TRADE,,-0.015,-0.015,-0.005,-0.015,,11.50981532,REDUCE
0xe39ffb41239af152c0ce8fc3a7b5c1bf1702fdc62d55120b15436f3e6248b839,2026-03-06T21:30:57Z,bitcoin-up-or-down-march-6-4pm-et,Down,SELL,18,0.55,0.52,0.53,0.01,0.525,0.5268921087,0.1678415781,1839.73,9121.38,100,0.01,0,79.33438,0.5315732045,76,PASSIVE,,TRADE,,0.025,0.025,0.025,0.055,,0.18,REDUCE
0xca55dffce356fdd12f8a38468d6f59e8b69a56992502f3962b023a813d7d75a7,2026-03-06T21:31:03Z,ethereum-up-or-down-march-6-4pm-et,Up,BUY,25,0.29,0.29,0.3,0.01,0.295,0.2903467797,0.4513237686,4446.18,5405.24,63.6363636364,0.0136363636,0.0049236596,150.315908,0.4003904051,296,PASSIVE,,TRADE,,0.005,-0.015,-0.005,0.005,826,,OPEN
0x2141a27e709bb655438756a14a38d62e947d1cd015b2f27539e09e20459a1045,2026-03-06T21:31:05Z,xrp-up-or-down-march-6-4pm-et,Up,SELL,20,0.88,0.84,0.86,0.02,0.85,0.8562754665,0.1188094147,1726.46,12804.88,100,0.014,0.0050262469,348.936192,0.6848279859,162,PASSIVE,,TRADE,,0.035,0.035,0.03,0.035,,5.41782177,REDUCE
0x0f0d1a0a042e15612149124e73edeafd063cbffc7c2626e61f20e7b2dcbecda4,2026-03-06T21:31:07Z,bitcoin-up-or-down-march-6-4pm-et,Down,SELL,18,0.53,0.52,0.53,0.01,0.525,0.5298935113,0.1912806511,1853.06,7834.59,100,0.01,0,61.33438,0.5315732045,10,PASSIVE,,TRADE,,0.005,0.005,0.02,0.065,,-0.18,REDUCE
0x372de36901b2ca4b423f5bfc99ecbd9eb66dcf204f5a01982ff1fe8fd1d257ea,2026-03-06T21:31:13Z,ethereum-up-or-down-march-6-4pm-et,Down,BUY,39.57606,0.71,0.71,0.73,0.02,0.72,0.7187853107,0.504022586,5484.3,5396.76,100,0.0125,0.0044426166,163.813044,0.5707810533,260,PASSIVE,,TRADE,,0.005,0.005,0,-0.015,172,,OPEN
0xfe5c6862a269278518e2cbc3e58cefe1a1b01fa408f17712c5264e3c6349a6fc,2026-03-06T21:32:41Z,bitcoin-up-or-down-march-6-4pm-et,Down,SELL,18,0.49,0.49,0.5,0.01,0.495,0.4999379408,0.5525910898,11047.6,8944.76,95.4545454545,0.0104545455,0.0021320072,43.33438,0.5315732045,94,CROSS,,TRADE,,-0.005,-0.005,-0.005,0.025,,-0.69374646,REDUCE
0x25cf0f484fcc9f0a540f86874816dac49f54f7cc953fe9cc31031beadbaff4cb,2026-03-06T21:32:41Z,bitcoin-up-or-down-march-6-4pm-et,Up,BUY,29.53163,0.51,0.5,0.51,0.01,0.505,0.5000620592,0.4475747011,8950.76,11047.6,90.9090909091,0.0109090909,0.0029424494,155.780085,0.5252793733,454,CROSS,,TRADE,,-0.005,-0.005,-0.005,0.025,74,,OPEN
0xda4c04a295b043d2422c12dc1867ea33a89921355e7f1de3185df15eb528e5a8,2026-03-06T21:32:43Z,ethereum-up-or-down-march-6-4pm-et,Up,BUY,2,0.24,0.26,0.27,0.01,0.265,0.2600919118,0.4574601339,5047.24,5985.94,77.2727272727,0.0122727273,0.0042893203,175.315908,0.3846487639,100,PASSIVE,,TRADE,,0.025,0.02,0.065,0.07,726,,OPEN
0x3e81af61ac64df0bb193dd82c618bf3a3da149e8065269a49985453325a82c03,2026-03-06T21:32:43Z,ethereum-up-or-down-march-6-4pm-et,Up,BUY,2.131575,0.24,0.26,0.27,0.01,0.265,0.2600919118,0.4574601339,5047.24,5985.94,78.2608695652,0.012173913,0.0042174117,177.315908,0.3830172265,0,PASSIVE,,TRADE,,0.025,0.02,0.065,0.07,726,,OPEN
0x1bd9cd144a6a5d3b8e50748ccb2dab269f27e33ed5edf8e7b3b514551e7974b2,2026-03-06T21:32:45Z,ethereum-up-or-down-march-6-4pm-et,Up,BUY,1.578945,0.2400001267,0.26,0.27,0.01,0.265,0.2600919118,0.4574601339,5047.24,5985.94,79.1666666667,0.0120833333,0.0041485112,179.447483,0.3813183899,2,PASSIVE,,TRADE,,0.0249998733,0.0199998733,0.0649998733,0.0699998733,724,,OPEN
0xfb141f43980b17d62212275e8fbf12ba379db41772c50bab6613dcd36805a17c,2026-03-06T21:32:45Z,ethereum-up-or-down-march-6-4pm-et,Up,BUY,3.86842,0.2400000517,0.26,0.27,0.01,0.265,0.260087108,0.4574601339,5047.24,5985.94,80,0.012,0.0040824829,181.026428,0.3800857867,0,PASSIVE,,TRADE,,0.0249999483,0.0199999483,0.0649999483,0.0699999483,724,,OPEN
0x8c7e26fa51f571f709c47813c358214ed3d1655fd0701713c635eee213d48e61,2026-03-06T21:32:49Z,ethereum-up-or-down-march-6-4pm-et,Up,BUY,1.651312,0.2400000727,0.26,0.28,0.02,0.27,0.2723878233,0.475825269,5467.18,6022.71,100,0.0130769231,0.0047067872,184.894848,0.3771548751,4,PASSIVE,,TRADE,,0.0299999273,0.0299999273,0.0649999273,0.0549999273,720,,OPEN
0xa27e836e7bdd9a155508591c7216b82780edec0c36c2126119a341cc2675be6a,2026-03-06T21:32:49Z,ethereum-up-or-down-march-6-4pm-et,Up,BUY,5.973683,0.2400000134,0.26,0.28,0.02,0.27,0.2723878233,0.475825269,5467.18,6022.71,100,0.0133333333,0.0048038446,186.54616,0.3759407768,0,PASSIVE,,TRADE,,0.0299999866,0.0299999866,0.0649999866,0.0549999866,720,,OPEN
0xa99ec205dc4231918d8169813a3a8fc9841e6760f39966f8371d20722041071f,2026-03-06T21:32:51Z,solana-up-or-down-march-6-4pm-et,Down,SELL,4.98936,0.9399999198,0.93,0.94,0.01,0.935,0.9354054054,0.2577165733,2702.55,7783.97,86.3636363636,0.0113636364,0.0035125009,203.134324,0.5716231349,168,PASSIVE,,TRADE,,0.0049999198,0.0049999198,0.0049999198,0.0049999198,,2.2951051999,REDUCE
0x4a5e9877b49d327e1a8d36a22543e58fb6e9da15f323ec1a6641a658a5d20029,2026-03-06T21:33:19Z,bitcoin-up-or-down-march-6-4pm-et,Up,BUY,29.53163,0.51,0.54,0.55,0.01,0.545,0.5431982425,0.7757376659,8874.02,2565.44,94.7368421053,0.0105263158,0.0022941573,185.311715,0.5228444231,38,PASSIVE,,TRADE,,0.035,0.035,-0.015,-0.045,36,,OPEN
0xc920817c955f9956cd10a66a310be4c6091c9c68154773d7aabf1b132cfa8182,2026-03-06T21:33:19Z,bitcoin-up-or-down-march-6-4pm-et,Up,BUY,29.53163,0.51,0.54,0.55,0.01,0.545,0.5431982425,0.7757376659,8874.02,2565.44,95,0.0105,0.002236068,214.843345,0.5210788727,0,PASSIVE,,TRADE,,0.035,0.035,-0.015,-0.045,36,,OPEN
0x2996ca290d494646ccd4153fb264565717546476ddf74af482282dc7247874ea,2026-03-06T21:33:19Z,bitcoin-up-or-down-march-6-4pm-et,Up,BUY,29.53163,0.51,0.54,0.55,0.01,0.545,0.5431982425,0.7757376659,8874.02,2565.44,95.2380952381,0.0104761905,0.0021821789,244.374975,0.5197400401,0,PASSIVE,,TRADE,,0.035,0.035,-0.015,-0.045,36,,OPEN
0x0f6941189de2872416ee784c39866c9776933a3977d019e2a1f95d448da2c16e,2026-03-06T21:33:19Z,bitcoin-up-or-down-march-6-4pm-et,Up,BUY,29.53163,0.51,0.54,0.55,0.01,0.545,0.5434038822,0.7767153958,8874.02,2551.04,95.4545454545,0.0104545455,0.0021320072,273.906605,0.5186899039,0,PASSIVE,,TRADE,,0.035,0.035,-0.015,-0.045,36,,OPEN
0x2cfe0557cb9eb29307f4dabee99c22d68b60f058eb5d1b82c96f6e445adba33d,2026-03-06T21:33:21Z,bitcoin-up-or-down-march-6-4pm-et,Down,BUY,2.26,0.44,0.45,0.46,0.01,0.455,0.4565961178,0.2229367481,2539.04,8850.02,100,0.01,0,25.33438,0.5315732045,40,PASSIVE,,TRADE,,0.015,0.025,0.065,0.115,104,,OPEN
0x34c0aea2b7689027b0fd97e5b7897916f22421de344c8cf0ad02dcecfa3884cc,2026-03-06T21:33:23Z,bitcoin-up-or-down-march-6-4pm-et,Down,BUY,15.74,0.44,0.47,0.48,0.01,0.475,0.4723629613,0.2072107693,2374.02,9083.01,100,0.01,0,27.59438,0.5240732917,2,PASSIVE,,TRADE,,0.035,0.035,0.065,0.115,102,,OPEN
0xfef03a3445dea64c7fad1c1952a5afbfe0833d59f3c16dd4f078b72bf6d83074,2026-03-06T21:33:29Z,bitcoin-up-or-down-march-6-4pm-et,Up,BUY,18,0.54,0.52,0.53,0.01,0.525,0.5250592448,0.7943191622,8562.84,2217.26,100,0.01,0,303.438235,0.5178441732,10,CROSS,,TRADE,,-0.015,-0.015,-0.065,-0.085,26,,OPEN
0xae8a21c268659e2b3c122d49a1d1abf4e8194e866a3fe63490d948fb8d003154,2026-03-06T21:33:29Z,bitcoin-up-or-down-march-6-4pm-et,Up,BUY,18,0.55,0.52,0.53,0.01,0.525,0.5250592448,0.7943191622,8562.84,2217.26,100,0.01,0,321.438235,0.5190848622,0,CROSS,,TRADE,,-0.025,-0.025,-0.075,-0.095,26,,OPEN
0x2c8d7275af7c906ec35bf28ae2d1f49ec5e12ec1a9e5e3a321315ea2cc245495,2026-03-06T21:33:53Z,ethereum-up-or-down-march-6-4pm-et,Up,BUY,1.42857,0.3,0.26,0.28,0.02,0.27,0.2653928154,0.4197880185,4361.82,6028.71,100,0.0125,0.0044426166,192.519843,0.3717226816,64,CROSS,,TRADE,,-0.035,-0.035,-0.045,-0.075,656,,OPEN
0x21acbe6fe618c4d0387c641255ba0dbe5d9cab3986781611b891ec148388fcda,2026-03-06T21:33:55Z,bitcoin-up-or-down-march-6-4pm-et,Up,SELL,30,0.49,0.47,0.48,0.01,0.475,0.4787942708,0.7954918722,9086.49,2335.99,100,0.01,0,339.438235,0.5207242546,26,PASSIVE,,TRADE,,0.015,0.015,0.035,0.08,,-2.28,REDUCE
0x40283ae4021fde6a312e462fcd49300e1ea85b400d850a7b4fad9bce5bc2e7d9,2026-03-06T21:33:59Z,xrp-up-or-down-march-6-4pm-et,Up,SELL,35,0.85,0.83,0.84,0.01,0.835,0.8328481013,0.1353438747,1404.37,8971.94,100,0.01,0,328.936192,0.6848279859,174,PASSIVE,,TRADE,,0.025,0.025,0.025,0.035,,8.50715646,REDUCE
0xce281414d1a4f3f4b30ba432979848abe0a0643cab31f6c64c38aebbf32663cc,2026-03-06T21:34:05Z,ethereum-up-or-down-march-6-4pm-et,Down,SELL,1.567566,0.7399994641,0.74,0.75,0.01,0.745,0.7476865508,0.5772675505,6229.45,4561.82,94.7368421053,0.0105263158,0.0022941573,203.389104,0.5978706922,172,CROSS,,TRADE,,-0.0050005359,-0.0050005359,-0.0100005359,0.0749994641,,0.4702689599,REDUCE
0x3e6270a786aadd872a69175a0be73459f1df32f27b3c0a161123e3cedd84a0b8,2026-03-06T21:34:05Z,ethereum-up-or-down-march-6-4pm-et,Down,SELL,1.540539,0.7399994418,0.74,0.75,0.01,0.745,0.7476865508,0.5772675505,6229.45,4561.82,95,0.0105,0.002236068,201.821538,0.5978706922,0,CROSS,,TRADE,,-0.0050005582,-0.0050005582,-0.0100005582,0.0749994418,,0.4621608401,REDUCE
0x72f4452f5232050913e7df6967bbf40bf14acfc4579a1c2af403258f2251593b,2026-03-06T21:34:05Z,ethereum-up-or-down-march-6-4pm-et,Down,SELL,6.756755,0.7399998964,0.74,0.75,0.01,0.745,0.7476865508,0.5772675505,6229.45,4561.82,95.2380952381,0.0104761905,0.0021821789,200.280999,0.5978706922,0,CROSS,,TRADE,,-0.0050001036,-0.0050001036,-0.0100001036,0.0749998964,,2.0270258,REDUCE
0x04a57013ec27046361914657e833b74184bb5b8311c7f7c44c6dca9f4f899e61,2026-03-06T21:34:05Z,ethereum-up-or-down-march-6-4pm-et,Down,SELL,3.864863,0.7399998396,0.74,0.75,0.01,0.745,0.7476865508,0.5772675505,6229.45,4561.82,95.4545454545,0.0104545455,0.0021320072,193.524244,0.5978706922,0,CROSS,,TRADE,,-0.0050001604,-0.0050001604,-0.0100001604,0.0749998396,,1.1594582801,REDUCE
0xb5615cbb38166f21ae5648ba7194c81fc226170c67df2bab622b8efda0551111,2026-03-06T21:34:07Z,ethereum-up-or-down-march-6-4pm-et,Down,SELL,1.445944,0.7399996127,0.74,0.75,0.01,0.745,0.7476865508,0.5772675505,6229.45,4561.82,95.652173913,0.0104347826,0.0020851441,189.659381,0.5978706922,2,CROSS,,TRADE,,-0.0050003873,-0.0050003873,-0.0050003873,0.0649996127,,0.42455324,REDUCE
0x1d96cda74e40fe4b062088115ed6497882979a6f6357b7e6e52c4c43e2e0e48e,2026-03-06T21:34:07Z,ethereum-up-or-down-march-6-4pm-et,Down,SELL,1.35135,0.74,0.74,0.75,0.01,0.745,0.7476865508,0.5772675505,6229.45,4561.82,95.8333333333,0.0104166667,0.0020412415,188.213437,0.5978706922,0,CROSS,,TRADE,,-0.005,-0.005,-0.005,0.065,,0.378378,REDUCE
0x8aff556fecc2e17758f8773088f8743396a3583df1dc0589c846253c02a0c40f,2026-03-06T21:34:09Z,ethereum-up-or-down-march-6-4pm-et,Down,SELL,1.35135,0.74,0.74,0.75,0.01,0.745,0.7476865508,0.5772675505,6229.45,4561.82,96,0.0104,0.002,186.862087,0.5978706922,2,CROSS,,TRADE,,-0.005,-0.005,-0.005,0.065,,0.378378,REDUCE
0x6935d599a16546ab0684271898e59d818880dbe16c2dca6dba3f05f2431faea7,2026-03-06T21:34:13Z,bitcoin-up-or-down-march-6-4pm-et,Down,BUY,29.53462,0.53,0.54,0.55,0.01,0.545,0.543655321,0.2638714019,2368.23,6606.71,100,0.01,0,43.33438,0.4935360229,50,PASSIVE,,TRADE,,0.015,0.015,0.025,0.035,52,,OPEN
0xde8ee962f643d3f615353dceb8eecf8bd8b59abfccb11698c5ebe082d6f85b72,2026-03-06T21:34:15Z,ethereum-up-or-down-march-6-4pm-et,Down,SELL,2.573332,0.75,0.74,0.75,0.01,0.745,0.7461141658,0.5489611683,5980.63,4913.82,96.2962962963,0.0103703704,0.0019245009,185.510737,0.5978706922,6,PASSIVE,,TRADE,,0,0,-0.005,0.085,,0.74626628,REDUCE
0xe937a7b2ff8148e3addc64dbcba7e53825924b3f92685cc746661865bb27add6,2026-03-06T21:34:27Z,bitcoin-up-or-down-march-6-4pm-et,Down,BUY,0.31,0.54,0.54,0.55,0.01,0.545,0.5458430608,0.2837311255,2358.41,5953.72,100,0.01,0,72.869,0.5083152803,14,PASSIVE,,TRADE,,0.005,0.025,0.095,-0.055,38,,OPEN
0xadd7ef8678cdc19ec7e355d26182078c83435e25394f5e6cf5c761545444d707,2026-03-06T21:34:45Z,bitcoin-up-or-down-march-6-4pm-et,Down,BUY,18,0.56,0.57,0.58,0.01,0.575,0.5725651275,0.2778464388,2313.33,6012.6,95,0.0105,0.002236068,73.179,0.5084495027,18,PASSIVE,,TRADE,,0.015,0.015,-0.035,-0.075,20,,OPEN
0x7206495e38ece3f5f25526bdc2a8864b04e379e529ea2e19e1b27367ca93c170,2026-03-06T21:34:57Z,bitcoin-up-or-down-march-6-4pm-et,Down,BUY,29.54466,0.56,0.57,0.58,0.01,0.575,0.5725651275,0.2778464388,2313.33,6012.6,95.2380952381,0.0104761905,0.0021821789,91.179,0.5186262863,12,PASSIVE,,TRADE,,0.015,0.015,-0.075,-0.075,8,,OPEN
0xb10acf6fda5c4101e32e59f26efaf041e9d57749454c5175842f51eb4bf49969,2026-03-06T21:34:59Z,bitcoin-up-or-down-march-6-4pm-et,Down,BUY,0.16,0.57,0.57,0.58,0.01,0.575,0.5725651275,0.2763528067,2313.33,6057.6,95.4545454545,0.0104545455,0.0021320072,120.72366,0.5287516611,2,PASSIVE,,TRADE,,0.005,0.005,-0.085,-0.085,6,,OPEN
0xe9fcff905b9038a297f4477746e7b293e46c949d27fbd8e3e9ae9b38df290ee8,2026-03-06T21:35:03Z,bitcoin-up-or-down-march-6-4pm-et,Down,BUY,6,0.64,0.48,0.49,0.01,0.485,0.4869738744,0.3342801986,2787.83,5551.97,95.4545454545,0.0104545455,0.0021320072,120.88366,0.5288062569,4,CROSS,,TRADE,,-0.145,-0.145,-0.135,-0.155,2,,OPEN
0x16a49a5fabd77b4dd1262bdc6fd18247dfcaed4a5c7b9bd2970dccb36e5d8298,2026-03-06T21:35:03Z,bitcoin-up-or-down-march-6-4pm-et,Down,BUY,12,0.64,0.48,0.49,0.01,0.485,0.4869738744,0.3342801986,2787.83,5551.97,95.652173913,0.0104347826,0.0020851441,126.88366,0.5340643213,0,CROSS,,TRADE,,-0.145,-0.145,-0.135,-0.155,2,,OPEN
0x0b035d7865e689eab47270f8a4bf54562c9b28f00dd0c4f139042193d0024de4,2026-03-06T21:35:05Z,bitcoin-up-or-down-march-6-4pm-et,Down,BUY,18,0.64,0.48,0.49,0.01,0.485,0.4869738744,0.3342801986,2787.83,5551.97,95.8333333333,0.0104166667,0.0020412415,138.88366,0.5432175085,2,CROSS,,TRADE,,-0.145,-0.145,-0.135,-0.155,6,,OPEN
0x5a64d97ff5bb41c47563cdab210e381ed32ab49d21eb87c556cfd240112b70c7,2026-03-06T21:35:05Z,bitcoin-up-or-down-march-6-4pm-et,Down,SELL,78,0.6051282051,0.48,0.49,0.01,0.485,0.4869738744,0.3342801986,2787.83,5551.97,96,0.0104,0.002,156.88366,0.5543218189,0,PASSIVE,,TRADE,,0.1101282051,0.1201282051,0.1001282051,0.1201282051,,8.1150254372,REDUCE
0xfed86c18c6c9db1dc9bd2e8f1a6e65becf0629a1accf6a52b0f0d30f4315ab5f,2026-03-06T21:35:05Z,bitcoin-up-or-down-march-6-4pm-et,Down,BUY,43.359241,0.6209025235,0.48,0.49,0.01,0.485,0.4869738744,0.3342801986,2787.83,5551.97,96.1538461538,0.0103846154,0.0019611614,78.88366,0.5543218189,0,CROSS,,TRADE,,-0.1259025235,-0.1359025235,-0.1159025235,-0.1359025235,6,,OPEN
0x9c8fb6702169d1e325a1da8d67a56840d2f8627b1dd58e9d911ba067ff1a9008,2026-03-06T21:35:07Z,bitcoin-up-or-down-march-6-4pm-et,Down,BUY,18,0.63,0.49,0.5,0.01,0.495,0.4957786885,0.3527411348,2409.55,4421.38,96.2962962963,0.0103703704,0.0019245009,122.242901,0.5779378227,2,CROSS,,TRADE,,-0.135,-0.145,-0.125,-0.135,4,,OPEN
0xd41c0eac4bcc0676be69df38eee8207d726d9a0cb001d8bb3e5bd1f8e40b051f,2026-03-06T21:35:11Z,bitcoin-up-or-down-march-6-4pm-et,Down,SELL,42,0.58,0.49,0.5,0.01,0.495,0.4957786885,0.3527411348,2409.55,4421.38,96.4285714286,0.0103571429,0.0018898224,140.242901,0.5846199377,4,PASSIVE,,TRADE,,0.085,0.095,0.095,0.085,,0.84,REDUCE
0x021615c3ab17d7da893d776c42a42ec9d14f48c2941050a2c558271d1b47745d,2026-03-06T21:35:17Z,bitcoin-up-or-down-march-6-4pm-et,Down,BUY,18,0.56,0.49,0.5,0.01,0.495,0.4957786885,0.3527411348,2409.55,4421.38,96.5517241379,0.0103448276,0.0018569534,98.242901,0.5846199377,6,CROSS,,TRADE,,-0.075,-0.075,-0.075,-0.095,10,,OPEN
0xa541893e0fc620b5d21d66dfc2dd668e455e0625aebad34a735722e07fe6eb59,2026-03-06T21:35:19Z,bitcoin-up-or-down-march-6-4pm-et,Down,BUY,18,0.54,0.49,0.5,0.01,0.495,0.4957786885,0.3527411348,2409.55,4421.38,96.6666666667,0.0103333333,0.0018257419,116.242901,0.5808075855,2,CROSS,,TRADE,,-0.055,-0.055,-0.055,-0.075,8,,OPEN
0x3eef881d9f0ac93c0c502fc57fc139ea2923c72f1bf3876306be75a8f1f08e12,2026-03-06T21:35:27Z,solana-up-or-down-march-6-4pm-et,Down,SELL,3.22,0.94,0.92,0.94,0.02,0.93,0.9292422825,0.3532176721,2966.76,5432.48,100,0.0111764706,0.0033210558,198.144964,0.5716231349,156,PASSIVE,,TRADE,,0.01,0.01,0.01,0.01,,1.4812,REDUCE
0x4e5fbb49f26c5889b83c5826522236953a71db0d1e501dc586a36feea6418169,2026-03-06T21:35:27Z,bitcoin-up-or-down-march-6-4pm-et,Down,SELL,10,0.51,0.48,0.49,0.01,0.485,0.4821929825,0.2688671153,2194.16,5966.6,96.5517241379,0.0103448276,0.0018569534,134.242901,0.575335888,8,PASSIVE,,TRADE,,0.025,0.025,0.025,0.045,,-1.2309072,REDUCE
0xb444f3599b41b9507cbd6399c1d8939b1f845e93b6dbb028598e0235b2f86b96,2026-03-06T21:35:33Z,ethereum-up-or-down-march-6-4pm-et,Down,BUY,11.41,0.61,0.63,0.64,0.01,0.635,0.6391752577,0.5330129137,5442.92,4768.69,100,0.01,0,182.937405,0.5978706922,78,PASSIVE,,TRADE,,0.025,0.025,0.035,0.015,176,,OPEN
0x4577cdfba7334a363385112b5f2459ff2740beb54096af31558d360c49401fac,2026-03-06T21:35:35Z,ethereum-up-or-down-march-6-4pm-et,Down,BUY,13.589742,0.610000028,0.63,0.64,0.01,0.635,0.6391752577,0.5330129137,5442.92,4768.69,100,0.01,0,194.347405,0.5985827954,2,PASSIVE,,TRADE,,0.024999972,0.024999972,0.034999972,0.019999972,174,,OPEN
0xf773ff8b0314ca0c91f96ca8dff6a87ae04cf0443669e58aa3a95bc2fa8a0f9c,2026-03-06T21:35:51Z,solana-up-or-down-march-6-4pm-et,Down,SELL,4.98936,0.9399999198,0.92,0.94,0.02,0.93,0.9287613012,0.3529696805,3066.65,5621.49,100,0.0142105263,0.0050725727,194.924964,0.5716231349,24,PASSIVE,,TRADE,,0.0099999198,0.0099999198,0.0099999198,0.0099999198,,2.2951051999,REDUCE
0x34fa7e42906132bb8d0f3dcf09c53edccbc62ae21afdc55027129195ed7d6989,2026-03-06T21:36:11Z,bitcoin-up-or-down-march-6-4pm-et,Down,SELL,18,0.5,0.46,0.47,0.01,0.465,0.4610376889,0.341967802,2905.42,5590.76,96.5517241379,0.0103448276,0.0018569534,124.242901,0.575335888,44,PASSIVE,,TRADE,,0.035,0.045,0.035,0.015,,-2.52,REDUCE
0x327d0716c7a96be3c6b08e9a6260b54dd71c6347dcc2c650f2f92ae0ac27f508,2026-03-06T21:36:13Z,xrp-up-or-down-march-6-4pm-et,Up,BUY,4.98188,0.86,0.87,0.88,0.01,0.875,0.8740599062,0.1072316157,1967.09,16377.22,89.4736842105,0.0110526316,0.0031530177,293.936192,0.6848279859,134,PASSIVE,,TRADE,,0.015,0.015,0.025,0.025,144,,OPEN
0xfcad0eac7cf31e0c0384e0c359d1628c1d7b96b8344f05edf3271e2393df14f6,2026-03-06T21:36:29Z,bitcoin-up-or-down-march-6-4pm-et,Down,SELL,18,0.47,0.46,0.47,0.01,0.465,0.4642539951,0.3543389073,3358.86,6120.37,95.4545454545,0.0104545455,0.0021320072,106.242901,0.575335888,18,PASSIVE,,TRADE,,0.005,0.005,-0.025,0.005,,-2.8859009111,REDUCE
0x916aac37841604766f74f35f554f2993c6b29e9418a6dc96ee029e87fc8dbc5d,2026-03-06T21:37:53Z,bitcoin-up-or-down-march-6-4pm-et,Up,BUY,18,0.55,0.56,0.57,0.01,0.565,0.56625,0.4570797303,2567.33,3049.48,95,0.0105,0.002236068,309.438235,0.5207242546,238,PASSIVE,,TRADE,,0.015,0.065,0.065,0.005,26,,OPEN
0x71debdaba6938477761fe9ddfdd5593e7c6538bd9e877c7925de59a941e8a36d,2026-03-06T21:38:05Z,ethereum-up-or-down-march-6-4pm-et,Down,BUY,12.19512,0.5900000164,0.51,0.52,0.01,0.515,0.5111331445,0.447378082,4070.21,5027.71,85,0.0115,0.0036634755,207.937147,0.5993289692,150,CROSS,,TRADE,,-0.1250000164,-0.0950000164,-0.0150000164,0.0349999836,24,,OPEN
0xb8d3415b632ca216d4f045efb34be1a89d338a9b1eeeeebab07881329e28b209,2026-03-06T21:38:05Z,bitcoin-up-or-down-march-6-4pm-et,Up,BUY,18,0.55,0.64,0.65,0.01,0.645,0.6468131948,0.4622193476,3566.05,4149.01,100,0.01,0,327.438235,0.5223336068,12,PASSIVE,,TRADE,,0.105,0.075,0.015,0.005,14,,OPEN
0x512933a90d58c2f21559cb2260851954301e44250db238ce8a7b53ce94950b9a,2026-03-06T21:38:07Z,ethereum-up-or-down-march-6-4pm-et,Down,BUY,25,0.55,0.48,0.49,0.01,0.485,0.4878212291,0.4750927442,3722.86,4113.21,85.7142857143,0.0114285714,0.0035856858,220.132267,0.598812154,2,CROSS,,TRADE,,-0.085,-0.055,0.025,0.075,22,,OPEN
0x337c5452a04c37454a11d538388dea111a09a9726241f6cfcdb52cdbf8c17a25,2026-03-06T21:38:07Z,solana-up-or-down-march-6-4pm-et,Down,SELL,32.88,0.93,0.91,0.92,0.01,0.915,0.9117400881,0.4560378721,2153.99,2569.28,35,0.0165,0.0048936048,189.935604,0.5716231349,136,PASSIVE,,TRADE,,0.025,0.025,0.005,-0.005,,14.796,REDUCE
0x32cca44ef9784f0f005327fb0d292d41b7e36189e2824d04ce70e57f884646a8,2026-03-06T21:38:07Z,ethereum-up-or-down-march-6-4pm-et,Down,BUY,1.67,0.56,0.48,0.49,0.01,0.485,0.4876934524,0.4492471447,3514.11,4308.11,86.3636363636,0.0113636364,0.0035125009,245.132267,0.5938340095,0,CROSS,,TRADE,,-0.095,-0.065,0.015,0.065,22,,OPEN
0x68d5829f7a5d0a8d542705b1b8566fc8e7dce44b62d3315b3c1f5e8c4fa24072,2026-03-06T21:38:07Z,ethereum-up-or-down-march-6-4pm-et,Down,BUY,25,0.57,0.48,0.49,0.01,0.485,0.4876934524,0.4492471447,3514.11,4308.11,86.9565217391,0.0113043478,0.0034435022,246.802267,0.5936050699,0,CROSS,,TRADE,,-0.105,-0.075,0.005,0.055,22,,OPEN
0xfc19e4fcf1785ddfb1bae6ebc93960c4e6a7e0d8692262be6497c605872389d7,2026-03-06T21:38:09Z,ethereum-up-or-down-march-6-4pm-et,Down,BUY,25,0.51,0.48,0.49,0.01,0.485,0.4876934524,0.4492471447,3514.11,4308.11,87.5,0.01125,0.0033783196,271.802267,0.591433908,2,CROSS,,TRADE,,-0.045,-0.015,0.065,0.115,20,,OPEN
0x5f1a29c6516bdc5da5740909dd78c8a467167efaba50f43a3d1391d05b89c600,2026-03-06T21:38:09Z,solana-up-or-down-march-6-4pm-et,Down,SELL,19.26,0.92,0.9,0.91,0.01,0.905,0.909,0.438362446,2170.03,2780.28,38.0952380952,0.0161904762,0.0049761335,157.055604,0.5716231349,2,PASSIVE,,TRADE,,0.015,0.015,-0.005,0.005,,8.4744,REDUCE
0x098dc5fb0c05c187f396a34e78a90ca265b0f5ea08e7fc54e06464e83083f420,2026-03-06T21:38:09Z,ethereum-up-or-down-march-6-4pm-et,Down,BUY,25,0.52,0.48,0.49,0.01,0.485,0.4879294479,0.466374101,3814.11,4364.11,88,0.0112,0.0033166248,296.802267,0.5845746352,0,CROSS,,TRADE,,-0.055,-0.005,0.055,0.105,20,,OPEN
0xbc0022078a29492f62ccc2dcc981ee0b99154404d9a984206fe18639d8022338,2026-03-06T21:38:09Z,ethereum-up-or-down-march-6-4pm-et,Down,BUY,25,0.53,0.48,0.49,0.01,0.485,0.4803026482,0.3084911864,2392.38,5362.72,88.4615384615,0.0111538462,0.0032581259,321.802267,0.579557996,0,CROSS,,TRADE,,-0.065,-0.015,0.045,0.095,20,,OPEN
0x345e04275c032f8dbe139fb5c6b92b03a920714fe1dc09295abb784e3b4c05ae,2026-03-06T21:38:09Z,xrp-up-or-down-march-6-4pm-et,Up,BUY,34.92913,0.9,0.91,0.92,0.01,0.915,0.9151124744,0.4541918067,1796.86,2159.31,100,0.01,0,298.918072,0.687747468,116,PASSIVE,,TRADE,,0.015,0.01,-0.01,-0.01,28,,OPEN
0x98bc10f30851001d5f7c8a0f604970e8a636babd7a6092572313b41ce00233d9,2026-03-06T21:38:11Z,ethereum-up-or-down-march-6-4pm-et,Down,BUY,25,0.5,0.46,0.47,0.01,0.465,0.4641254125,0.3997341414,3109.36,4669.21,88.8888888889,0.0111111111,0.0032025631,346.802267,0.5759854994,2,CROSS,,TRADE,,-0.005,0.015,0.075,0.1,18,,OPEN
0xc2de2a7297dfdcb4c929d8d0d51a27e71c1417348184ab11f18620f756701e06,2026-03-06T21:38:13Z,bitcoin-up-or-down-march-6-4pm-et,Up,BUY,18,0.63,0.65,0.66,0.01,0.655,0.6550217134,0.4075063229,2331.47,3389.84,100,0.01,0,345.438235,0.5237752395,8,PASSIVE,,TRADE,,-0.005,-0.015,-0.055,-0.065,6,,OPEN
0x0dcddea00d5b81f82c84d1d94fc0d8ee30fe529bfa359829c10038091685a591,2026-03-06T21:38:19Z,bitcoin-up-or-down-march-6-4pm-et,Up,SELL,10,0.63,0.56,0.57,0.01,0.565,0.561035651,0.6291619685,4809.83,2834.99,100,0.01,0,363.438235,0.5290362316,6,PASSIVE,,TRADE,,0.065,0.065,0.055,0.065,,0.7,REDUCE
0x38f61cce6b71efd21de7b4668f746cab0c44c21bbe459967becca218c4f4d89a,2026-03-06T21:38:23Z,bitcoin-up-or-down-march-6-4pm-et,Up,BUY,18,0.64,0.56,0.57,0.01,0.565,0.561035651,0.6291619685,4809.83,2834.99,100,0.01,0,353.438235,0.5290362316,4,CROSS,,TRADE,,-0.075,-0.075,-0.085,-0.075,26,,OPEN
0xafe18e49bdb989cb2c4f0938e7e08213e13ea7ec61dd38dae22cd66269141f13,2026-03-06T21:38:29Z,ethereum-up-or-down-march-6-4pm-et,Down,SELL,2.08,0.49,0.57,0.58,0.01,0.575,0.5779381257,0.5877423971,4928.22,3456.78,92.8571428571,0.0107142857,0.0026226526,371.802267,0.5708762313,18,CROSS,,TRADE,,-0.085,-0.085,-0.125,-0.115,,0.0624,REDUCE
0x5a563b175e5473de047be8aa6b1c5a5baa7ebb71b865f56ea7a06a87bc436e15,2026-03-06T21:38:31Z,ethereum-up-or-down-march-6-4pm-et,Down,SELL,22.92,0.49,0.58,0.6,0.02,0.59,0.5970471429,0.563535534,5277.02,4087.11,100,0.0103571429,0.0018898224,369.722267,0.5708762313,2,CROSS,,TRADE,,-0.105,-0.105,-0.115,-0.115,,1.3097248047,REDUCE
0x5133e117a738f6d177e4e11c2a43f09175a53228e46c650e1060569b997cf4f5,2026-03-06T21:38:33Z,ethereum-up-or-down-march-6-4pm-et,Up,BUY,25,0.48,0.4,0.42,0.02,0.41,0.4021520939,0.4356794055,4052.35,5248.87,100,0.0110526316,0.0031530177,193.948413,0.3711943923,280,CROSS,,TRADE,,-0.075,-0.075,-0.085,-0.085,376,,OPEN
0x5f38eb863c62b1765e7458b6567bcf66f802c5c309d73d084d448abc3f2fbf70,2026-03-06T21:38:37Z,xrp-up-or-down-march-6-4pm-et,Up,SELL,20,0.9,0.9,0.91,0.01,0.905,0.9005376344,0.3987008678,1814.38,2736.35,75,0.0125,0.0044426166,333.847202,0.7099546222,28,CROSS,,TRADE,,-0.005,-0.005,0.01,-0.015,,5.6,REDUCE
0xa67dcb2c01f6d684baab215b291c1371e1f2929bfae20f7ba30bf49e867c6875,2026-03-06T21:38:37Z,ethereum-up-or-down-march-6-4pm-et,Up,BUY,2,0.42,0.4,0.41,0.01,0.405,0.4071425656,0.4567441186,4092.61,4867.79,90,0.011,0.0030779351,218.948413,0.3836180502,4,CROSS,,TRADE,,-0.015,-0.015,-0.045,-0.025,372,,OPEN
0xe2992d2d4b670793565bfad2a45161936ed57017a0ef3018a51aeb5e3d13895e,2026-03-06T21:38:37Z,ethereum-up-or-down-march-6-4pm-et,Up,BUY,2,0.42,0.4,0.41,0.01,0.405,0.4071425656,0.4567441186,4092.61,4867.79,90.4761904762,0.010952381,0.003007926,220.948413,0.3839473755,0,CROSS,,TRADE,,-0.015,-0.015,-0.045,-0.025,372,,OPEN
0x70e271278d7a8635c460c174e0a8d62a8de7fdc5c5e3cae84edeab1fe51404f0,2026-03-06T21:38:49Z,bitcoin-up-or-down-march-6-4pm-et,Up,SELL,0.03,0.58,0.58,0.59,0.01,0.585,0.5804856169,0.6396757581,5175.93,2915.56,100,0.01,0,371.438235,0.5344135667,26,CROSS,,TRADE,,0.025,0.025,0.015,0.015,,0.0006,REDUCE
0x10a48ac3ce300612b05b2fbd7131616bc477fa977fff45707aae5aa4e2aa1148,2026-03-06T21:38:51Z,xrp-up-or-down-march-6-4pm-et,Up,SELL,4.989009,0.9099999619,0.88,0.9,0.02,0.89,0.8990802906,0.4064085781,1884.48,2752.43,100,0.015,0.0051298918,313.847202,0.7099546222,14,PASSIVE,,TRADE,,0.0199999619,0.0199999619,0.0049999619,-0.0050000381,,1.3683064399,REDUCE
0xd8b0d1b04ef52f3c4082ff525ecd7186a689d2161016a293dd0c617996693379,2026-03-06T21:38:53Z,ethereum-up-or-down-march-6-4pm-et,Up,BUY,1.7,0.4,0.37,0.38,0.01,0.375,0.3730875576,0.4950583988,4519.2,4609.42,90.4761904762,0.010952381,0.003007926,222.948413,0.3842707923,16,CROSS,,TRADE,,-0.03,-0.025,-0.005,0.005,356,,OPEN
0x1209e8846036b4e16a6eae5eddb977599ec584dfd79094dc6701660ce525b7b9,2026-03-06T21:38:53Z,ethereum-up-or-down-march-6-4pm-et,Up,BUY,3.05,0.4,0.37,0.38,0.01,0.375,0.3730875576,0.4950583988,4519.2,4609.42,90.9090909091,0.0109090909,0.0029424494,224.648413,0.3843898212,0,CROSS,,TRADE,,-0.03,-0.025,-0.005,0.005,356,,OPEN
0xae0a112cce31860903eddaa635610f2bf5b6f0116b65bd03c746d916d754d74a,2026-03-06T21:38:53Z,ethereum-up-or-down-march-6-4pm-et,Up,BUY,1.766665,0.4,0.37,0.38,0.01,0.375,0.3730875576,0.4950583988,4519.2,4609.42,91.3043478261,0.0108695652,0.0028810407,227.698413,0.3845989181,0,CROSS,,TRADE,,-0.03,-0.025,-0.005,0.005,356,,OPEN
0xeea0a93f6218b642f91aea3fbae5500650fdb6485678fddb614144831e678f09,2026-03-06T21:38:55Z,bitcoin-up-or-down-march-6-4pm-et,Up,SELL,18,0.59,0.56,0.57,0.01,0.565,0.5610266191,0.437326561,5164.35,6644.56,95.652173913,0.0104347826,0.0020851441,371.408235,0.5344135667,6,PASSIVE,,TRADE,,0.045,0.045,0.025,-0.005,,0.06,REDUCE
0xc5e2679a3902adea450adf794d65ba23ac3bb247f411663db6f0d4c9a2a59b7e,2026-03-06T21:38:55Z,bitcoin-up-or-down-march-6-4pm-et,Up,SELL,17.97,0.58,0.56,0.57,0.01,0.565,0.5610266191,0.437326561,5164.35,6644.56,95.8333333333,0.0104166667,0.0020412415,353.408235,0.5344135667,0,PASSIVE,,TRADE,,0.035,0.035,0.015,-0.015,,-0.1797,REDUCE
0xcaa67676af20c2260b3da5ec0e7f9706082707acc2b53db81e2e0ac37f3e3c15,2026-03-06T21:38:57Z,ethereum-up-or-down-march-6-4pm-et,Up,BUY,1.666665,0.4,0.37,0.38,0.01,0.375,0.3718939394,0.4929938473,4519.95,4648.42,91.6666666667,0.0108333333,0.0028232985,229.465078,0.3847174919,4,CROSS,,TRADE,,-0.03,-0.025,-0.005,-0.005,352,,OPEN
0x98b03edbc5198e5bfaf0a7a3d6c78e655be5f843eaf88e6af5e9a1907c274b12,2026-03-06T21:38:57Z,ethereum-up-or-down-march-6-4pm-et,Up,BUY,1.93,0.4,0.37,0.38,0.01,0.375,0.3718939394,0.4929938473,4519.95,4648.42,92,0.0108,0.0027688746,231.131743,0.3848276924,0,CROSS,,TRADE,,-0.03,0,-0.005,-0.005,352,,OPEN
0x4c279ac1a58273b77806809b7700edb3cf9dcee2047f8961db2defca09b91f17,2026-03-06T21:38:59Z,ethereum-up-or-down-march-6-4pm-et,Up,BUY,3.216665,0.4,0.37,0.38,0.01,0.375,0.3718939394,0.4929938473,4519.95,4648.42,92.3076923077,0.0107692308,0.0027174649,233.061743,0.3849533353,2,CROSS,,TRADE,,-0.03,0,-0.005,-0.005,350,,OPEN
0xa26580f3d7387f1bbf2b63a198552041e2287d8f430cd93f0812619c3d329656,2026-03-06T21:38:59Z,ethereum-up-or-down-march-6-4pm-et,Up,BUY,1.666665,0.4,0.37,0.38,0.01,0.375,0.3718939394,0.4929938473,4519.95,4648.42,92.5925925926,0.0107407407,0.0026688026,236.278408,0.3851581787,0,CROSS,,TRADE,,-0.025,0,-0.005,-0.005,350,,OPEN
0xe389f18036654786364433da426eecff155f02bb24858ced66cd09bf128efc76,2026-03-06T21:38:59Z,ethereum-up-or-down-march-6-4pm-et,Up,BUY,1.666665,0.4,0.37,0.38,0.01,0.375,0.3718939394,0.4929938473,4519.95,4648.42,92.8571428571,0.0107142857,0.0026226526,237.945073,0.3852621369,0,CROSS,,TRADE,,-0.025,0,-0.005,-0.005,350,,OPEN
0x851030c86393d854736ffac1e3dc2a8dcfa30f475f77fb033634bcf4cf7d25aa,2026-03-06T21:39:03Z,ethereum-up-or-down-march-6-4pm-et,Up,BUY,3.048386,0.380000105,0.37,0.38,0.01,0.375,0.3718939394,0.4929938473,4519.95,4648.42,93.1034482759,0.0106896552,0.0025788071,239.611738,0.3853646489,4,CROSS,,TRADE,,-0.005000105,0.019999895,0.014999895,0.014999895,346,,OPEN
0xcd4df09febdcba3f694a6e168931fdf55a85a910dd91d93175b83c2d6b34feba,2026-03-06T21:39:03Z,ethereum-up-or-down-march-6-4pm-et,Up,BUY,1.774192,0.3800000225,0.37,0.38,0.01,0.375,0.3718939394,0.4929938473,4519.95,4648.42,93.3333333333,0.0106666667,0.0025370813,242.660124,0.3852972576,0,CROSS,,TRADE,,-0.0050000225,0.0199999775,0.0149999775,0.0149999775,346,,OPEN
0x35f7d3a0249fbaa207e2cf792fe988175858aafcd2230bea8bffd5e34718fdd9,2026-03-06T21:39:07Z,bitcoin-up-or-down-march-6-4pm-et,Up,BUY,18,0.56,0.54,0.55,0.01,0.545,0.540849285,0.423809593,4957.5,6739.97,96,0.0104,0.002,335.438235,0.5344135667,12,CROSS,,TRADE,,0.005,0.005,0.005,0.025,110,,OPEN
0x4536bd428260066a59c4e7c619b2403f5fbdf312bf0baba27d0eb931d6df0a0e,2026-03-06T21:39:11Z,ethereum-up-or-down-march-6-4pm-et,Up,BUY,25,0.37,0.39,0.4,0.01,0.395,0.3995196267,0.4986599445,4508.22,4532.45,93.1034482759,0.0106896552,0.0025788071,244.434316,0.3852588083,8,PASSIVE,,TRADE,,0.025,0.025,0.025,0.025,338,,OPEN
0x03d0ca00b28b4b061cbdba5c9afa2fa3790bf8f160404d522bde8ab92497667e,2026-03-06T21:39:11Z,solana-up-or-down-march-6-4pm-et,Down,BUY,25,0.92,0.93,0.94,0.01,0.935,0.934,0.6206919776,2672.65,1633.27,81.25,0.011875,0.0040311289,137.795604,0.5716231349,62,PASSIVE,,TRADE,,0.015,0.015,0.015,0.015,160,,OPEN
0x26cf8203ecd6d00d1aa4094ffcbaca03d66e98dd5ba54ab64a72c5d3906db69f,2026-03-06T21:39:15Z,ethereum-up-or-down-march-6-4pm-et,Up,BUY,0.282811,0.3600001414,0.39,0.4,0.01,0.395,0.3996159544,0.5006994567,4488.32,4475.78,93.3333333333,0.0106666667,0.0025370813,269.434316,0.3838429894,4,PASSIVE,,TRADE,,0.0349998586,0.0349998586,0.0299998586,0.0549998586,334,,OPEN
0x29c980b25d2534ba3510e2ed3687608c3023c0d786701f20f325f316ca6f6a69,2026-03-06T21:39:23Z,solana-up-or-down-march-6-4pm-et,Down,BUY,13.4525,0.92,0.93,0.94,0.01,0.935,0.934,0.6206919776,2672.65,1633.27,82.3529411765,0.0117647059,0.0039295262,162.795604,0.6251222554,12,PASSIVE,,TRADE,,0.015,0.015,0.01,0.015,148,,OPEN
0x564c878a9a5cb23d09c522bf218cee664b9569af6e39704428c913a170fd9e48,2026-03-06T21:39:39Z,bitcoin-up-or-down-march-6-4pm-et,Up,BUY,29.54945,0.57,0.56,0.57,0.01,0.565,0.5637940235,0.5006027456,5161.79,5149.36,95.2380952381,0.0104761905,0.0021821789,353.438235,0.5357166396,32,CROSS,,TRADE,,-0.005,-0.005,0.035,0.085,78,,OPEN
0xdaf87f988fb2a6dad1ed30fa421d57f1deb139c33e305701026465de67edca7f,2026-03-06T21:39:41Z,bitcoin-up-or-down-march-6-4pm-et,Up,BUY,18,0.56,0.56,0.57,0.01,0.565,0.5637940235,0.5006027456,5161.79,5149.36,95.4545454545,0.0104545455,0.0021320072,382.987685,0.5383617754,2,PASSIVE,,TRADE,,0.005,0.005,0.045,0.095,76,,OPEN
0xa6ff0cdbec471262abd386b8ff0db45b8e685d6ea66b65ceb0c37a97f0c87fe5,2026-03-06T21:39:57Z,xrp-up-or-down-march-6-4pm-et,Up,SELL,6.08,0.92,0.85,0.87,0.02,0.86,0.8685714286,0.572904461,1789.49,1334.05,100,0.0155555556,0.0051130999,308.858193,0.7099546222,66,PASSIVE,,TRADE,,0.06,0.06,0.05,0.065,,1.6416,REDUCE
0x5e1d89a134d3610f695d823c03d0033258104e556a2884b434e2538e72f0140f,2026-03-06T21:40:03Z,xrp-up-or-down-march-6-4pm-et,Up,SELL,63,0.771331746,0.86,0.88,0.02,0.87,0.8622222222,0.3842938617,1319.35,2113.83,100,0.0152380952,0.0051176632,302.778193,0.7099546222,6,CROSS,,TRADE,,-0.098668254,-0.098668254,-0.083668254,-0.083668254,,6.6793974583,REDUCE
0x6e0328e343aed06597ce5d0e5a2f020db1a0bcb2120eb9292ce7bc7fdd64a983,2026-03-06T21:40:03Z,xrp-up-or-down-march-6-4pm-et,Up,SELL,3.93,0.8,0.86,0.88,0.02,0.87,0.8622222222,0.3842938617,1319.35,2113.83,100,0.0154545455,0.0050964719,239.778193,0.7099546222,0,CROSS,,TRADE,,-0.07,-0.07,-0.055,-0.055,,0.5502,REDUCE
0x0173b07f9e1d2140871896a7c952bb7f33c74d1289e5204844146b6e17a464e4,2026-03-06T21:40:05Z,xrp-up-or-down-march-6-4pm-et,Up,BUY,2.72,0.8,0.86,0.88,0.02,0.87,0.8622222222,0.3842938617,1319.35,2113.83,100,0.0156521739,0.005068698,235.848193,0.7099546222,2,PASSIVE,,TRADE,,0.07,0.07,0.055,0.055,30,,OPEN
0x4cad35d22b7fcc3b1afafab5b049fd9e06858adaddb307313b8c84461fb29089,2026-03-06T21:40:09Z,xrp-up-or-down-march-6-4pm-et,Down,BUY,11.7,0.17,0.12,0.14,0.02,0.13,0.1377777778,0.6157061383,2113.83,1319.35,95,0.014,0.0059824304,135.672844,0.4307867482,1644,CROSS,,TRADE,,-0.04,-0.04,-0.02,-0.025,,,OPEN
0x7e165de5cc7e1ca296a8f0417752d8ed21e5a3927f46ea8e89b9a64b980a9322,2026-03-06T21:40:09Z,xrp-up-or-down-march-6-4pm-et,Down,BUY,8.3,0.17,0.12,0.14,0.02,0.13,0.1377777778,0.6157061383,2113.83,1319.35,95.2380952381,0.0142857143,0.005976143,147.372844,0.4100827645,0,CROSS,,TRADE,,-0.04,-0.04,-0.02,-0.025,,,OPEN
0x9b73135a93d1fc3cd35494c2a660bcd7188f5b67883b1e0149d1a307e7c14237,2026-03-06T21:40:21Z,xrp-up-or-down-march-6-4pm-et,Up,BUY,20,0.85,0.85,0.87,0.02,0.86,0.8515948963,0.4479712796,1574.74,1940.53,96,0.0172,0.0054160256,238.568193,0.7109812612,16,PASSIVE,,TRADE,,0.02,0.02,0.02,-0.005,14,,OPEN
0x49e935036a98f521314746c2a3dd248a13830c8cde604f9e8d3142ca49a853a8,2026-03-06T21:40:21Z,xrp-up-or-down-march-6-4pm-et,Up,BUY,20,0.86,0.85,0.87,0.02,0.86,0.8515948963,0.4479712796,1574.74,1940.53,96.1538461538,0.0173076923,0.0053349357,258.568193,0.7217342264,0,PASSIVE,,TRADE,,0.01,0.01,0.01,-0.015,14,,OPEN
0x48e014d5465a54b35b5b0364906bbe0164b19c27bc3a1d9f72bc04c55a5a8e8a,2026-03-06T21:40:23Z,xrp-up-or-down-march-6-4pm-et,Up,BUY,35.26785,0.85,0.85,0.87,0.02,0.86,0.8515948963,0.4479712796,1574.74,1940.53,96.2962962963,0.0174074074,0.0052569314,278.568193,0.7316611152,2,PASSIVE,,TRADE,,0.02,0.02,0.02,-0.005,12,,OPEN
0x1ec9af1930fbe957001f7f6f97c22ff86d8eda8c46d898b7a630a4f32ca00fed,2026-03-06T21:40:25Z,bitcoin-up-or-down-march-6-4pm-et,Up,BUY,13.888887,0.640000023,0.65,0.66,0.01,0.655,0.6556508664,0.3880193181,2154,3397.27,100,0.01,0,400.987685,0.5393330971,44,PASSIVE,,TRADE,,0.014999977,0.014999977,0.014999977,0.044999977,32,,OPEN
0x5f7c6426696dc50693099e3cd3760e753f4d06956664045f579dfc94a1c1df99,2026-03-06T21:40:27Z,bitcoin-up-or-down-march-6-4pm-et,Up,BUY,4.11,0.64,0.65,0.66,0.01,0.655,0.6556508664,0.3880193181,2154,3397.27,100,0.01,0,414.876572,0.5427031393,2,PASSIVE,,TRADE,,0.015,0.015,0.015,0.045,30,,OPEN
0x10147ca0e971810a568136ecf6c2c7be41fdfb6c4f7cce887683f877171fa305,2026-03-06T21:40:35Z,xrp-up-or-down-march-6-4pm-et,Up,BUY,20,0.85,0.87,0.88,0.01,0.875,0.8761538462,0.417158306,1473.57,2058.83,22.2222222222,0.0181481481,0.004833407,313.836043,0.7449596452,12,PASSIVE,,TRADE,,0.025,-0.005,0.005,0.005,152,,OPEN
0xe44d8d5e65ce8dd5f7befba3c88f0ff5ef576baa3fa493b56e045d97c047bc7d,2026-03-06T21:40:35Z,bitcoin-up-or-down-march-6-4pm-et,Up,BUY,29.60187,0.64,0.64,0.65,0.01,0.645,0.6470036976,0.4610457415,2432.86,2843.97,95.4545454545,0.0104545455,0.0021320072,418.986572,0.5436575616,8,PASSIVE,,TRADE,,0.015,0.015,0.015,0.055,22,,OPEN
0x11d9b37ec9495aa0f374a238aacbe4a4311be384447c3574600f7aee4d4bf884,2026-03-06T21:40:35Z,xrp-up-or-down-march-6-4pm-et,Up,SELL,7.3,0.87,0.87,0.88,0.01,0.875,0.8761538462,0.4174387767,1479.57,2064.83,25,0.0178571429,0.0049867549,333.836043,0.751252576,0,CROSS,,TRADE,,-0.005,0.01,0.015,0.015,,1.3815873,REDUCE
0x90b353288306a66e1fbf4ba3c3ce5f1db1b737e154a5acfd3955361882ab85fa,2026-03-06T21:40:35Z,xrp-up-or-down-march-6-4pm-et,Up,BUY,20,0.84,0.87,0.88,0.01,0.875,0.8761538462,0.4174387767,1479.57,2064.83,27.5862068966,0.0175862069,0.0051096354,326.536043,0.751252576,0,PASSIVE,,TRADE,,0.035,0.02,0.015,0.015,152,,OPEN
0x2b9842ccf4cfea8fd4a06672eed1a0283514d0a9a1f6e7a42f2fef98372740d5,2026-03-06T21:40:39Z,bitcoin-up-or-down-march-6-4pm-et,Up,BUY,18,0.63,0.64,0.65,0.01,0.645,0.6461281056,0.4670471292,2513.26,2867.91,95.652173913,0.0104347826,0.0020851441,448.588442,0.5500150957,4,PASSIVE,,TRADE,,0.025,0.025,0.015,0.055,18,,OPEN
0x94f11fb4b3e00439a3a61b6f4f73ae35bfedd768941d0cfaabc3d5a8040e535a,2026-03-06T21:40:39Z,bitcoin-up-or-down-march-6-4pm-et,Up,BUY,29.60187,0.64,0.64,0.65,0.01,0.645,0.6461281056,0.4670471292,2513.26,2867.91,95.8333333333,0.0104166667,0.0020412415,466.588442,0.553100745,0,PASSIVE,,TRADE,,0.015,0.015,0.005,0.045,18,,OPEN
0x3a7c540e8deac6bdb8ddbc9f603f3f9be28429c04fd1ebbf57c5c9884201159f,2026-03-06T21:40:39Z,bitcoin-up-or-down-march-6-4pm-et,Up,BUY,29.60187,0.64,0.64,0.65,0.01,0.645,0.6461281056,0.4670471292,2513.26,2867.91,96,0.0104,0.002,496.190312,0.5582850067,0,PASSIVE,,TRADE,,0.015,0.015,0.005,0.045,18,,OPEN
0xdcd974f232b4cf20fcf21e7fa1d46d445b5fbdf40dc2066989bb683cd27bcfb7,2026-03-06T21:40:41Z,bitcoin-up-or-down-march-6-4pm-et,Up,BUY,29.60187,0.64,0.64,0.65,0.01,0.645,0.6461281056,0.4670471292,2513.26,2867.91,96.1538461538,0.0103846154,0.0019611614,525.792182,0.5628855251,2,PASSIVE,,TRADE,,0.015,0.015,0.005,0.045,16,,OPEN
0x762e3b66954d4ac38e62cde524408c999dc802e67f70f0f2ac8a99ef0452dd35,2026-03-06T21:40:43Z,solana-up-or-down-march-6-4pm-et,Up,BUY,25,0.04,0.05,0.06,0.01,0.055,0.051503268,0.3359001691,1364.45,2697.62,95,0.0105,0.002236068,40.036,0.4593414677,832,PASSIVE,,TRADE,,0.015,0.015,0.015,0,50,,OPEN
0x62164ec6892daa00980388c62bda59db699bd895fea2d8334b882c05ade49658,2026-03-06T21:40:43Z,ethereum-up-or-down-march-6-4pm-et,Down,BUY,25,0.54,0.57,0.58,0.01,0.575,0.5764368474,0.6092049941,5139.43,3296.86,75,0.0125,0.0044426166,346.802267,0.5708762313,132,PASSIVE,,TRADE,,0.035,0.035,0.035,0.065,44,,OPEN
0x866c9a21b04ae448987092edfccc2875819d9982026c051e0aceddf89f409ca2,2026-03-06T21:40:57Z,bitcoin-up-or-down-march-6-4pm-et,Up,SELL,1,0.63,0.66,0.67,0.01,0.665,0.6634887737,0.4029440389,2082.58,3085.83,96.1538461538,0.0103846154,0.0019611614,555.394052,0.5669956387,16,CROSS,,TRADE,,-0.035,-0.035,-0.055,-0.05,,0.04,REDUCE
0x967ac2830a2d6794ce9c99b2ad0e16871b7543775622bf0cf95922f3c18682ba,2026-03-06T21:41:03Z,bitcoin-up-or-down-march-6-4pm-et,Up,SELL,18,0.64,0.66,0.67,0.01,0.665,0.6634887737,0.4029440389,2082.58,3085.83,96.2962962963,0.0103703704,0.0019245009,554.394052,0.5669956387,6,CROSS,,TRADE,,-0.025,-0.025,-0.045,-0.04,,0.8999995799,REDUCE
0x8c203d6942f5fddcbfd57f8bc5d09225acab40a0a8ca68da081afad805264db7,2026-03-06T21:41:17Z,solana-up-or-down-march-6-4pm-et,Up,BUY,25,0.03,0.03,0.05,0.02,0.04,0.0372289157,0.3413205481,1284.28,2478.4,100,0.0127777778,0.004608886,65.036,0.2981455655,34,PASSIVE,,TRADE,,0.01,0.01,0.005,0.005,16,,OPEN
0xfd6016964c049000e98189c03f58e2ebb078cae6bc73fee91f5e1c8410d6b63a,2026-03-06T21:41:23Z,xrp-up-or-down-march-6-4pm-et,Up,BUY,20,0.85,0.85,0.86,0.01,0.855,0.8505882353,0.4171752334,1422.53,1987.38,56.5217391304,0.0143478261,0.005068698,346.536043,0.7563745496,48,PASSIVE,,TRADE,,0.005,0.005,0,-0.025,104,,OPEN
0xa65bc9c98177705b1bbadde5186901949777d3501d9b24e1c9decf360641169b,2026-03-06T21:41:27Z,ethereum-up-or-down-march-6-4pm-et,Down,SELL,25,0.6,0.6,0.61,0.01,0.605,0.6080295567,0.5615005525,4914.09,3837.62,83.3333333333,0.0116666667,0.0038348249,371.802267,0.5688001122,44,CROSS,,TRADE,,-0.005,-0.005,-0.025,-0.075,,4.872367115,REDUCE
0x283620ef61a51a98a9f9460e9cb7c2588d15b5728d57dddae5b0ed203b860cdd,2026-03-06T21:41:29Z,bitcoin-up-or-down-march-6-4pm-et,Up,BUY,29.63337,0.67,0.67,0.68,0.01,0.675,0.6706707176,0.3944273327,2412.57,3704.07,95.652173913,0.0104347826,0.0020851441,536.394052,0.5669956387,26,PASSIVE,,TRADE,,0.005,0.005,0.01,0.025,10,,OPEN
0xe9b9e123d77ea21e592fa5ed772147c4cabac81eec3cd39bbb4ce99b222ad6c2,2026-03-06T21:41:31Z,bitcoin-up-or-down-march-6-4pm-et,Up,BUY,18,0.66,0.67,0.68,0.01,0.675,0.6706707176,0.3944273327,2412.57,3704.07,95.8333333333,0.0104166667,0.0020412415,566.027422,0.5723882509,2,PASSIVE,,TRADE,,0.015,0.015,0.02,0.035,8,,OPEN
0x1410abc61a6f0eef8542f8255a318e3557bc48f886aabacbb0e505a4267982f3,2026-03-06T21:41:33Z,solana-up-or-down-march-6-4pm-et,Up,SELL,20,0.05,0.03,0.05,0.02,0.04,0.0328571429,0.3085848447,1088.28,2438.4,94.4444444444,0.0166666667,0.0059408853,90.036,0.2236904683,16,PASSIVE,,TRADE,,0.01,0.01,0.01,0.015,,-9.4,REDUCE
0x0386673732341e00cd255675a0408ab663cb980437e5abb121a2a41623a0e453,2026-03-06T21:41:39Z,bitcoin-up-or-down-march-6-4pm-et,Up,SELL,18,0.69,0.67,0.68,0.01,0.675,0.6706726353,0.3959373518,2421.83,3694.87,96,0.0104,0.002,584.027422,0.5750884862,8,PASSIVE,,TRADE,,0.015,0.015,0.015,0,,2.15349592,REDUCE
0x54b175c635bddb83b1edda8ae151403a96846b51e098a668dbd878d993ae6ebe,2026-03-06T21:41:41Z,xrp-up-or-down-march-6-4pm-et,Up,BUY,19.9486,0.85,0.86,0.87,0.01,0.865,0.8602016129,0.3710090965,1241.53,2104.83,80,0.012,0.0041039134,366.536043,0.7614832123,18,PASSIVE,,TRADE,,0,0,0,0.025,86,,OPEN
0x02b32aad3b9e10563bfa929e0a0fb6dff393ddb4b71d21e2401e9fbf0ce9de83,2026-03-06T21:41:51Z,solana-up-or-down-march-6-4pm-et,Down,SELL,4.97938,0.9699998795,0.94,0.95,0.01,0.945,0.9494339623,0.6968428098,2644.4,1150.43,31.25,0.0175,0.0057735027,176.248104,0.6476294073,148,PASSIVE,,TRADE,,0.0249998795,0.0249998795,0.0049998795,0.0049998795,,2.4398956,REDUCE
0xcc281563eb045829f1d852acba1869ddb7eb12e353bafb177c23f054a5377a7d,2026-03-06T21:42:09Z,ethereum-up-or-down-march-6-4pm-et,Up,BUY,25,0.33,0.32,0.33,0.01,0.325,0.3298920086,0.5296894179,4608.87,4092.21,100,0.01,0,269.717127,0.383817989,174,CROSS,,TRADE,,-0.005,-0.005,-0.045,-0.02,160,,OPEN
0xc554b39e0b054c73519ac22c8fbaebe000158000b3b35a9c208df6a80e6b4126,2026-03-06T21:42:11Z,solana-up-or-down-march-6-4pm-et,Up,SELL,25,0.05,0.03,0.04,0.01,0.035,0.036045186,0.3112154052,1094.14,2421.56,42.8571428571,0.0161904762,0.0058959227,70.036,0.2236904683,38,PASSIVE,,TRADE,,0.015,0.015,0.015,0.015,,-6.938755,REDUCE
0xdac34efa7cdefb256b39a41670efcb363d0f5fb77760f44a34b4858c6852a698,2026-03-06T21:42:13Z,ethereum-up-or-down-march-6-4pm-et,Up,BUY,1.449274,0.3100000414,0.32,0.33,0.01,0.325,0.3298920086,0.5283123332,4608.87,4114.89,100,0.01,0,294.717127,0.379252765,4,PASSIVE,,TRADE,,0.0149999586,0.0149999586,-0.0050000414,-0.0050000414,156,,OPEN
0x5ab7317f81992027e0f01529428f56ce5e32ffc5d1271757ac428b95a777971f,2026-03-06T21:42:17Z,bitcoin-up-or-down-march-6-4pm-et,Up,SELL,18,0.69,0.68,0.7,0.02,0.69,0.6820493712,0.3891467388,2521.2,3957.59,100,0.0113636364,0.0035125009,566.027422,0.5750884862,38,PASSIVE,,TRADE,,0,0,-0.005,-0.005,,2.52,REDUCE
0xfba09e053f50f2f306b7de16b18b4734eb40557d7b61f5d5222327b36d5ccf29,2026-03-06T21:42:19Z,bitcoin-up-or-down-march-6-4pm-et,Up,SELL,18,0.69,0.68,0.7,0.02,0.69,0.6820493712,0.3891467388,2521.2,3957.59,100,0.0117391304,0.0038755339,548.027422,0.5750884862,2,PASSIVE,,TRADE,,0,-0.005,-0.005,-0.005,,6.5379697573,REDUCE
0xfb75613afebbe42ce02f3a0c8268f8f39571eb11bc8fc89ffb755faddabd964a,2026-03-06T21:42:33Z,bitcoin-up-or-down-march-6-4pm-et,Up,SELL,18,0.7,0.69,0.7,0.01,0.695,0.6904074186,0.3892196172,2451.13,3846.42,76,0.0124,0.0043588989,530.027422,0.5750884862,14,PASSIVE,,TRADE,,0.005,0.005,0,-0.015,,4.9116184925,REDUCE
0x2f09c52e6c291b46e6f93c74a9f974b60e92285a1dadf8f2a5661ef74dff0317,2026-03-06T21:42:51Z,solana-up-or-down-march-6-4pm-et,Down,SELL,4.97938,0.9699998795,0.96,0.97,0.01,0.965,0.9621326537,0.6721163821,2410.29,1175.83,90.9090909091,0.0109090909,0.0029424494,171.268724,0.6476294073,60,PASSIVE,,TRADE,,0.0049998795,0.0049998795,0.0049998795,0.0099998795,,2.4398956,REDUCE
0x7bd11a5f95b795d3dbdd12b8fd4f70835dab890902d448adeffec7738385b8bf,2026-03-06T21:42:53Z,bitcoin-up-or-down-march-6-4pm-et,Up,BUY,3.258063,0.6900001627,0.7,0.71,0.01,0.705,0.7036462613,0.416574043,2061.35,2886.99,79.1666666667,0.0120833333,0.0041485112,512.027422,0.5750884862,20,PASSIVE,,TRADE,,0.0149998373,0.0099998373,0.0249998373,0.0949998373,70,,OPEN
0xf153a23add6b00baa4755b0ece9e5a5e166d34ad7380ea7ccf89d1392178350e,2026-03-06T21:43:07Z,xrp-up-or-down-march-6-4pm-et,Up,BUY,34.88808,0.87,0.86,0.88,0.02,0.87,0.868852459,0.4228136435,1510.21,2061.6,100,0.015,0.0051176632,386.484643,0.766052051,86,PASSIVE,,TRADE,,0,0,0.015,0.01,34,,OPEN
0x30d5494df17f4a50a21f0fc6ac70e22c84a831e64ee9990c5fc18725287b3ac8,2026-03-06T21:43:07Z,bitcoin-up-or-down-march-6-4pm-et,Up,BUY,18,0.66,0.69,0.7,0.01,0.695,0.6993080034,0.4147143629,2587.49,3651.72,73.0769230769,0.0126923077,0.0045234432,515.285485,0.5758150533,14,PASSIVE,,TRADE,,0.035,0.035,0.085,0.13,56,,OPEN
0x09bdbb7a42748fec6478c117754b7fa0989f11ab75cf8588808f493fdc3beba1,2026-03-06T21:43:07Z,xrp-up-or-down-march-6-4pm-et,Up,SELL,20,0.9,0.86,0.88,0.02,0.87,0.868852459,0.4149145148,1510.21,2129.6,100,0.0152173913,0.0051075392,421.372723,0.774658551,0,PASSIVE,,TRADE,,0.03,0.03,0.015,0.02,,3.8,REDUCE
0x33cf73d0bef5ab39bc0e8290e4698a43b37ec248fd8bc5c9fba9769a9611e1c4,2026-03-06T21:43:09Z,xrp-up-or-down-march-6-4pm-et,Up,BUY,0.08,0.86,0.86,0.88,0.02,0.87,0.868852459,0.4149145148,1510.21,2129.6,100,0.0154166667,0.0050897738,401.372723,0.774658551,2,PASSIVE,,TRADE,,0.01,0.01,0.025,0.02,32,,OPEN
0x191b019c3aafe945cc3dd1e1ed7740251998777230b81d7e9870eaf3c1d9bdc6,2026-03-06T21:43:19Z,solana-up-or-down-march-6-4pm-et,Down,SELL,10.5,0.97,0.96,0.97,0.01,0.965,0.9633849934,0.6819402632,2478.13,1155.81,100,0.01,0,166.289344,0.6476294073,28,PASSIVE,,TRADE,,0.005,0.005,0.01,0.015,,5.02758552,REDUCE
0xfc61ba497481edffeed6febb026f7551f2b24d721cbf691e406ff8aa0d94c4c7,2026-03-06T21:43:29Z,bitcoin-up-or-down-march-6-4pm-et,Up,BUY,1,0.71,0.76,0.77,0.01,0.765,0.7608967961,0.4089107676,2360.74,3412.5,90.4761904762,0.010952381,0.003007926,533.285485,0.5786565502,22,PASSIVE,,TRADE,,0.055,0.055,0.085,0.075,34,,OPEN
0xe57da7baa64147db9101ded4435eb8870b18fc27be79ce67ae1d5fa02eebd706,2026-03-06T21:43:29Z,bitcoin-up-or-down-march-6-4pm-et,Up,BUY,5.8,0.71,0.76,0.77,0.01,0.765,0.7608967961,0.4089107676,2360.74,3412.5,90.9090909091,0.0109090909,0.0029424494,534.285485,0.5789023803,0,PASSIVE,,TRADE,,0.055,0.055,0.085,0.075,34,,OPEN
0x52b3cb924e7e3a1f27e0a9cbb7edee29d9f2edb8b0fff9579da837b715e33f5f,2026-03-06T21:43:33Z,ethereum-up-or-down-march-6-4pm-et,Down,SELL,25,0.69,0.65,0.66,0.01,0.655,0.6521635884,0.5140008561,4611.04,4359.84,84.2105263158,0.0115789474,0.0037463432,346.802267,0.5688001122,126,PASSIVE,,TRADE,,0.035,0.035,0.045,0.075,,6.84586325,REDUCE
0x23be63799b8dce78ad9058ecf0fbc3b7b251736942470b19751947df1baeefdc,2026-03-06T21:43:41Z,xrp-up-or-down-march-6-4pm-et,Up,SELL,9,0.9,0.87,0.89,0.02,0.88,0.8729519206,0.3886678232,1510.06,2375.16,100,0.0168181818,0.0047673129,401.452723,0.7746755576,32,PASSIVE,,TRADE,,0.02,0.02,0.02,-0.025,,1.78293214,REDUCE
0x39733376a4ecaa24f3f7f9524269a67f34c01eea676e47f571786edb36199084,2026-03-06T21:43:45Z,bitcoin-up-or-down-march-6-4pm-et,Up,BUY,39.66731,0.76,0.78,0.8,0.02,0.79,0.7852508477,0.4022737334,2426.31,3605.18,100,0.0119047619,0.0040237391,540.085485,0.580310243,16,PASSIVE,,TRADE,,0.03,0.03,0.03,0.045,18,,OPEN
0x1e4565aae103dbe96c45e9d050838577130540fff31b077a75f36f0dba495ee6,2026-03-06T21:43:59Z,bitcoin-up-or-down-march-6-4pm-et,Down,BUY,7.15,0.2,0.21,0.22,0.01,0.215,0.2134528302,0.6024641723,3620.4,2388.92,84.2105263158,0.0115789474,0.0037463432,88.242901,0.575335888,450,PASSIVE,,TRADE,,0.015,0.015,0.015,0.005,374,,OPEN
0x56cab3075fa6e4a68ca0ed9426c1eb9d41e4eb64d7431600d5e790c65edfd148,2026-03-06T21:43:59Z,bitcoin-up-or-down-march-6-4pm-et,Down,BUY,10.85,0.2,0.21,0.22,0.01,0.215,0.2134528302,0.6024641723,3620.4,2388.92,85,0.0115,0.0036634755,95.392901,0.5472032747,0,PASSIVE,,TRADE,,0.015,0.015,0.015,0.005,374,,OPEN
0xf7038dc0a8be5f4f242611a3c3de5a1b1059917d4484f08822b0854f2532d0be,2026-03-06T21:44:03Z,bitcoin-up-or-down-march-6-4pm-et,Up,BUY,18,0.78,0.78,0.79,0.01,0.785,0.7866423867,0.3979401295,2388.95,3614.34,81.8181818182,0.0118181818,0.0039477102,579.752795,0.5926048095,18,PASSIVE,,TRADE,,0.005,0.005,0.005,0.005,2,,OPEN
0x2b9248c09384d963496a8a9fce53ca57f3478b5c16f95f0b6115942915d5e993,2026-03-06T21:44:03Z,bitcoin-up-or-down-march-6-4pm-et,Up,SELL,7,0.8,0.78,0.79,0.01,0.785,0.7866423867,0.3979401295,2388.95,3614.34,82.6086956522,0.0117391304,0.0038755339,597.752795,0.5982478001,0,PASSIVE,,TRADE,,0.015,0.015,0.015,0.015,,2.03,REDUCE
0xec9507372a43edd9096cd2316b6607de5f099a2646caff1c37f466ca4681bb98,2026-03-06T21:44:05Z,bitcoin-up-or-down-march-6-4pm-et,Up,SELL,7,0.8,0.78,0.79,0.01,0.785,0.7866423867,0.3979401295,2388.95,3614.34,83.3333333333,0.0116666667,0.0038069349,590.752795,0.5982478001,2,PASSIVE,,TRADE,,0.015,0.005,0.015,0.015,,2.03,REDUCE
0x12b26892b7965168a7d726e20a6ce5aa892b35e476fb9b9143c10af4294cb946,2026-03-06T21:44:05Z,bitcoin-up-or-down-march-6-4pm-et,Up,SELL,4,0.8,0.78,0.79,0.01,0.785,0.7866423867,0.3979401295,2388.95,3614.34,84,0.0116,0.0037416574,583.752795,0.5982478001,0,PASSIVE,,TRADE,,0.015,0.005,0.015,0.015,,1.16,REDUCE
0xbeed8144d1e216baa3a7671d355c800bd5c22dcd945fa8a93572455faf7e41b8,2026-03-06T21:44:19Z,ethereum-up-or-down-march-6-4pm-et,Up,BUY,1.53846,0.35,0.38,0.39,0.01,0.385,0.3868970622,0.5424030704,4604.4,3884.49,95,0.0105,0.002236068,296.166401,0.3789138806,126,PASSIVE,,TRADE,,0.035,0.035,0.125,0.075,30,,OPEN
0x49c2c693f7fef63384ed53d0d281ccd34aff5d7c85ddce00a227f36bfdcf83e1,2026-03-06T21:44:19Z,ethereum-up-or-down-march-6-4pm-et,Up,BUY,1.53846,0.35,0.38,0.39,0.01,0.385,0.3868970622,0.5424030704,4604.4,3884.49,95.2380952381,0.0104761905,0.0021821789,297.704861,0.3787644613,0,PASSIVE,,TRADE,,0.035,0.035,0.125,0.075,30,,OPEN
0xb1657f87d62071daf45eda232dade515077ead70136c82a8eb47aa8ca3cd0e2e,2026-03-06T21:44:19Z,bitcoin-up-or-down-march-6-4pm-et,Up,BUY,18,0.78,0.77,0.78,0.01,0.775,0.775943633,0.2100096943,899.02,3381.83,85.1851851852,0.0114814815,0.0036201399,579.752795,0.5982478001,14,CROSS,,TRADE,,-0.005,-0.005,0.005,-0.025,8,,OPEN
0x74e0f9e851664b9fa6cab98d69ca3cb9a8af2a762660ca35a5d902face8992fc,2026-03-06T21:44:23Z,bitcoin-up-or-down-march-6-4pm-et,Up,BUY,18,0.77,0.77,0.78,0.01,0.775,0.775943633,0.2100096943,899.02,3381.83,85.7142857143,0.0114285714,0.0035634832,597.752795,0.6037208646,4,PASSIVE,,TRADE,,0.005,0.005,0.035,0.005,4,,OPEN
0xa650bcb52f36ae43de74556f13b30e63c44e3ab157e633aef658ffa977069c28,2026-03-06T21:44:27Z,bitcoin-up-or-down-march-6-4pm-et,Up,SELL,30,0.79,0.77,0.78,0.01,0.775,0.775943633,0.2100096943,899.02,3381.83,86.2068965517,0.0113793103,0.003509312,615.752795,0.6085816212,4,PASSIVE,,TRADE,,0.015,0.015,-0.015,0.015,,8.4,REDUCE
0xf60e00cdde574f64418aca183171c592d4a278c2f933bfb19302f10d47a81dc6,2026-03-06T21:44:27Z,bitcoin-up-or-down-march-6-4pm-et,Up,SELL,42,0.79,0.77,0.78,0.01,0.775,0.775943633,0.2100096943,899.02,3381.83,86.6666666667,0.0113333333,0.003457459,585.752795,0.6085816212,0,PASSIVE,,TRADE,,0.015,0.015,-0.015,0.015,,11.76,REDUCE
0x8f9098bad71b22033697844d2a65ed6476928b6a8c5b9e9efec0f7e51dcb6f09,2026-03-06T21:44:27Z,bitcoin-up-or-down-march-6-4pm-et,Up,BUY,18,0.71,0.77,0.78,0.01,0.775,0.7750902833,0.2602954251,1215.02,3452.83,87.0967741935,0.0112903226,0.003407771,543.752795,0.6085816212,0,PASSIVE,,TRADE,,0.065,0.065,0.085,0.035,8,,OPEN
0x59371e7be143cdba1ec53d132f9a72c383c41a00d9fcc015f352f51c2c6ed058,2026-03-06T21:44:35Z,bitcoin-up-or-down-march-6-4pm-et,Up,SELL,11.744682,0.7899999336,0.79,0.8,0.01,0.795,0.7924916944,0.4968715499,4343.03,4397.72,83.8709677419,0.0116129032,0.0037387825,561.752795,0.6118313261,8,CROSS,,TRADE,,-0.0050000664,-0.0050000664,0.0049999336,0.0149999336,,3.2885101802,REDUCE
0xcd24feb28a1090242a96f66cd121eb7839256b08183be733f50c9c89afe5b00d,2026-03-06T21:44:37Z,bitcoin-up-or-down-march-6-4pm-et,Up,SELL,0.17,0.79,0.79,0.8,0.01,0.795,0.7924916944,0.4968715499,4343.03,4397.72,84.375,0.0115625,0.0036890203,550.008113,0.6118313261,2,CROSS,,TRADE,,-0.005,-0.005,0.005,0.015,,0.0476,REDUCE
0xcdd5fa89ea9323155c543a0575dd5891c09f7d28346a682658849a4eb9234ffa,2026-03-06T21:44:39Z,bitcoin-up-or-down-march-6-4pm-et,Up,SELL,5.94,0.79,0.79,0.8,0.01,0.795,0.7924916944,0.4968715499,4343.03,4397.72,84.8484848485,0.0115151515,0.0036410954,549.838113,0.6118313261,2,CROSS,,TRADE,,-0.005,-0.015,0.015,0.005,,1.6632,REDUCE
0x6a16adc5e0f3625f2143c66e27d546ff82e8e5b3e2ab3e4161533c3e718f09b3,2026-03-06T21:44:39Z,bitcoin-up-or-down-march-6-4pm-et,Up,SELL,0.14,0.79,0.79,0.8,0.01,0.795,0.7924916944,0.4968715499,4343.03,4397.72,85.2941176471,0.0114705882,0.0035949063,543.898113,0.6118313261,0,CROSS,,TRADE,,-0.005,-0.015,0.015,0.005,,0.0392,REDUCE
0x01b0ed6776a3656b49fbcc4ea571879a506fb4fa4cf39d874646433caabc69f7,2026-03-06T21:44:41Z,bitcoin-up-or-down-march-6-4pm-et,Up,SELL,30,0.77,0.79,0.8,0.01,0.795,0.7924916944,0.4968715499,4343.03,4397.72,85.7142857143,0.0114285714,0.003550358,543.758113,0.6118313261,2,CROSS,,TRADE,,-0.025,-0.035,-0.005,-0.015,,7.75330659,REDUCE
0x319058de0e5dd096c75a1c9270b3a65c24b0ecd5d7c6f70b94e882980d9fd12f,2026-03-06T21:44:41Z,bitcoin-up-or-down-march-6-4pm-et,Up,SELL,42,0.77,0.79,0.8,0.01,0.795,0.7924916944,0.4968715499,4343.03,4397.72,86.1111111111,0.0113888889,0.0035073619,513.758113,0.6118313261,0,CROSS,,TRADE,,-0.025,-0.035,-0.005,-0.015,,9.40443553,REDUCE
0x1f254916efb3dea31ba3c01ab346ec4800ec02fab724536be65b61ac78d75552,2026-03-06T21:44:41Z,bitcoin-up-or-down-march-6-4pm-et,Up,BUY,18,0.7,0.79,0.8,0.01,0.795,0.7924916944,0.4968715499,4343.03,4397.72,86.4864864865,0.0113513514,0.003465835,471.758113,0.6118313261,0,PASSIVE,,TRADE,,0.095,0.105,0.075,0.085,2,,OPEN
0xc74686ccefe4057927ac5bee32b79be5ca08898197c35a0a3c64966b91157ef1,2026-03-06T21:44:43Z,bitcoin-up-or-down-march-6-4pm-et,Up,SELL,30,0.77,0.79,0.8,0.01,0.795,0.7924916944,0.4968715499,4343.03,4397.72,86.8421052632,0.0113157895,0.0034256999,489.758113,0.615071775,2,CROSS,,TRADE,,-0.025,-0.035,0.005,-0.025,,6.47548424,REDUCE
0xa381d5d971f1cc7207e1f15cdc5c757fa47651d7bb2e3e389cba42dcbffefd97,2026-03-06T21:44:47Z,bitcoin-up-or-down-march-6-4pm-et,Up,SELL,18,0.8,0.79,0.8,0.01,0.795,0.7924916944,0.4968715499,4343.03,4397.72,87.1794871795,0.0112820513,0.0033868843,459.758113,0.615071775,4,PASSIVE,,TRADE,,-0.005,0.005,0.035,-0.005,,3.04443553,REDUCE
0xc786273088655af892cbab265cf666bbbacde9fdffb3f8e8a0e6ce3a9088010d,2026-03-06T21:44:49Z,ethereum-up-or-down-march-6-4pm-et,Up,SELL,25,0.47,0.46,0.47,0.01,0.465,0.462599796,0.5019969191,4431.93,4396.67,91.3043478261,0.0108695652,0.0028810407,299.243321,0.3786165784,30,PASSIVE,,TRADE,,-0.035,-0.035,0.045,-0.085,,-1.788,REDUCE
0x49ffb89d034d163ba4b91625c54d9f04f78ee5ffad906c1b0337289370acde5d,2026-03-06T21:44:55Z,ethereum-up-or-down-march-6-4pm-et,Down,BUY,2.040815,0.5100001715,0.53,0.54,0.01,0.535,0.537400204,0.4980030809,4396.67,4431.93,95.2380952381,0.0104761905,0.0021821789,321.802267,0.5688001122,82,PASSIVE,,TRADE,,-0.0150001715,-0.0050001715,-0.0000001715,-0.0700001715,234,,OPEN
0xb5851a4986a27fc603c3154c0dad97b9c1cc554d9ca5ebdad4e2c85c890527af,2026-03-06T21:44:55Z,xrp-up-or-down-march-6-4pm-et,Up,BUY,20.33843,0.93,0.96,0.97,0.01,0.965,0.965069963,0.5978727784,1771.79,1191.7,57.1428571429,0.0147619048,0.0060158521,392.452723,0.7746755576,74,PASSIVE,,TRADE,,0.035,0.035,0.04,0.045,4,,OPEN
0x3d9287aee423017419ed2460584f4c297b1ced26475f49e1dbf128616ede1513,2026-03-06T21:44:57Z,ethereum-up-or-down-march-6-4pm-et,Down,BUY,2.040815,0.5100001715,0.53,0.54,0.01,0.535,0.537400204,0.4980030809,4396.67,4431.93,95.4545454545,0.0104545455,0.0021320072,323.843082,0.568429563,2,PASSIVE,,TRADE,,-0.0150001715,-0.0050001715,-0.0000001715,-0.0700001715,232,,OPEN
0x05bc7d14e887087e05cfc2b06d46bba3436543b30bd31f9539a0923af24c217b,2026-03-06T21:44:59Z,bitcoin-up-or-down-march-6-4pm-et,Up,SELL,18,0.82,0.78,0.79,0.01,0.785,0.7852752897,0.5247883625,4124.91,3735.23,94.8717948718,0.0105128205,0.0022345587,441.758113,0.615071775,12,PASSIVE,,TRADE,,0.04,0.045,0.045,0.01,,3.36451576,REDUCE
0x5bb85bee6b24b6a302411e64d5309edcd125af9c1d3a837b96d45626606655a8,2026-03-06T21:44:59Z,xrp-up-or-down-march-6-4pm-et,Down,BUY,7.91665,0.04,0.03,0.04,0.01,0.035,0.0341735715,0.398763255,1191.7,1796.79,66.6666666667,0.0133333333,0.0048304589,155.672844,0.3972822857,290,CROSS,,TRADE,,-0.005,-0.005,-0.01,-0.015,,,OPEN
0x45d5095414291af02545a020ceeee26d89ca48b6dcf96edcb0ca03f5a8e8cf5e,2026-03-06T21:44:59Z,bitcoin-up-or-down-march-6-4pm-et,Up,BUY,6.11111,0.7300001145,0.78,0.79,0.01,0.785,0.7852752897,0.526192485,4134.91,3723.26,95,0.0105,0.0022072143,423.758113,0.615071775,0,PASSIVE,,TRADE,,0.0499998855,0.0449998855,0.0449998855,0.0949998855,36,,OPEN
0xc44893953cfc13ac7402f9765c3a6b4ee90c3a2e08ff8bc929d39841c9259480,2026-03-06T21:44:59Z,bitcoin-up-or-down-march-6-4pm-et,Up,SELL,30,0.78,0.78,0.79,0.01,0.785,0.7852752897,0.526192485,4134.91,3723.26,95.1219512195,0.0104878049,0.0021808479,429.869223,0.6167056201,0,CROSS,,TRADE,,0,0.005,0.005,-0.045,,6.46443553,REDUCE
0x4b2b89e70e2b97d7a7d1bd2febcb2f447c0c1ae010477f3f0f877fdbc538c986,2026-03-06T21:44:59Z,xrp-up-or-down-march-6-4pm-et,Down,BUY,6.15,0.04,0.03,0.04,0.01,0.035,0.0347575736,0.3963395575,1166.57,1776.79,68.1818181818,0.0131818182,0.0047673129,163.589494,0.3799921851,0,CROSS,,TRADE,,-0.005,-0.005,-0.01,-0.015,,,OPEN
0xb81514879c57d388c3002c44bc1859e9147fb49deb8b1464625d86cb9ec76a6d,2026-03-06T21:44:59Z,xrp-up-or-down-march-6-4pm-et,Down,BUY,5.927075,0.04,0.03,0.04,0.01,0.035,0.0347575736,0.3963395575,1166.57,1776.79,69.5652173913,0.0130434783,0.0047047197,169.739494,0.3676735909,0,CROSS,,TRADE,,-0.005,-0.005,-0.01,-0.015,,,OPEN
0x3c94cedd643c984abe618fd88aa94570f927cecac90a48fe4e3545e18e0ab2cf,2026-03-06T21:44:59Z,xrp-up-or-down-march-6-4pm-et,Up,SELL,14.842104,0.9499999461,0.96,0.97,0.01,0.965,0.9652424264,0.6036604425,1776.79,1166.57,59.0909090909,0.0145454545,0.005958006,412.791153,0.7823284718,4,CROSS,,TRADE,,-0.0150000539,-0.0150000539,-0.0200000539,-0.0250000539,,3.76919198,REDUCE
0x6aacb667fd54b11b358a9203ae203a5effe54815377352134aeb018f6e493648,2026-03-06T21:45:05Z,xrp-up-or-down-march-6-4pm-et,Down,BUY,7.9175,0.03,0.03,0.04,0.01,0.035,0.0347575736,0.3963395575,1166.57,1776.79,70.8333333333,0.0129166667,0.0046430562,175.666569,0.3566177255,6,PASSIVE,,TRADE,,0.005,0.005,0,-0.01,,,OPEN
0xd2eeff671385afc27a013aa6f034c7f4e29482f4f41b1d1c617a981627b0d106,2026-03-06T21:45:05Z,xrp-up-or-down-march-6-4pm-et,Down,BUY,1.979366,0.0300000101,0.03,0.04,0.01,0.035,0.0347575736,0.3963395575,1166.57,1776.79,72,0.0128,0.0045825757,183.584069,0.3425315586,0,PASSIVE,,TRADE,,0.0049999899,0.0049999899,-0.0000000101,-0.0100000101,,,OPEN
0xce91ae398a75d753634fb1c181ea8547bf335012b7da90a879235449ffd0338b,2026-03-06T21:45:05Z,xrp-up-or-down-march-6-4pm-et,Down,BUY,7.9175,0.03,0.03,0.04,0.01,0.035,0.0347575736,0.3963395575,1166.57,1776.79,73.0769230769,0.0126923077,0.0045234432,185.563435,0.3391978505,0,PASSIVE,,TRADE,,0.005,0.005,0,-0.01,,,OPEN
0x60fe85b1acba2d5e1dbe9c63b4fd7b51fbd4666368dd4b12651fb47499c1d28c,2026-03-06T21:45:07Z,xrp-up-or-down-march-6-4pm-et,Up,SELL,14,0.97,0.96,0.97,0.01,0.965,0.9697407983,0.6155267205,1809.23,1130.09,83.3333333333,0.0122222222,0.0054831888,397.949049,0.7823284718,8,PASSIVE,,TRADE,,0.005,0.005,-0.005,-0.01,,3.91427372,REDUCE
0x5cca2c2a12bde89148ac3d507a4137911e081cc6e1c9a0ce464fcbace38f5d46,2026-03-06T21:45:07Z,xrp-up-or-down-march-6-4pm-et,Up,SELL,6,0.97,0.96,0.97,0.01,0.965,0.9697407983,0.6155267205,1809.23,1130.09,84.2105263158,0.0121052632,0.0053530338,383.949049,0.7823284718,0,PASSIVE,,TRADE,,0.005,0.005,-0.005,-0.01,,1.32,REDUCE
0xf8950213425bded477688e91de6e16aa50a30f8603f8796be431cf6b5b5f3166,2026-03-06T21:45:11Z,solana-up-or-down-march-6-4pm-et,Down,SELL,0.470823,0.9699993416,0.96,0.97,0.01,0.965,0.9614285714,0.6223338644,1937.4,1175.72,43.75,0.015625,0.0051234754,155.789344,0.6476294073,112,PASSIVE,,TRADE,,-0.0050006584,-0.0050006584,0.0049993416,0.0399993416,,0.1742042,REDUCE
0x20464fc39e882eaae5d7ce77bde2bd6b4fca1701d4e91b1a366b199141cf7361,2026-03-06T21:45:17Z,ethereum-up-or-down-march-6-4pm-et,Down,BUY,25,0.5,0.55,0.56,0.01,0.555,0.5505100063,0.5377465515,4465.2,3838.34,88.8888888889,0.0111111111,0.0032338083,325.883897,0.5680636548,20,PASSIVE,,TRADE,,0.075,0.005,-0.055,-0.135,212,,OPEN
0x04fab16c07975131ed4af69f02140680c5d29df2ef1f1653fa4183674e30c154,2026-03-06T21:45:17Z,ethereum-up-or-down-march-6-4pm-et,Up,SELL,3.843136,0.5099999063,0.44,0.45,0.01,0.445,0.4494899937,0.4622534485,3838.34,4465.2,89.4736842105,0.0110526316,0.0031530177,274.243321,0.3786165784,28,PASSIVE,,TRADE,,0.0849999063,0.0149999063,-0.0450000937,-0.1250000937,,-0.1921571601,REDUCE
0xb82d1c055f7a08a53ffede994f707155e8d44199a284b0144bc984132ef95d96,2026-03-06T21:45:17Z,ethereum-up-or-down-march-6-4pm-et,Up,SELL,3.862744,0.5099998861,0.44,0.45,0.01,0.445,0.4494899937,0.4622534485,3838.34,4465.2,90,0.011,0.0030779351,270.400185,0.3786165784,0,PASSIVE,,TRADE,,0.0849998861,0.0149998861,-0.0450001139,-0.1250001139,,-0.19313764,REDUCE
0x68bc8d936c45f63a75713d74cf3ac5545c5fdac733f576d34787635a78cb696f,2026-03-06T21:45:17Z,ethereum-up-or-down-march-6-4pm-et,Up,SELL,3.901959,0.5099999769,0.44,0.45,0.01,0.445,0.4494899937,0.4622534485,3838.34,4465.2,90.4761904762,0.010952381,0.003007926,266.537441,0.3786165784,0,PASSIVE,,TRADE,,0.0849999769,0.0299999769,-0.0450000231,-0.1250000231,,-0.1956764301,REDUCE
0xb96999fdac25688a102ca9dc0dd63b0d005387d71b708b3e7fc09eaf73c385f6,2026-03-06T21:45:17Z,bitcoin-up-or-down-march-6-4pm-et,Up,BUY,18,0.77,0.77,0.78,0.01,0.775,0.7752230934,0.6128189496,4543.55,2870.63,96.9696969697,0.0103030303,0.0017407766,399.869223,0.6167056201,18,PASSIVE,,TRADE,,-0.015,0.005,0.035,0.085,18,,OPEN
0x7fa6ed44e1529ed9e434084aa2e54698dc723ae4c269b0497d82bf90ebfc6ad2,2026-03-06T21:45:25Z,solana-up-or-down-march-6-4pm-et,Down,SELL,24.52,0.97,0.97,0.98,0.01,0.975,0.970363161,0.6112274404,1716.4,1091.72,47.0588235294,0.0152941176,0.0051449576,155.318521,0.6476294073,14,CROSS,,TRADE,,-0.005,-0.005,0.015,0.015,,9.0724,REDUCE
0x6c063c8753901506ee0c6dedb4253a5cf66307c9d48f1422a80146da21e724fd,2026-03-06T21:45:27Z,bitcoin-up-or-down-march-6-4pm-et,Up,BUY,18,0.77,0.77,0.78,0.01,0.775,0.7746194172,0.6397401924,4543.55,2558.63,97.0588235294,0.0102941176,0.0017149859,417.869223,0.6233088794,10,PASSIVE,,TRADE,,0.005,0.005,0.04,0.075,8,,OPEN
0x5d1249edb673b990c2ecec4bbc20cb9a39a00aaf5595eb8248028a386dec885e,2026-03-06T21:45:27Z,solana-up-or-down-march-6-4pm-et,Down,SELL,25,0.97,0.97,0.98,0.01,0.975,0.970363161,0.6112274404,1716.4,1091.72,50,0.015,0.0051449576,130.798521,0.6476294073,2,CROSS,,TRADE,,-0.005,0.005,0.015,0.015,,8.3911523,REDUCE
0x08df931a7ab706b0c0f027c1c48108769dca3c937347c50d9f9c82e5c8db5add,2026-03-06T21:45:31Z,ethereum-up-or-down-march-6-4pm-et,Up,SELL,3.888887,0.539999748,0.48,0.49,0.01,0.485,0.4855181702,0.5287700219,4298.16,3830.44,88.8888888889,0.0111111111,0.0032338083,262.635482,0.3786165784,14,PASSIVE,,TRADE,,0.054999748,-0.025000252,-0.025000252,-0.005000252,,-0.11666759,REDUCE
0x75e0126eaf8ea8b51b6a987eaa8904556c741bca5b680c02a63d986d874f6561,2026-03-06T21:45:31Z,ethereum-up-or-down-march-6-4pm-et,Up,SELL,25,0.53,0.48,0.49,0.01,0.485,0.4855181702,0.5287700219,4298.16,3830.44,89.4736842105,0.0110526316,0.0031530177,258.746595,0.3786165784,0,PASSIVE,,TRADE,,0.045,-0.035,-0.035,-0.015,,-1,REDUCE
0xe2bd32cb60a16ae0c4a2dcbb55291fa1d5262d8873bfc69a2b933518c81b042a,2026-03-06T21:45:33Z,ethereum-up-or-down-march-6-4pm-et,Up,SELL,3.962961,0.5399997628,0.48,0.49,0.01,0.485,0.4854796473,0.5292373907,4306.23,3830.44,90,0.011,0.0030779351,233.746595,0.3786165784,2,PASSIVE,,TRADE,,0.0549997628,-0.0250002372,-0.0350002372,0.0049997628,,-0.11888977,REDUCE
0xe1ce515adb26fd4d4e33b53e13dd059ea58cca99f5561649b146f4962be9a7fb,2026-03-06T21:45:33Z,ethereum-up-or-down-march-6-4pm-et,Up,SELL,3.324813,0.539999994,0.48,0.49,0.01,0.485,0.4854796473,0.5292373907,4306.23,3830.44,90.4761904762,0.010952381,0.003007926,229.783634,0.3786165784,0,PASSIVE,,TRADE,,-0.000000006,-0.025000006,-0.035000006,0.004999994,,-0.0997444099,REDUCE
0x3e93a8841d635d0e77a94ed4c3d5fc055c230b561b210a68b2531110b5dbaccd,2026-03-06T21:45:33Z,ethereum-up-or-down-march-6-4pm-et,Up,SELL,0.11,0.54,0.48,0.49,0.01,0.485,0.4854404564,0.5258933088,4304.3,3880.44,90.9090909091,0.0109090909,0.0029424494,226.458821,0.3786165784,0,PASSIVE,,TRADE,,0,-0.025,-0.035,0.005,,-0.0033,REDUCE
0x57107148fef380246450dae77a6fa7e7e0e1ff351516d86240edcda7641c40a8,2026-03-06T21:45:33Z,ethereum-up-or-down-march-6-4pm-et,Up,SELL,2.462961,0.5399996183,0.48,0.49,0.01,0.485,0.4854404564,0.5258933088,4304.3,3880.44,91.3043478261,0.0108695652,0.0028810407,226.348821,0.3786165784,0,PASSIVE,,TRADE,,-0.0000003817,-0.0250003817,-0.0350003817,0.0049996183,,-0.0738897701,REDUCE
0x1bccc4a3bf3faa09aa2b571fe846f3bd79bb0397fdd9d25e47af6b9a9e7bbcaa,2026-03-06T21:45:33Z,ethereum-up-or-down-march-6-4pm-et,Up,SELL,2.648147,0.5399998565,0.48,0.49,0.01,0.485,0.4854404564,0.5258933088,4304.3,3880.44,91.6666666667,0.0108333333,0.0028232985,223.88586,0.3786165784,0,PASSIVE,,TRADE,,-0.0000001435,-0.0250001435,-0.0350001435,0.0049998565,,0.68488153,REDUCE
0x51010dc7c9e4ef6a8d288bf5945854b8565f1cc08e05472863393c7283642ebe,2026-03-06T21:45:33Z,ethereum-up-or-down-march-6-4pm-et,Up,SELL,5.388887,0.5399998181,0.48,0.49,0.01,0.485,0.48540058,0.5257814858,4302.37,3880.44,92,0.0108,0.0027688746,221.237713,0.3786165784,0,PASSIVE,,TRADE,,-0.0000001819,-0.0150001819,-0.0350001819,0.0049998181,,1.4011095043,REDUCE
0x67cdcd74eae2f40073cce72e278474964867ff336e814760495961ffbe17900c,2026-03-06T21:45:33Z,ethereum-up-or-down-march-6-4pm-et,Up,SELL,3.185184,0.539999887,0.48,0.49,0.01,0.485,0.48540058,0.5257814858,4302.37,3880.44,92.3076923077,0.0107692308,0.0027174649,215.848826,0.3786165784,0,PASSIVE,,TRADE,,-0.000000113,-0.015000113,-0.035000113,0.004999887,,0.8281474556,REDUCE
0xfc8d51e76a998deda2bfdfcf0c9071e9b359c26e068519b791ccd05b7915ea81,2026-03-06T21:45:35Z,ethereum-up-or-down-march-6-4pm-et,Up,BUY,25,0.48,0.48,0.49,0.01,0.485,0.4853186975,0.5264588271,4298.51,3866.44,92.5925925926,0.0107407407,0.0026688026,212.663642,0.3786165784,2,PASSIVE,,TRADE,,0.055,0.075,0.095,0.055,30,,OPEN
0x626804f42de6c805a1fa16ecb310781d29e9fa2df2776d92e351b59d89dd9ba5,2026-03-06T21:45:35Z,bitcoin-up-or-down-march-6-4pm-et,Up,SELL,18,0.77,0.77,0.78,0.01,0.775,0.7755287638,0.7249409396,7057.88,2677.92,100,0.01,0,435.869223,0.6293667519,8,CROSS,,TRADE,,-0.015,-0.035,-0.055,-0.075,,3.62006997,REDUCE
0xdd5d21a12d536fcc38ddf9ab112d1714339f29247b965bbba30366d7894dee9b,2026-03-06T21:45:37Z,ethereum-up-or-down-march-6-4pm-et,Up,BUY,3.962263,0.4700000984,0.48,0.49,0.01,0.485,0.485327476,0.5255774639,4296.58,3878.39,92.8571428571,0.0107142857,0.0026226526,237.663642,0.3892811694,2,PASSIVE,,TRADE,,0.0649999016,0.0849999016,0.1649999016,0.0749999016,28,,OPEN
0xf5bc1f017aba9082ed226b57e4e7718cc4046b0f3a476554beafa5ad3412b6dc,2026-03-06T21:45:39Z,ethereum-up-or-down-march-6-4pm-et,Up,BUY,3.962263,0.4700000984,0.48,0.49,0.01,0.485,0.485327476,0.5249353388,4296.58,3888.39,93.1034482759,0.0106896552,0.0025788071,241.625905,0.3906048256,2,PASSIVE,,TRADE,,0.0949999016,0.0849999016,0.1649999016,0.0449999016,26,,OPEN
0xdc343a9492867d34dc0259cf6a4c9f45f0f23a2a1ad39e1f7dbdf02e7f3e27d2,2026-03-06T21:45:39Z,xrp-up-or-down-march-6-4pm-et,Up,SELL,7.278349,0.9699999272,0.96,0.98,0.02,0.97,0.9715824132,0.650545682,1851.44,994.54,94.4444444444,0.0138888889,0.0060768499,377.949049,0.7823284718,32,PASSIVE,,TRADE,,-0.0050000728,-0.0050000728,-0.0100000728,-0.0100000728,,1.6012362501,REDUCE
0x80611ab60658d364eefe3f3108770011992a8829b191b9333b8f6b13da74de26,2026-03-06T21:45:47Z,solana-up-or-down-march-6-4pm-et,Up,BUY,25,0.02,0.02,0.03,0.01,0.025,0.0277066374,0.3987589553,1114.3,1680.12,50,0.0157142857,0.0064620617,45.036,0.2236904683,216,PASSIVE,,TRADE,,0.025,0.025,0.045,0.025,,,OPEN
0xac776293dc4a3c751bdfa96db832f140ef071f1552c7b8a42c4d9756b17098da,2026-03-06T21:45:51Z,bitcoin-up-or-down-march-6-4pm-et,Up,BUY,18,0.75,0.79,0.8,0.01,0.795,0.7984121615,0.7767469443,8618.52,2477.14,100,0.01,0,417.869223,0.6293667519,16,PASSIVE,,TRADE,,0.055,0.075,0.095,0.085,8,,OPEN
0x63d164525635d86e4f73ca7464b31ede32e6b1d8c9c0325a9e386170693d3476,2026-03-06T21:45:51Z,bitcoin-up-or-down-march-6-4pm-et,Up,SELL,5.66,0.77,0.79,0.8,0.01,0.795,0.7984121615,0.7767469443,8618.52,2477.14,100,0.01,0,435.869223,0.6343485178,0,CROSS,,TRADE,,-0.035,-0.055,-0.075,-0.025,,1.1886,REDUCE
0x81f1d1d2579f02a9a66bd1069e53da914ef8a2ad5ef03f8ae50088041359a2d0,2026-03-06T21:45:51Z,bitcoin-up-or-down-march-6-4pm-et,Up,SELL,10.649349,0.7699999315,0.79,0.8,0.01,0.795,0.7984121615,0.7767469443,8618.52,2477.14,100,0.01,0,430.209223,0.6343485178,0,CROSS,,TRADE,,-0.0350000685,-0.0600000685,-0.0750000685,-0.0250000685,,2.2110548732,REDUCE
0x9c0a1d9c144968dd104b9b73c891034e9cd1b2a0b421237211c33c73cdb5d296,2026-03-06T21:45:51Z,bitcoin-up-or-down-march-6-4pm-et,Up,SELL,1.69,0.77,0.79,0.8,0.01,0.795,0.7984121615,0.7767469443,8618.52,2477.14,100,0.01,0,419.559874,0.6343485178,0,CROSS,,TRADE,,-0.035,-0.055,-0.075,-0.025,,0.2196999611,REDUCE
0xa2c6915334ccdb5d157fea368e6638bcd8dcefd9ac0424e7bd93015c708964ea,2026-03-06T21:45:51Z,xrp-up-or-down-march-6-4pm-et,Down,BUY,4.44975,0.02,0.02,0.03,0.01,0.025,0.0206382979,0.3309637141,905.99,1831.44,88.8888888889,0.0111111111,0.0032338083,193.480935,0.3265450587,46,PASSIVE,,TRADE,,0.005,0,0,0,,,OPEN
0xa3504de10b62692bacaf4418b22230f1b23afbafd5e83314ba5a0b6ab28dc6cf,2026-03-06T21:45:51Z,bitcoin-up-or-down-march-6-4pm-et,Up,SELL,30,0.76,0.79,0.8,0.01,0.795,0.7989165741,0.7786841377,8671.52,2464.6,100,0.01,0,417.869874,0.6343485178,0,CROSS,,TRADE,,-0.05,-0.065,-0.085,-0.035,,3.5999997267,REDUCE
0x3e6cca261eb454f291d7d6f6992097efc711fec190cb7c5fbb82ed621b991992,2026-03-06T21:45:51Z,bitcoin-up-or-down-march-6-4pm-et,Up,BUY,50.30959,0.752364532,0.79,0.8,0.01,0.795,0.7989165741,0.7786841377,8671.52,2464.6,100,0.01,0,387.869874,0.6343485178,0,PASSIVE,,TRADE,,0.057635468,0.072635468,0.092635468,0.042635468,8,,OPEN
0x9a8ae8b166a616424994efc48d684cafebc7c1cb2ac8352cb7f9dc2f77c5a573,2026-03-06T21:45:59Z,bitcoin-up-or-down-march-6-4pm-et,Up,SELL,8.8,0.78,0.79,0.8,0.01,0.795,0.7989165741,0.7786841377,8671.52,2464.6,100,0.01,0,438.179464,0.6478985305,8,CROSS,,TRADE,,-0.045,-0.075,-0.065,-0.015,,1.232,REDUCE
0xa167f4c5cd3e76b4153bc45dcf9f2de3bf06c6311e5516cf94e64d1795bb54e8,2026-03-06T21:46:05Z,ethereum-up-or-down-march-6-4pm-et,Up,SELL,2.358489,0.5299999279,0.56,0.57,0.01,0.565,0.5604427862,0.451485673,3102.14,3768.82,96.4285714286,0.0103571429,0.0018898224,245.588168,0.3918857706,26,CROSS,,TRADE,,-0.1050000721,-0.1050000721,-0.0150000721,0.0349999279,,0.5896218976,REDUCE
0xc51df8a96c11a861e548d7902c013e186bcc5abbb6c89abd184606134ae4aeb7,2026-03-06T21:46:05Z,ethereum-up-or-down-march-6-4pm-et,Up,SELL,20.09,0.53,0.56,0.57,0.01,0.565,0.5604427862,0.451485673,3102.14,3768.82,96.5517241379,0.0103448276,0.0018569534,243.229679,0.3918857706,0,CROSS,,TRADE,,-0.105,-0.105,-0.015,0.035,,5.3859139822,REDUCE
0x1d0e94f6062e54f9c9be30f6ffeb2fa50e9d9eb3cfa41dbcd6ed3e537f8b2ba6,2026-03-06T21:46:05Z,ethereum-up-or-down-march-6-4pm-et,Up,SELL,2.547168,0.5299999843,0.56,0.57,0.01,0.565,0.5604427862,0.451485673,3102.14,3768.82,96.6666666667,0.0103333333,0.0018257419,223.139679,0.3918857706,0,CROSS,,TRADE,,-0.1050000157,-0.1050000157,-0.0150000157,0.0849999843,,0.73867868,REDUCE
0xb0b66747df774847770809e7729a2db5404bc17f62c621b6a3364ed773b82f2f,2026-03-06T21:46:07Z,ethereum-up-or-down-march-6-4pm-et,Up,SELL,45,0.54,0.56,0.57,0.01,0.565,0.5684262477,0.5852603626,4760.42,3373.43,96.875,0.0103125,0.001767767,220.592511,0.3918857706,2,CROSS,,TRADE,,-0.095,-0.095,-0.005,0.095,,13.4219286,REDUCE
0x1605b7a5db19f587045d1d46ef3df7fb46f8f417824b55608edd89dbe4fca05d,2026-03-06T21:46:07Z,ethereum-up-or-down-march-6-4pm-et,Up,SELL,25,0.54,0.56,0.57,0.01,0.565,0.5684262477,0.5852603626,4760.42,3373.43,96.9696969697,0.0103030303,0.0017407766,175.592511,0.3918857706,0,CROSS,,TRADE,,-0.095,-0.095,-0.005,0.095,,6.5629711716,REDUCE
0x9decc31a0f25819d6ec9aae75d1f3c9039ababee70575eb67335d2dc123f0f09,2026-03-06T21:46:07Z,xrp-up-or-down-march-6-4pm-et,Down,BUY,1.0204,0.02,0.01,0.03,0.02,0.02,0.0281287538,0.3152111168,900.99,1957.38,100,0.012,0.0041403934,197.930685,0.3196535104,16,PASSIVE,,TRADE,,0,0,0,0,,,OPEN
0x68f93c04ce9ca956f479ac46c9da7e23ea98475b59664447b85c37fb5fdc8b69,2026-03-06T21:46:09Z,bitcoin-up-or-down-march-6-4pm-et,Up,SELL,18,0.79,0.82,0.84,0.02,0.83,0.8210434601,0.6553770814,5744,3020.42,100,0.0104166667,0.0020412415,429.379464,0.6478985305,10,CROSS,,TRADE,,-0.065,-0.065,-0.045,0.015,,2.81205589,REDUCE
0xfc49c754cf343e7b2210caa46bf5361246819013ad51d36e789da18ab9d4f70c,2026-03-06T21:46:13Z,ethereum-up-or-down-march-6-4pm-et,Up,BUY,1.52627,0.55,0.56,0.57,0.01,0.565,0.5693882859,0.5830420684,4894.3,3500.12,97.0588235294,0.0102941176,0.0017149859,150.592511,0.3918857706,6,PASSIVE,,TRADE,,0.085,-0.005,-0.035,-0.105,128,,OPEN
0x602c24567a3d2d2c964adaa6c5f49fc52a752e78c4530cd855a67cf1b0eb7911,2026-03-06T21:46:15Z,ethereum-up-or-down-march-6-4pm-et,Up,BUY,6.19,0.56,0.56,0.57,0.01,0.565,0.5693882859,0.5830420684,4894.3,3500.12,97.1428571429,0.0102857143,0.0016903085,152.118781,0.3934721954,2,PASSIVE,,TRADE,,0.075,-0.015,-0.045,-0.135,126,,OPEN
0x64bc027b06257185c165fe30fccb60f771a465ee58ae99ffc4b589670f946423,2026-03-06T21:46:15Z,ethereum-up-or-down-march-6-4pm-et,Up,BUY,20.72065,0.56,0.56,0.57,0.01,0.565,0.5694197522,0.5807729643,4995.78,3606.17,97.2222222222,0.0102777778,0.0016666667,158.308781,0.3999835658,0,PASSIVE,,TRADE,,0.075,-0.015,-0.045,-0.135,126,,OPEN
0x98ec91efeefc030291883f2e6c94a05aedb7c18a64b83622eb28f8510ba96df4,2026-03-06T21:46:17Z,ethereum-up-or-down-march-6-4pm-et,Up,BUY,5.090908,0.5600001021,0.56,0.57,0.01,0.565,0.5694197522,0.5807729643,4995.78,3606.17,97.2972972973,0.0102702703,0.0016439899,179.029431,0.4185036745,2,PASSIVE,,TRADE,,0.0749998979,-0.0150001021,-0.0250001021,-0.1150001021,124,,OPEN
0xd327f418ea200446224cda688059d68465e8200c205230e100f8fec739a5c241,2026-03-06T21:46:17Z,bitcoin-up-or-down-march-6-4pm-et,Up,SELL,18,0.81,0.82,0.84,0.02,0.83,0.8218480755,0.6665585061,5834,2918.42,100,0.0108,0.0027688746,411.379464,0.6478985305,8,CROSS,,TRADE,,-0.045,-0.035,-0.025,0.05,,3.12794411,REDUCE
0x37fad466c1c3fd807e250d6233e611ba8c56d4f3cd7d86715908b78e92a938a6,2026-03-06T21:46:27Z,solana-up-or-down-march-6-4pm-et,Down,BUY,21.4,0.95,0.95,0.96,0.01,0.955,0.9518463608,0.4607328888,1516.06,1774.48,87.5,0.01125,0.0034156503,105.798521,0.6476294073,60,PASSIVE,,TRADE,,0.005,0.005,0.015,0.025,220,,OPEN
0xdee404563cd018db2d0039890be5d5ef78bc2d70cf6b2a6f1f4a6b30c2f2b954,2026-03-06T21:46:27Z,ethereum-up-or-down-march-6-4pm-et,Up,BUY,25,0.55,0.54,0.55,0.01,0.545,0.549512987,0.5422832641,4378.33,3695.55,97.2972972973,0.0102702703,0.0016439899,184.120339,0.4224160359,10,CROSS,,TRADE,,-0.005,-0.035,-0.085,-0.095,114,,OPEN
0xb597a6171d3693c96539c5c3ecda32627b6cd05fb237f725b4be00dfbfe6bab7,2026-03-06T21:46:29Z,bitcoin-up-or-down-march-6-4pm-et,Up,SELL,18,0.83,0.84,0.85,0.01,0.845,0.8463307444,0.4400200082,2867.76,3649.58,92.3076923077,0.0107692308,0.0027174649,393.379464,0.6478985305,12,CROSS,,TRADE,,-0.015,-0.005,0.035,0.055,,3.42,REDUCE
0x7e3c6c184851cfe98f390fb047084d2afbe351e1e8dd8bb44054cddd9dc3cc03,2026-03-06T21:46:33Z,bitcoin-up-or-down-march-6-4pm-et,Down,BUY,18,0.16,0.15,0.16,0.01,0.155,0.1540767309,0.566368684,3745.6,2867.76,100,0.01,0,106.242901,0.5117453241,154,CROSS,,TRADE,,-0.015,0,0.045,0.065,220,,OPEN
0x4e3e40b23f4c39a755550d86482cc88e75fd04b35382fc6243090243475c6c4d,2026-03-06T21:46:33Z,bitcoin-up-or-down-march-6-4pm-et,Up,BUY,18,0.82,0.84,0.85,0.01,0.845,0.8459232691,0.433631316,2867.76,3745.6,92.5925925926,0.0107407407,0.0026688026,375.379464,0.6478985305,4,PASSIVE,,TRADE,,0.035,0.02,-0.025,-0.045,16,,OPEN
0xa797c90de34574138a7b595922b23c1a7de679dd596e9e562fdb2c0c03cf97b8,2026-03-06T21:46:43Z,ethereum-up-or-down-march-6-4pm-et,Down,BUY,7.179103,0.3300000014,0.46,0.47,0.01,0.465,0.4607217611,0.5085022204,4576.82,4423.77,93.75,0.010625,0.0025,350.883897,0.5632142121,86,PASSIVE,,TRADE,,0.1349999986,0.1949999986,0.2249999986,0.2449999986,126,,OPEN
0x763abac5159c3ab3db8730dffb77ca1bf1345246ecad940d7affcd5eea59203a,2026-03-06T21:46:43Z,bitcoin-up-or-down-march-6-4pm-et,Down,BUY,0.59,0.14,0.16,0.17,0.01,0.165,0.1626703035,0.4660589505,2733.24,3131.34,100,0.01,0,124.242901,0.4607853435,10,PASSIVE,,TRADE,,0.025,0.065,0.105,0.095,210,,OPEN
0x5fab738466dde61678f54271a27e42af11cc0e0c0a5b7d06932b61491586d5a6,2026-03-06T21:46:45Z,bitcoin-up-or-down-march-6-4pm-et,Down,BUY,2.114938,0.1300000284,0.16,0.17,0.01,0.165,0.1626703035,0.4660589505,2733.24,3131.34,100,0.01,0,124.832901,0.4592692099,2,PASSIVE,,TRADE,,0.0349999716,0.0749999716,0.1149999716,0.1049999716,208,,OPEN
0x447ba6d8ae0e4096f88632da80d008e639535acb62f22aa7c5fcac7494e9339d,2026-03-06T21:46:45Z,bitcoin-up-or-down-march-6-4pm-et,Down,BUY,8.18,0.13,0.16,0.17,0.01,0.165,0.1626703035,0.4660589505,2733.24,3131.34,100,0.01,0,126.947839,0.453783619,0,PASSIVE,,TRADE,,0.035,0.075,0.115,0.105,208,,OPEN
0x272f5a79a146cdc1331088c0599e968e629e5b4325ff79659efadb6a4cdd95b8,2026-03-06T21:46:47Z,ethereum-up-or-down-march-6-4pm-et,Up,BUY,8,0.63,0.53,0.54,0.01,0.535,0.5367612585,0.4715025434,4136.77,4636.82,96.1538461538,0.0103846154,0.0019611614,209.120339,0.4376684935,20,CROSS,,TRADE,,-0.095,-0.165,-0.185,-0.165,94,,OPEN
0x058f606d6eb9b95f0b697986c0fde3550d69f9b4aa3f17a87d152d1d0d465fa2,2026-03-06T21:46:47Z,ethereum-up-or-down-march-6-4pm-et,Up,BUY,3.66,0.63,0.53,0.54,0.01,0.535,0.5367612585,0.4715025434,4136.77,4636.82,96.2962962963,0.0103703704,0.0019245009,217.120339,0.444755126,0,CROSS,,TRADE,,-0.095,-0.165,-0.185,-0.165,94,,OPEN
0x5ae09a393288c22ead23e94ae85b8766da1f5c5b23c3952900e3e291f56a2005,2026-03-06T21:46:49Z,bitcoin-up-or-down-march-6-4pm-et,Up,SELL,18,0.87,0.83,0.84,0.01,0.835,0.8333298886,0.5165133772,3132.54,2932.24,92.5925925926,0.0107407407,0.0026688026,393.379464,0.6557734369,16,PASSIVE,,TRADE,,0.075,0.075,0.11,0.095,,4.14,REDUCE
0x490753aabb792561b6b71d73fb36aa14ec50db0df450f19244e22e57d169f39d,2026-03-06T21:46:51Z,bitcoin-up-or-down-march-6-4pm-et,Up,BUY,1,0.84,0.83,0.84,0.01,0.835,0.8333298886,0.5165133772,3132.54,2932.24,92.8571428571,0.0107142857,0.0026226526,375.379464,0.6557734369,2,CROSS,,TRADE,,-0.045,-0.045,-0.075,-0.065,14,,OPEN
0xb35b815734fc9886cfbd8f8561da00fd0692ff525281e2641b34d3ec47183eec,2026-03-06T21:46:51Z,bitcoin-up-or-down-march-6-4pm-et,Up,BUY,18,0.83,0.83,0.84,0.01,0.835,0.8333298886,0.5165133772,3132.54,2932.24,93.1034482759,0.0106896552,0.0025788071,376.379464,0.6562629072,0,PASSIVE,,TRADE,,-0.035,-0.035,-0.065,-0.055,14,,OPEN
0xd3d1c041d312dbb5b3bb97abaf9286dc3ad8c5f001320bb94b24ac8decabb672,2026-03-06T21:46:51Z,ethereum-up-or-down-march-6-4pm-et,Up,BUY,25,0.54,0.53,0.54,0.01,0.535,0.5327746948,0.4550135365,3973.16,4758.8,96.4285714286,0.0103571429,0.0018898224,220.780339,0.4478260346,4,CROSS,,TRADE,,-0.075,-0.045,-0.085,-0.085,90,,OPEN
0x0ab20293cef77756ff2db46a433597905a83fdf7c191efa87092c0c1fd01165f,2026-03-06T21:46:55Z,ethereum-up-or-down-march-6-4pm-et,Up,BUY,1.56,0.54,0.53,0.54,0.01,0.535,0.5327746948,0.4550135365,3973.16,4758.8,96.5517241379,0.0103448276,0.0018569534,245.780339,0.4572016793,4,CROSS,,TRADE,,-0.075,-0.095,-0.085,-0.085,86,,OPEN
0xfe7201749f018bd219d551a009a952ebb482dee588c50cfec8aea54c4ff02bae,2026-03-06T21:46:59Z,ethereum-up-or-down-march-6-4pm-et,Up,BUY,1.54,0.53,0.51,0.52,0.01,0.515,0.5176005277,0.5109337717,4426.02,4236.59,96.6666666667,0.0103333333,0.0018257419,247.340339,0.4577238965,4,CROSS,,TRADE,,-0.035,-0.085,-0.085,0.005,82,,OPEN
0xb382161c80118694acc2685afddb63d2cbe46db13ea2dd604c741db0531a114d,2026-03-06T21:47:05Z,bitcoin-up-or-down-march-6-4pm-et,Up,SELL,18,0.86,0.83,0.84,0.01,0.835,0.8351809277,0.5119391368,3150.54,3003.59,93.3333333333,0.0106666667,0.0025370813,394.379464,0.6641924977,14,PASSIVE,,TRADE,,0.085,0.1,0.085,0.055,,3.96,REDUCE
0x7e57335645f6e9f870933283bb5d28618f4b163afaa8d8f66ff7fad1974802dc,2026-03-06T21:47:11Z,bitcoin-up-or-down-march-6-4pm-et,Up,SELL,42,0.8323809524,0.79,0.8,0.01,0.795,0.7986051239,0.6499083199,4427,2384.73,95,0.011,0.004472136,376.379464,0.6641924977,6,PASSIVE,,TRADE,,0.0773809524,0.0673809524,0.0673809524,0.0273809524,,7.5280006308,REDUCE
0x0e7fcb57ef61c833a3659b3650e81c3ba8d6786f2c780d21a3b347f4f23515d2,2026-03-06T21:47:11Z,bitcoin-up-or-down-march-6-4pm-et,Up,SELL,3,0.86,0.79,0.8,0.01,0.795,0.7986051239,0.6499083199,4427,2384.73,95.2380952381,0.010952381,0.0043643578,334.379464,0.6641924977,0,PASSIVE,,TRADE,,0.105,0.095,0.095,0.055,,0.57,REDUCE
0xe32559b02d0e9358f23c2b6764c8797b0649403f2e06fbed625bc2a4b935bcf6,2026-03-06T21:47:11Z,bitcoin-up-or-down-march-6-4pm-et,Up,SELL,2.07,0.84,0.79,0.8,0.01,0.795,0.7986051239,0.6499083199,4427,2384.73,95.4545454545,0.0109090909,0.0042640143,331.379464,0.6641924977,0,PASSIVE,,TRADE,,0.085,0.075,0.075,0.035,,0.3519,REDUCE
0x37769ded8d60b41e52662915c56106c97df7b56cd46d2a63d791a4fd5714a4c8,2026-03-06T21:47:11Z,bitcoin-up-or-down-march-6-4pm-et,Up,BUY,18,0.77,0.79,0.8,0.01,0.795,0.7984672966,0.6517397721,4411.62,2357.37,95.652173913,0.0108695652,0.0041702883,329.309464,0.6641924977,0,PASSIVE,,TRADE,,-0.015,-0.005,-0.005,0.035,4,,OPEN
0x4bc4fc12f16da4536bee86cfd3cd19cb7b8c29dd1aa136d0d8429d95a5f7813e,2026-03-06T21:47:11Z,bitcoin-up-or-down-march-6-4pm-et,Up,SELL,30,0.84,0.79,0.8,0.01,0.795,0.7984672966,0.6517397721,4411.62,2357.37,95.8333333333,0.0108333333,0.0040824829,347.309464,0.6696761808,0,PASSIVE,,TRADE,,0.085,0.075,0.075,0.035,,5.2406236699,REDUCE
0xa17d65993a901ef5950ca29a60ff0e55259a52fe887a5ba0ca5383906e553cd0,2026-03-06T21:47:15Z,ethereum-up-or-down-march-6-4pm-et,Up,BUY,3.367345,0.5100000148,0.5,0.51,0.01,0.505,0.5044794953,0.5487927274,4921.2,4046.12,95,0.0105,0.002236068,248.880339,0.4581711202,16,CROSS,,TRADE,,-0.0650000148,-0.0550000148,-0.0850000148,0.0449999852,66,,OPEN
0xd6fbf7b1701af5f13f792bd2a59556e8a6287c80db69ccf8fde74b499cc9add2,2026-03-06T21:47:15Z,bitcoin-up-or-down-march-6-4pm-et,Up,SELL,18,0.85,0.79,0.8,0.01,0.795,0.7978642046,0.6517907474,4451.62,2378.21,96,0.0108,0.004,317.309464,0.6696761808,4,PASSIVE,,TRADE,,0.09,0.085,0.075,0.045,,3.2910727,REDUCE
0x1ef9d04a2cbef8028e67d35f1c38df4307f30314d22e7cf3afcf2f8d6b70807d,2026-03-06T21:47:15Z,bitcoin-up-or-down-march-6-4pm-et,Up,SELL,18,0.84,0.79,0.8,0.01,0.795,0.7978642046,0.6517907474,4451.62,2378.21,96.1538461538,0.0107692308,0.0039223227,299.309464,0.6696761808,0,PASSIVE,,TRADE,,0.08,0.075,0.065,0.035,,1.6510727,REDUCE
0x24228aeee1e868234a8328e66eaabf79ac6790f81cb28f01ae18ebc7f2f2d028,2026-03-06T21:47:17Z,bitcoin-up-or-down-march-6-4pm-et,Up,BUY,18,0.83,0.79,0.8,0.01,0.795,0.7978642046,0.6517907474,4451.62,2378.21,96.2962962963,0.0107407407,0.0038490018,281.309464,0.6696761808,2,CROSS,,TRADE,,-0.07,-0.065,-0.055,-0.025,8,,OPEN
0x4f1ec542641b3341eb96ca3a5262543bcb25aa610cdcab8322815f8fd26cb4dd,2026-03-06T21:47:21Z,bitcoin-up-or-down-march-6-4pm-et,Up,BUY,18,0.76,0.79,0.8,0.01,0.795,0.7978642046,0.6517907474,4451.62,2378.21,96.4285714286,0.0107142857,0.0037796447,299.309464,0.6793178029,4,PASSIVE,,TRADE,,0.005,0.015,0.015,0.055,4,,OPEN
0x86b25a4917640df04a801fc8b4888a36375d2f52c32fd9fe2ce0bba7b8475797,2026-03-06T21:47:23Z,ethereum-up-or-down-march-6-4pm-et,Up,BUY,3.018865,0.4700001491,0.47,0.48,0.01,0.475,0.4731097561,0.3714614034,2977.2,5037.63,95.2380952381,0.0104761905,0.0021821789,252.247684,0.4588630028,8,PASSIVE,,TRADE,,-0.0150001491,-0.0450001491,-0.0150001491,0.0949998509,58,,OPEN
0xe05af5a793d7495e0d07518480cb144536d8f02bf370ffa12eac91c9a8d299cb,2026-03-06T21:47:23Z,ethereum-up-or-down-march-6-4pm-et,Up,BUY,21.98,0.47,0.47,0.48,0.01,0.475,0.4731097561,0.3714614034,2977.2,5037.63,95.4545454545,0.0104545455,0.0021320072,255.266549,0.4589947143,0,PASSIVE,,TRADE,,-0.015,-0.045,-0.015,0.095,58,,OPEN
0x5941d446fa5dc76a5793e57ab92c0c92b9c062d692a1750f05dbfec6173eb2f0,2026-03-06T21:47:25Z,bitcoin-up-or-down-march-6-4pm-et,Up,SELL,12.71,0.8,0.77,0.78,0.01,0.775,0.7799368059,0.6834793442,4147.38,1920.66,96.5517241379,0.0106896552,0.0037139068,317.309464,0.6838946584,4,PASSIVE,,TRADE,,0.035,0.025,0.025,-0.005,,0.5084,REDUCE
0x7f34bcf102b26a441879cbc2e16b1d084648023239714cc1da9d7c1944bd8b8a,2026-03-06T21:47:25Z,bitcoin-up-or-down-march-6-4pm-et,Up,SELL,5.29,0.8,0.77,0.78,0.01,0.775,0.7799368059,0.6834793442,4147.38,1920.66,96.6666666667,0.0106666667,0.0036514837,304.599464,0.6838946584,0,PASSIVE,,TRADE,,0.035,0.025,0.025,-0.005,,0.2116,REDUCE
0xb500eb39fa2f8bfbf737ac8c86a641c497933b3445d05ec3d52aad216a778646,2026-03-06T21:47:25Z,ethereum-up-or-down-march-6-4pm-et,Up,BUY,2.037036,0.460000216,0.44,0.45,0.01,0.445,0.4488345063,0.4752150645,3788.98,4184.21,95.652173913,0.0104347826,0.0020851441,277.246549,0.4598672091,2,CROSS,,TRADE,,-0.015000216,-0.035000216,-0.005000216,0.104999784,56,,OPEN
0xc01a13cfce3c60c7945fc10c74170ebd34d96c85c6e10c3f9ff1f53b907e1b56,2026-03-06T21:47:25Z,ethereum-up-or-down-march-6-4pm-et,Up,BUY,1.944443,0.4600001131,0.44,0.45,0.01,0.445,0.4488345063,0.4752150645,3788.98,4184.21,95.8333333333,0.0104166667,0.0020412415,279.283585,0.4598681792,0,CROSS,,TRADE,,-0.0150001131,-0.0350001131,-0.0050001131,0.1049998869,56,,OPEN
0x976d6dd7ebb188f45ba6626ae0e9b6f65a8fa5ba33a28eedbe92c156d958afa2,2026-03-06T21:47:25Z,ethereum-up-or-down-march-6-4pm-et,Up,BUY,3.5,0.46,0.44,0.45,0.01,0.445,0.4488345063,0.4640984129,3783.98,4369.42,96,0.0104,0.002,281.228028,0.4598690914,0,CROSS,,TRADE,,-0.015,-0.035,0.075,0.105,56,,OPEN
0xa0044c2c68c261dcb88ed00b94e58722dd7bb3b44d79640a51e76677f858fc10,2026-03-06T21:47:25Z,ethereum-up-or-down-march-6-4pm-et,Up,BUY,1.85185,0.46,0.44,0.45,0.01,0.445,0.4488345063,0.4640984129,3783.98,4369.42,96.1538461538,0.0103846154,0.0019611614,284.728028,0.4598707006,0,CROSS,,TRADE,,-0.015,-0.035,0.075,0.105,56,,OPEN
0x3a54a606c784c156b723915b21a8368c626174cda587741e307a49ef532ca152,2026-03-06T21:47:27Z,bitcoin-up-or-down-march-6-4pm-et,Up,SELL,4.8,0.79,0.77,0.78,0.01,0.775,0.7763195634,0.6690015868,4131.62,2044.18,96.7741935484,0.0106451613,0.003592106,299.309464,0.6838946584,2,PASSIVE,,TRADE,,0.015,0.015,-0.015,-0.015,,0.144,REDUCE
0x955050efa7f3c3ece820d6a601b7ded9ad5224b067706c34f9db35eff04f1456,2026-03-06T21:47:43Z,bitcoin-up-or-down-march-6-4pm-et,Up,SELL,14.95,0.78,0.77,0.78,0.01,0.775,0.7700221058,0.6388902088,4571.63,2583.95,90,0.0113333333,0.0043417249,294.509464,0.6838946584,16,PASSIVE,,TRADE,,0.005,0.005,-0.025,-0.065,,0.06177528,REDUCE
0xcf644104f1815129d3c7f412b94f234b353a3c936cfd0b4bdcc3b1cbfb298531,2026-03-06T21:47:45Z,bitcoin-up-or-down-march-6-4pm-et,Up,SELL,2,0.78,0.77,0.78,0.01,0.775,0.7700221058,0.6388902088,4571.63,2583.95,90.3225806452,0.0112903226,0.0042754614,279.559464,0.6838946584,2,PASSIVE,,TRADE,,0.005,-0.025,-0.025,-0.055,,0,REDUCE
0x9acf1f9dab75752fef935e666c93b92df3c4a6b96d6e0217b51c69b91d6d0586,2026-03-06T21:48:17Z,bitcoin-up-or-down-march-6-4pm-et,Up,SELL,18,0.78,0.82,0.83,0.01,0.825,0.8273999465,0.6192461648,4719.95,2902.14,90.3225806452,0.0109677419,0.0030053715,277.559464,0.6838946584,32,CROSS,,TRADE,,-0.045,-0.045,-0.055,-0.065,,0,REDUCE
0x45e53b5166ffc6edbd60931788aefd4e326d70a1ea2f464f7c1e321b81a36448,2026-03-06T21:48:17Z,bitcoin-up-or-down-march-6-4pm-et,Up,SELL,11.42,0.81,0.82,0.83,0.01,0.825,0.8273999465,0.6192461648,4719.95,2902.14,90.625,0.0109375,0.0029614458,259.559464,0.6838946584,0,CROSS,,TRADE,,-0.015,-0.015,-0.025,-0.035,,0.41541236,REDUCE
0x86ad40759aad47c1b661c2c9b953481cd838614efbbaa318be325a70578c53ae,2026-03-06T21:48:17Z,bitcoin-up-or-down-march-6-4pm-et,Up,SELL,1.66,0.81,0.82,0.83,0.01,0.825,0.8273999465,0.6192461648,4719.95,2902.14,90.9090909091,0.0109090909,0.002919371,248.139464,0.6838946584,0,CROSS,,TRADE,,-0.015,-0.015,-0.025,-0.035,,0.0664,REDUCE
0xe07a6c1246d08ab36a325685d1271c4a4624fbe0b5ac9b63d8e45dddf3c0f7e1,2026-03-06T21:48:19Z,ethereum-up-or-down-march-6-4pm-et,Down,BUY,2.72,0.46,0.39,0.4,0.01,0.395,0.3930534351,0.4919373079,3566.88,3683.8,100,0.01,0,358.063,0.5585383063,96,CROSS,,TRADE,,-0.065,-0.065,-0.075,-0.055,30,,OPEN
0xc3c0758596f428ce832a649bd208e4bca154d64bf248c6588c80fccae40aca02,2026-03-06T21:48:21Z,ethereum-up-or-down-march-6-4pm-et,Down,BUY,25,0.45,0.39,0.4,0.01,0.395,0.3930534351,0.4919373079,3566.88,3683.8,100,0.01,0,360.783,0.5577954105,2,CROSS,,TRADE,,-0.055,-0.055,-0.065,-0.045,28,,OPEN
0xd3c43dc3381944f8d06681ce9fdac8352814c855c1a5cc731b5e45c78657df9d,2026-03-06T21:48:21Z,ethereum-up-or-down-march-6-4pm-et,Up,SELL,14,0.56,0.6,0.61,0.01,0.605,0.6069465649,0.5080626921,3683.8,3566.88,100,0.01,0,286.579878,0.4598715362,56,CROSS,,TRADE,,-0.045,-0.045,-0.055,-0.035,,4.0038239083,REDUCE
0x708e5b3bf44c5c698969bd6fc8765ea50fb3f103f100620446391ca96f7f0de3,2026-03-06T21:48:21Z,ethereum-up-or-down-march-6-4pm-et,Down,BUY,22.28,0.46,0.39,0.4,0.01,0.395,0.3930534351,0.4919373079,3566.88,3683.8,100,0.01,0,385.783,0.5508099153,0,CROSS,,TRADE,,-0.065,-0.065,-0.075,-0.055,28,,OPEN
0xcb089d74845d8577c167dbc8caf1dbf068ef209e7327fb7596fee169402c597e,2026-03-06T21:48:23Z,ethereum-up-or-down-march-6-4pm-et,Up,SELL,8.92857,0.5599999776,0.6,0.61,0.01,0.605,0.6069465649,0.5080626921,3683.8,3566.88,100,0.01,0,272.579878,0.4598715362,2,CROSS,,TRADE,,-0.0450000224,-0.0450000224,-0.0550000224,-0.0350000224,,0.7142854,REDUCE
0x0268e9d82f628920eebd5902b0d17f3ed4f010f86095898eb37ccf50bab0ad60,2026-03-06T21:48:23Z,ethereum-up-or-down-march-6-4pm-et,Up,SELL,1.92,0.56,0.6,0.61,0.01,0.605,0.6069465649,0.5080626921,3683.8,3566.88,100,0.01,0,263.651308,0.4598715362,0,CROSS,,TRADE,,-0.045,-0.045,-0.055,-0.035,,0.1536,REDUCE
0x155e0f84b97ec4c1756daf1020d6623e7ed4f017cc56cce5886e5f05eb7aa616,2026-03-06T21:48:23Z,ethereum-up-or-down-march-6-4pm-et,Up,SELL,0.15,0.56,0.6,0.61,0.01,0.605,0.6069465649,0.5080626921,3683.8,3566.88,100,0.01,0,261.731308,0.4598715362,0,CROSS,,TRADE,,-0.045,-0.105,-0.055,-0.035,,0.012,REDUCE
0xd8ff189d20ba25735a18773017e39d7580b0db8423f380e71084139e3f9717d0,2026-03-06T21:48:25Z,ethereum-up-or-down-march-6-4pm-et,Down,BUY,25,0.43,0.39,0.4,0.01,0.395,0.3930534351,0.4931954633,3584.88,3683.8,100,0.01,0,408.063,0.5458517473,4,CROSS,,TRADE,,-0.035,-0.095,-0.045,-0.025,24,,OPEN
0x9f0ed86a5957a82ac82fb8106d89da42813948fe3df4a5b89487381d03bdacbc,2026-03-06T21:48:29Z,bitcoin-up-or-down-march-6-4pm-et,Up,BUY,18,0.79,0.83,0.84,0.01,0.835,0.8378423071,0.6060364959,4105.57,2668.89,87.5,0.01125,0.0033783196,246.479464,0.6838946584,12,PASSIVE,,TRADE,,0.045,0.045,0.055,0.105,4,,OPEN
0x6d158296ee3cc7593e66285567be1f36353e86d58e532c4af5ce728b9d362e6f,2026-03-06T21:48:31Z,solana-up-or-down-march-6-4pm-et,Down,BUY,16,0.95,0.95,0.97,0.02,0.96,0.9656786524,0.6648353669,1988.25,1002.34,100,0.0152631579,0.0051298918,127.198521,0.6985005231,124,PASSIVE,,TRADE,,0.015,0.015,0.01,0.01,96,,OPEN
0xb252f75aefa202742af98287078ae49532322a01916e5cb034c1d078249868f9,2026-03-06T21:48:33Z,bitcoin-up-or-down-march-6-4pm-et,Up,SELL,11.641974,0.8099999193,0.83,0.84,0.01,0.835,0.8383475395,0.6127322211,4268.55,2697.87,88,0.0112,0.0033166248,264.479464,0.6911159984,4,CROSS,,TRADE,,-0.0250000807,-0.0250000807,-0.0300000807,-0.0850000807,,0.6206706205,REDUCE
0x280d19f8b8d81abb8ccab5aa423f620d4baf40d116eb7be2de061ba4d957d5b7,2026-03-06T21:48:35Z,bitcoin-up-or-down-march-6-4pm-et,Up,SELL,3.17,0.83,0.83,0.84,0.01,0.835,0.8383475395,0.6127322211,4268.55,2697.87,88.4615384615,0.0111538462,0.0032581259,252.83749,0.6911159984,2,CROSS,,TRADE,,-0.005,-0.005,-0.005,-0.065,,0.3804,REDUCE
0x1d38dc2007a35ccb5b4e476a2501150bdd05300b98505a2a1a25e1acdd44dfd2,2026-03-06T21:48:39Z,bitcoin-up-or-down-march-6-4pm-et,Up,SELL,4.819276,0.8299999834,0.83,0.84,0.01,0.835,0.8384409751,0.6102354358,4286.55,2737.87,88.8888888889,0.0111111111,0.0032025631,249.66749,0.6911159984,4,CROSS,,TRADE,,-0.0050000166,-0.0050000166,-0.0050000166,-0.0650000166,,0.57831304,REDUCE
0x1084b94f08678c8de0961f1ba9ed52cab6793b2d1c2720e178b150ab7620759b,2026-03-06T21:48:41Z,bitcoin-up-or-down-march-6-4pm-et,Up,SELL,18,0.84,0.83,0.84,0.01,0.835,0.8384409751,0.6102354358,4286.55,2737.87,89.2857142857,0.0110714286,0.0031497039,244.848214,0.6911159984,2,PASSIVE,,TRADE,,0.005,0.005,0.005,-0.055,,2.44572486,REDUCE
0xd7c0ade4555a6c753402f5a84e6458284aa5d20c384fbcdb1b0cf6082d5b5d60,2026-03-06T21:48:49Z,bitcoin-up-or-down-march-6-4pm-et,Up,SELL,1.24,0.85,0.85,0.86,0.01,0.855,0.8501561524,0.4434036228,3698.74,4642.96,96.2962962963,0.0103703704,0.0019245009,226.848214,0.6911159984,8,CROSS,,TRADE,,-0.005,-0.005,0.01,-0.045,,0.186,REDUCE
0xb1bfe0e1c85a5e56c0af980cd692f5ffe84beb23c0aa0683273baffbbb3a21b4,2026-03-06T21:48:49Z,ethereum-up-or-down-march-6-4pm-et,Down,SELL,35,0.39,0.41,0.42,0.01,0.415,0.4108445946,0.5402551316,4902.14,4171.61,100,0.01,0,433.063,0.5391638204,24,CROSS,,TRADE,,-0.025,-0.025,-0.015,0.035,,-11.98116475,REDUCE
0xca2e883cf6a19d9fe9d2e3a00e4803cab0f2040c4fcf194be16e11eaf9b0682e,2026-03-06T21:48:49Z,bitcoin-up-or-down-march-6-4pm-et,Up,SELL,4.988234,0.8499998196,0.85,0.86,0.01,0.855,0.8502094592,0.4559732626,3747.74,4471.47,96.4285714286,0.0103571429,0.0018898224,225.608214,0.6911159984,0,CROSS,,TRADE,,-0.0050001804,0.0099998196,0.0099998196,-0.0450001804,,0.7482342001,REDUCE
0x4e9a93499b71761ab8c8eb5fa73076734d7d49b144655753ee63039a301aba89,2026-03-06T21:48:49Z,ethereum-up-or-down-march-6-4pm-et,Down,SELL,25,0.39,0.41,0.42,0.01,0.415,0.4108305648,0.5414712148,4893.14,4143.61,100,0.01,0,398.063,0.5391638204,0,CROSS,,TRADE,,-0.025,-0.025,-0.015,0.035,,-10.75,REDUCE
0xe40dca2b3045c0ee31f9eb400a862a6b79f7d8507c820a60a9508d07baa7761e,2026-03-06T21:48:49Z,bitcoin-up-or-down-march-6-4pm-et,Up,SELL,7.06,0.85,0.85,0.86,0.01,0.855,0.8502706946,0.4559732626,3747.74,4471.47,96.5517241379,0.0103448276,0.0018569534,220.61998,0.6911159984,0,CROSS,,TRADE,,-0.005,0.01,0.01,-0.055,,0.8831777289,REDUCE
0xfb185bca52460418da66f72596939541a76619052ac9d7e1802115c5204fcee9,2026-03-06T21:48:49Z,ethereum-up-or-down-march-6-4pm-et,Up,BUY,7.46,0.6,0.58,0.59,0.01,0.585,0.588285848,0.4637656598,4241.61,4904.41,100,0.01,0,261.581308,0.4598715362,26,CROSS,,TRADE,,-0.015,-0.015,-0.005,0.045,8,,OPEN
0xb54fee153779f645a685ee82a1333cb4375c9e6905a516a8aa60fdcb123aa40c,2026-03-06T21:48:49Z,bitcoin-up-or-down-march-6-4pm-et,Up,SELL,4.705881,0.8499998194,0.85,0.86,0.01,0.855,0.8502777006,0.4612858558,3747.74,4376.81,96.6666666667,0.0103333333,0.0018257419,213.55998,0.6911159984,0,CROSS,,TRADE,,-0.0050001806,0.0099998194,0.0099998194,-0.0550001806,,0.3864852014,REDUCE
0xc4e115287765a55dab654057c3de0df7056c22edb9dce46ed3cc2722dc9fcba2,2026-03-06T21:48:49Z,ethereum-up-or-down-march-6-4pm-et,Up,BUY,7.46,0.6,0.58,0.59,0.01,0.585,0.588285848,0.4637656598,4241.61,4904.41,100,0.01,0,269.041308,0.46375703,0,CROSS,,TRADE,,-0.015,-0.015,-0.005,0.045,8,,OPEN
0xc4424408b6f184ac614b27bbd19ffcb9fbc3fd375edf283a949abb35f6d414b5,2026-03-06T21:48:57Z,ethereum-up-or-down-march-6-4pm-et,Up,SELL,5.05,0.62,0.58,0.59,0.01,0.585,0.588285848,0.4637656598,4241.61,4904.41,100,0.01,0,276.501308,0.4674328627,8,PASSIVE,,TRADE,,0.035,0.035,-0.025,0.005,,0.707,REDUCE
0x56e5221034968ff605a20071a3680596fef04e0d3cfa7de89b10bad2c9244ca1,2026-03-06T21:48:57Z,bitcoin-up-or-down-march-6-4pm-et,Up,SELL,15,0.86,0.85,0.86,0.01,0.855,0.8503282132,0.4612869914,3747.74,4376.79,96.7741935484,0.0103225806,0.001796053,208.854099,0.6911159984,8,PASSIVE,,TRADE,,0.02,0.025,-0.035,-0.035,,1.35,REDUCE
0x2656950312e400128e59950db789bba71f2b1babadb7e8a484d899eba98b110f,2026-03-06T21:49:01Z,ethereum-up-or-down-march-6-4pm-et,Up,SELL,2.62,0.62,0.59,0.6,0.01,0.595,0.5956298689,0.5223276975,4712.78,4309.87,100,0.01,0,271.451308,0.4674328627,4,PASSIVE,,TRADE,,0.025,0.025,-0.025,-0.005,,0.3668,REDUCE
0x9fbec5670e351ec22ff8871cbad51ad3faa922390b8a1f462972d4b326459176,2026-03-06T21:49:01Z,ethereum-up-or-down-march-6-4pm-et,Up,SELL,7.903224,0.6199998887,0.59,0.6,0.01,0.595,0.5956298689,0.5223276975,4712.78,4309.87,100,0.01,0,268.831308,0.4674328627,0,PASSIVE,,TRADE,,0.0249998887,0.0249998887,-0.0250001113,-0.0050001113,,1.2983735004,REDUCE
0x045fbfde6932136e601cbdc0e58ffdc76277318a715c37705eb6147bb8970c3c,2026-03-06T21:49:01Z,ethereum-up-or-down-march-6-4pm-et,Up,SELL,7.790321,0.6199999974,0.59,0.6,0.01,0.595,0.5956298689,0.5223276975,4712.78,4309.87,100,0.01,0,260.928084,0.4674328627,0,PASSIVE,,TRADE,,0.0249999974,0.0249999974,-0.0250000026,-0.0050000026,,1.6978449397,REDUCE
0xe28f9d472efcfb6c281f8b66e7f149f8f04b24f15ac9669d4a76e8d89bf532da,2026-03-06T21:49:11Z,bitcoin-up-or-down-march-6-4pm-et,Up,BUY,18,0.84,0.84,0.85,0.01,0.845,0.84232661,0.5053593711,4325.29,4233.55,93.5483870968,0.0106451613,0.0024973104,193.854099,0.6911159984,14,PASSIVE,,TRADE,,0.005,0,0.055,0.075,22,,OPEN
0x8050443592ddd52fb56f96cd3b16b0b6f3e708a6c88d878ed4a0ed5a4b97b867,2026-03-06T21:49:29Z,bitcoin-up-or-down-march-6-4pm-et,Up,BUY,8,0.84,0.88,0.9,0.02,0.89,0.8942883279,0.4004578155,4287.85,6419.52,100,0.0117647059,0.0039295262,211.854099,0.7037657987,18,PASSIVE,,TRADE,,0.055,0.055,0.055,0.1,4,,OPEN
0x820d68b781adc21959fedde1c82bc87bb11f2ebcb9c96888b45f5f712a970ad4,2026-03-06T21:49:33Z,bitcoin-up-or-down-march-6-4pm-et,Up,SELL,13.35,0.86,0.88,0.9,0.02,0.89,0.8942883279,0.4004578155,4287.85,6419.52,100,0.0122222222,0.0042779263,219.854099,0.7087230572,4,CROSS,,TRADE,,-0.035,-0.035,-0.045,-0.085,,1.2015,REDUCE
0x3faa0a5a3c72119dbc6080bbdce664f17bdce8fe2a9c7a00a6a595991eac1049,2026-03-06T21:49:39Z,bitcoin-up-or-down-march-6-4pm-et,Up,SELL,4.5977,0.87,0.88,0.9,0.02,0.89,0.8942883279,0.4004578155,4287.85,6419.52,100,0.0126315789,0.0045241393,206.504099,0.7087230572,6,CROSS,,TRADE,,-0.025,-0.035,-0.045,-0.075,,0.48783382,REDUCE
0x0f7ca2db33454beb1a1521731a7b64e766236740e0ca6d134278f8977cc132f6,2026-03-06T21:49:45Z,bitcoin-up-or-down-march-6-4pm-et,Down,BUY,18,0.12,0.11,0.12,0.01,0.115,0.1163213531,0.461937936,3745.73,4363,83.3333333333,0.0116666667,0.0038924947,135.127839,0.4341832908,180,CROSS,,TRADE,,-0.005,-0.01,-0.035,-0.065,28,,OPEN
0x7689314b78fc0375ca422285e288a02bc90d3fb36501386376325af4eec1ef41,2026-03-06T21:49:47Z,bitcoin-up-or-down-march-6-4pm-et,Down,BUY,13.84269,0.1100000072,0.11,0.12,0.01,0.115,0.1163213531,0.461937936,3745.73,4363,84.6153846154,0.0115384615,0.0037553381,153.127839,0.3972514091,2,PASSIVE,,TRADE,,0.0049999928,-0.0000000072,-0.0350000072,-0.0550000072,26,,OPEN
0x1e7eed49430bb176f367b4e96b0e63b3f0ab46f618c21f2c516d7299531a108d,2026-03-06T21:49:47Z,bitcoin-up-or-down-march-6-4pm-et,Down,BUY,1.921345,0.110000026,0.11,0.12,0.01,0.115,0.1163213531,0.461937936,3745.73,4363,85.7142857143,0.0114285714,0.0036313652,166.970529,0.3734368345,0,PASSIVE,,TRADE,,0.004999974,-0.015000026,-0.035000026,-0.055000026,26,,OPEN
0xaef48b04c0ab5e2f2388cf850f6e69606b17aad5ec654e3e19158a8aee979165,2026-03-06T21:49:47Z,bitcoin-up-or-down-march-6-4pm-et,Down,BUY,2.22,0.11,0.11,0.12,0.01,0.115,0.1165524194,0.4624135381,3745.73,4354.66,86.6666666667,0.0113333333,0.0035186578,168.891874,0.370439929,0,PASSIVE,,TRADE,,0.005,-0.015,-0.035,-0.055,26,,OPEN
0xbdeabf1022d07e0f591e434de9b83bdaad260a538c2d4b645dc247da1e60acb9,2026-03-06T21:49:51Z,bitcoin-up-or-down-march-6-4pm-et,Down,BUY,7,0.1,0.11,0.12,0.01,0.115,0.1165524194,0.4624135381,3745.73,4354.66,87.5,0.01125,0.0034156503,171.111874,0.3670609896,4,PASSIVE,,TRADE,,0.01,-0.005,-0.04,-0.055,22,,OPEN
0x9a2d45abd851dcb877243886671f57f481c38ad446b4341c6d392524f8ba0582,2026-03-06T21:49:51Z,bitcoin-up-or-down-march-6-4pm-et,Down,BUY,2.22222,0.1,0.11,0.12,0.01,0.115,0.1165524194,0.4624135381,3745.73,4354.66,88.2352941176,0.0111764706,0.0033210558,178.111874,0.3565651878,0,PASSIVE,,TRADE,,0.01,-0.005,-0.04,-0.055,22,,OPEN
0x41b6a4b9ca533fb67c2cd2953d5a65b7a7564526dfa2a24a4850e67c209d2b41,2026-03-06T21:49:53Z,bitcoin-up-or-down-march-6-4pm-et,Down,BUY,8.77,0.1,0.11,0.12,0.01,0.115,0.1153361793,0.4778843404,3559.23,3888.66,88.8888888889,0.0111111111,0.0032338083,180.334094,0.3534035877,2,PASSIVE,,TRADE,,0.01,-0.005,-0.04,-0.055,20,,OPEN
0xeb3fffb841f467f31c6981996b6e7c78f38d5c4ca0eed869cd83bf5befd849ea,2026-03-06T21:49:53Z,bitcoin-up-or-down-march-6-4pm-et,Down,BUY,18,0.09,0.11,0.12,0.01,0.115,0.1153361793,0.4778843404,3559.23,3888.66,89.4736842105,0.0110526316,0.0031530177,189.104094,0.3416515975,0,PASSIVE,,TRADE,,0.02,0,-0.03,-0.045,20,,OPEN
0x6b02557c35e7230ddf3a14af17b33268852feac4586c514f6a4222bfba72abf5,2026-03-06T21:49:55Z,bitcoin-up-or-down-march-6-4pm-et,Up,SELL,18,0.91,0.88,0.9,0.02,0.89,0.8864865695,0.4654138792,4072.66,4677.96,100,0.01375,0.005,201.906399,0.7087230572,16,PASSIVE,,TRADE,,0.005,-0.005,-0.03,-0.045,,2.87668211,REDUCE
0xab676c2d2cb876ec57029529b6455f46ba11a3ceb38473dbe177845ca41dc0dc,2026-03-06T21:49:57Z,bitcoin-up-or-down-march-6-4pm-et,Up,BUY,18,0.89,0.88,0.9,0.02,0.89,0.8864865695,0.4654138792,4072.66,4677.96,100,0.0141176471,0.0050729966,183.906399,0.7087230572,2,PASSIVE,,TRADE,,0.015,0.025,0.05,0.065,14,,OPEN
0x485af9de00840b3ec12daf517d1d2f895d1b4177e1c7c73a2af1cf9dbe41c10b,2026-03-06T21:49:57Z,bitcoin-up-or-down-march-6-4pm-et,Down,BUY,18,0.08,0.11,0.12,0.01,0.115,0.1117955694,0.4531933062,3375.42,4072.66,90,0.011,0.0030779351,207.104094,0.3197798485,4,PASSIVE,,TRADE,,0.015,0.005,-0.02,-0.03,16,,OPEN
0xb9f85cd559d24590684f1ae66abb67256be8240fe0dd1e9de916a69df4cc0816,2026-03-06T21:50:03Z,bitcoin-up-or-down-march-6-4pm-et,Up,BUY,18,0.88,0.92,0.94,0.02,0.93,0.9334011499,0.4466506142,3663.54,4538.71,100,0.0133333333,0.0048507125,201.906399,0.7248839366,6,PASSIVE,,TRADE,,0.05,0.055,0.065,0.07,8,,OPEN
0x7fb23e31dcf65d9692471679ff7808562e6eef7676f4ec4af1a1d7eb4f6dba2d,2026-03-06T21:50:07Z,solana-up-or-down-march-6-4pm-et,Down,SELL,10,0.98,0.95,0.98,0.03,0.965,0.9573379031,0.6757805924,2007.19,962.99,100,0.0192307692,0.0075955453,143.198521,0.7266013135,96,PASSIVE,,TRADE,,0.02,0.02,0.025,0.025,,2.8,REDUCE
0xf64ca24453db52dd1339e807cf1d854814a86c007faf08f0671e91c991f97a27,2026-03-06T21:50:07Z,solana-up-or-down-march-6-4pm-et,Down,BUY,0.06,0.95,0.95,0.98,0.03,0.965,0.9573379031,0.6757805924,2007.19,962.99,100,0.02,0.0078446454,133.198521,0.7266013135,0,PASSIVE,,TRADE,,0.01,0.01,0.005,0.005,92,,OPEN
0x5981d328af6d0bfbde6984866630847f00f173e8e6a7f879ec6c91bacee98059,2026-03-06T21:50:09Z,solana-up-or-down-march-6-4pm-et,Down,BUY,0.06,0.95,0.95,0.98,0.03,0.965,0.9573379031,0.6757805924,2007.19,962.99,100,0.0206666667,0.0079880864,133.258521,0.7267018994,2,PASSIVE,,TRADE,,0.01,0.01,0.005,0.005,90,,OPEN
0x88a0e991bc022079f3522cd9591a487d8cd4b7af0488fb84ac22d11f69f56d4b,2026-03-06T21:50:11Z,bitcoin-up-or-down-march-6-4pm-et,Up,SELL,18,0.9,0.92,0.94,0.02,0.93,0.9347656726,0.4217883808,3668.07,5028.4,100,0.0136842105,0.0049559463,219.906399,0.7375806528,8,CROSS,,TRADE,,-0.035,-0.04,-0.04,-0.055,,2.657438424,REDUCE
0xaaa49535957403e39a366906c8c344f8696e91129c2f4818dd93797401404957,2026-03-06T21:50:13Z,bitcoin-up-or-down-march-6-4pm-et,Down,SELL,0.03,0.1,0.06,0.08,0.02,0.07,0.0675837071,0.5799528994,5058.21,3663.55,100,0.0104545455,0.0021320072,225.104094,0.3006063311,16,PASSIVE,,TRADE,,0.035,0.04,0.045,0.055,,-0.0156270757,REDUCE
0xf0d95e2e5d111d4e3f48e910a6b810b2789fb1ac865109ff98d56a5bdd93482e,2026-03-06T21:50:13Z,bitcoin-up-or-down-march-6-4pm-et,Up,BUY,29.93925,0.9,0.92,0.94,0.02,0.93,0.9324162929,0.4232871496,3712.55,5058.21,100,0.014,0.0050262469,201.906399,0.7375806528,2,PASSIVE,,TRADE,,0.035,0.04,0.04,0.055,4,,OPEN
0x472741fe633af34e1bab8ce5ce6026134f7bc67fa7ba7bb8b128544ae53c7b40,2026-03-06T21:50:13Z,bitcoin-up-or-down-march-6-4pm-et,Down,BUY,18,0.07,0.06,0.08,0.02,0.07,0.0675837071,0.5799528994,5058.21,3663.55,100,0.0108695652,0.0028810407,225.074094,0.3006063311,0,PASSIVE,,TRADE,,-0.005,-0.01,-0.015,-0.025,2,,OPEN
0x257bf050b85c34e511daa343632d842d562dbf59f5ef57c2d97ebd8b4137f320,2026-03-06T21:50:15Z,bitcoin-up-or-down-march-6-4pm-et,Down,SELL,17.95,0.1,0.06,0.08,0.02,0.07,0.0672284359,0.5751390601,5058.21,3736.55,100,0.01125,0.0033783196,243.074094,0.2835295876,2,PASSIVE,,TRADE,,0.04,0.04,0.045,0.075,,-9.3502002968,REDUCE
0xf3b670bab864ef2af0e00a5a64403ba8c77df1a69c6ce2c2e987dd20daaa7c3e,2026-03-06T21:50:15Z,bitcoin-up-or-down-march-6-4pm-et,Down,SELL,0.02,0.1,0.06,0.08,0.02,0.07,0.0672284359,0.5751390601,5058.21,3736.55,100,0.0116,0.0037416574,225.124094,0.2835295876,0,PASSIVE,,TRADE,,0.04,0.04,0.045,0.075,,-0.0104180505,REDUCE
0x37d3653b34a21a8c5b105567e524b8ade630e355ae1dad0ff34ca494702072be,2026-03-06T21:50:17Z,bitcoin-up-or-down-march-6-4pm-et,Up,SELL,18,0.91,0.92,0.94,0.02,0.93,0.9331567835,0.4255868042,3736.55,5043.21,100,0.0142857143,0.0050709255,231.845649,0.7585545786,4,CROSS,,TRADE,,-0.03,-0.03,-0.035,-0.065,,2.837438424,REDUCE
0xdad38c503b7cb65492dfa9fd31d656dd546bb68065dbbcead6bbbfbba61f82ed,2026-03-06T21:50:23Z,bitcoin-up-or-down-march-6-4pm-et,Up,BUY,29.96822,0.93,0.94,0.95,0.01,0.945,0.9442645372,0.4774576183,4849.58,5307.51,56,0.0144,0.0050662281,213.845649,0.7585545786,6,PASSIVE,,TRADE,,0.015,0.015,0.025,0.045,10,,OPEN
0xf2df01381e2acee75f21a1f190e386a7647c9e208f7c2f907fa9617d5f68dd57,2026-03-06T21:50:23Z,bitcoin-up-or-down-march-6-4pm-et,Down,BUY,18,0.05,0.05,0.06,0.01,0.055,0.0557354628,0.5225423817,5307.51,4849.58,79.3103448276,0.0120689655,0.0041225082,225.104094,0.2835295876,8,PASSIVE,,TRADE,,0.005,0.005,-0.005,-0.025,16,,OPEN
0xe9ab03b64092e11d50934d383633c02a85283ecf745495c2bb9e6398c7b56fa2,2026-03-06T21:50:29Z,solana-up-or-down-march-6-4pm-et,Down,BUY,10.46,0.95,0.95,0.96,0.01,0.955,0.9576715306,0.6282496977,1745.73,1032.99,42.1052631579,0.0189473684,0.0087526103,133.318521,0.7268023947,20,PASSIVE,,TRADE,,0.005,0.005,0,0.025,70,,OPEN
0xd03a29874e065dfaeb7ae85f0afc647b3a464790f11d8d646449d7e32923bcba,2026-03-06T21:50:33Z,solana-up-or-down-march-6-4pm-et,Down,BUY,14.42,0.95,0.95,0.96,0.01,0.955,0.9576715306,0.6282496977,1745.73,1032.99,45,0.0185,0.0087509398,143.778521,0.7430401953,4,PASSIVE,,TRADE,,0.005,0.005,0,0.025,66,,OPEN
0x69a3f8f7db7852a580ebc180e65b4bb89e7a0ff05fe39f97fd11cc4d054f653d,2026-03-06T21:50:33Z,bitcoin-up-or-down-march-6-4pm-et,Up,SELL,18,0.95,0.94,0.95,0.01,0.945,0.9467123644,0.4856661385,4830.28,5115.4,57.6923076923,0.0142307692,0.0050383147,243.813869,0.7796276789,10,PASSIVE,,TRADE,,0.005,0.01,0,0.005,,3.2129303366,REDUCE
0xc0d26c3da18dbe72ce632f0069aea014e2d55257590334c26664ea7935f85da0,2026-03-06T21:50:39Z,bitcoin-up-or-down-march-6-4pm-et,Down,BUY,18,0.04,0.04,0.05,0.01,0.045,0.0452527909,0.4911417101,4788.17,4960.89,81.25,0.011875,0.0039655777,243.104094,0.2662385066,16,PASSIVE,,TRADE,,0.005,0.005,0.005,0.025,52,,OPEN
0xf0c371e5001e953e4ea470f3dfdc2264ab61988dd4952e80976ed91b08df43ef,2026-03-06T21:50:39Z,bitcoin-up-or-down-march-6-4pm-et,Up,SELL,2.105262,0.9499995725,0.95,0.96,0.01,0.955,0.9549672254,0.5329819089,5460.89,4785.03,69.2307692308,0.0130769231,0.0047067872,225.813869,0.7796276789,6,CROSS,,TRADE,,-0.0050004275,-0.0050004275,-0.0050004275,0.0149995725,,0.27368316,REDUCE
0xcd992dc86d835ab1642f025f21dbb935f93380c37945ecd6004a70ef65abeaa4,2026-03-06T21:50:39Z,bitcoin-up-or-down-march-6-4pm-et,Down,SELL,13.482856,0.0699999318,0.04,0.05,0.01,0.045,0.0450327746,0.4670180911,4785.03,5460.89,81.8181818182,0.0118181818,0.0039167473,261.104094,0.2506420712,0,PASSIVE,,TRADE,,0.0249999318,0.0249999318,0.0249999318,0.0049999318,,-7.4277403139,REDUCE
0xf2457a8801ae9c5cae8705fc2dcb7be2b888556c8f38eda766d76a54657ad674,2026-03-06T21:50:47Z,bitcoin-up-or-down-march-6-4pm-et,Up,BUY,18,0.92,0.95,0.96,0.01,0.955,0.9549672254,0.5329819089,5460.89,4785.03,70.3703703704,0.012962963,0.0046532163,223.708607,0.7796276789,8,PASSIVE,,TRADE,,0.035,0.03,0.055,0.025,4,,OPEN
0x190391d77064298add456f68e22a480d7a3be2bf6beae66c99927f413dcebf2f,2026-03-06T21:50:51Z,bitcoin-up-or-down-march-6-4pm-et,Up,SELL,18,0.95,0.95,0.96,0.01,0.955,0.9549672254,0.5329819089,5460.89,4785.03,71.4285714286,0.0128571429,0.0046004371,241.708607,0.7900811824,4,CROSS,,TRADE,,-0.005,0,-0.025,0.005,,2.25801137,REDUCE
0xba395aec6d0dc80fa49c08d0ae51e96e742becada21d6b53b25e34d8fa80dfcc,2026-03-06T21:50:59Z,ethereum-up-or-down-march-6-4pm-et,Up,BUY,39.52651,0.68,0.67,0.68,0.01,0.675,0.6786040997,0.5998155756,4728.94,3155.05,94.7368421053,0.0105263158,0.0022941573,253.137763,0.4674328627,118,CROSS,,TRADE,,0,0,0.035,0.025,18,,OPEN
0xce089cabf516bc1b75d235233d03d5f2ee56bd3079c32b61a13fbe647e172097,2026-03-06T21:51:03Z,bitcoin-up-or-down-march-6-4pm-et,Up,SELL,18,0.96,0.95,0.97,0.02,0.96,0.9645649429,0.5604507193,5436.4,4263.65,100,0.0132142857,0.0047559487,223.708607,0.7900811824,12,PASSIVE,,TRADE,,-0.015,-0.015,0.015,0.01,,2.71193178,REDUCE
0x1ad8b3f4651447d21817d71555e4b89c6d7c2153da3674945afa3db042b6d517,2026-03-06T21:51:17Z,ethereum-up-or-down-march-6-4pm-et,Up,SELL,25,0.68,0.71,0.72,0.01,0.715,0.7105225682,0.556580773,3899.16,3106.4,94.4444444444,0.0105555556,0.0023570226,292.664273,0.4961416524,18,CROSS,,TRADE,,-0.035,-0.035,-0.045,-0.11,,7.41154525,REDUCE
0xd35f39d3922eb3af8e51b1033cfa2c5fda2c6b10c1038dab06a72b2e082c04ac,2026-03-06T21:51:19Z,bitcoin-up-or-down-march-6-4pm-et,Down,BUY,18,0.03,0.05,0.06,0.01,0.055,0.0585206371,0.5649762087,5041.52,3881.9,90,0.011,0.0030779351,247.621238,0.2506420712,40,PASSIVE,,TRADE,,0.025,0.025,0.025,0.025,12,,OPEN
0x947645e7476ca4bbaf202cb2f4c85d1d40b39c6b4a05dffcfa896ebb4a110814,2026-03-06T21:51:31Z,bitcoin-up-or-down-march-6-4pm-et,Down,SELL,18,0.07,0.05,0.06,0.01,0.055,0.0585206371,0.5649762087,5041.52,3881.9,90.4761904762,0.010952381,0.003007926,265.621238,0.2356901144,12,PASSIVE,,TRADE,,0.01,0.005,0.02,0.02,,-10.0548905555,REDUCE
0x42e0bf01712bded4e2c62db1260470ce3e0c37ef8f7ba372b94cf593f734b884,2026-03-06T21:51:35Z,bitcoin-up-or-down-march-6-4pm-et,Up,SELL,2.105262,0.9499995725,0.94,0.95,0.01,0.945,0.9422512665,0.3648860187,4254.02,7404.47,80.9523809524,0.0119047619,0.0040237391,205.708607,0.7900811824,32,PASSIVE,,TRADE,,0.0049995725,0.0049995725,-0.0000004275,-0.0000004275,,0.37894626,REDUCE
0x53893cf1bc6d3f60663538422781d874452b570ad975c73a6f50cbe01ecfd242,2026-03-06T21:51:35Z,bitcoin-up-or-down-march-6-4pm-et,Up,SELL,7.96,0.95,0.94,0.95,0.01,0.945,0.9422512665,0.3648860187,4254.02,7404.47,81.8181818182,0.0118181818,0.0039477102,203.603345,0.7900811824,0,PASSIVE,,TRADE,,0.005,0.005,0,0,,1.4328,REDUCE
0x571aa0235fa88e1e15ccf2c9fd21e7ae223472561dd23c44fe5d259195999cb2,2026-03-06T21:51:35Z,bitcoin-up-or-down-march-6-4pm-et,Up,SELL,1.6,0.95,0.94,0.95,0.01,0.945,0.9422838153,0.3649520692,4254.02,7402.36,82.6086956522,0.0117391304,0.0038755339,195.643345,0.7900811824,0,PASSIVE,,TRADE,,0.005,0.005,0,0,,0.288,REDUCE
0x2e6493985d59500dc31102a1f054bc594724f9fb2e571707efe10a3c29f54084,2026-03-06T21:51:35Z,bitcoin-up-or-down-march-6-4pm-et,Up,SELL,5.263156,0.949999962,0.94,0.95,0.01,0.945,0.9422838153,0.3649520692,4254.02,7402.36,83.3333333333,0.0116666667,0.0038069349,194.043345,0.7900811824,0,PASSIVE,,TRADE,,0.004999962,0.004999962,-0.000000038,-0.000000038,,0.63973102,REDUCE
0x9a3ea13395e0cca729ecc581501724e8c596f354f92cb03e3eb6743a1e10066e,2026-03-06T21:51:35Z,bitcoin-up-or-down-march-6-4pm-et,Up,SELL,1.05263,0.949999525,0.94,0.95,0.01,0.945,0.9422838153,0.3649520692,4254.02,7402.36,84,0.0116,0.0037416574,188.780189,0.7900811824,0,PASSIVE,,TRADE,,0.004999525,0.004999525,-0.000000475,-0.000000475,,0.1263151,REDUCE
0xe581788109c5c35af792972528c9f50896d1b5c7243fd9446f3fa3b0f31a2280,2026-03-06T21:51:35Z,bitcoin-up-or-down-march-6-4pm-et,Up,BUY,18,0.93,0.94,0.95,0.01,0.945,0.9422838153,0.3649520692,4254.02,7402.36,84.6153846154,0.0115384615,0.0036794648,187.727559,0.7900811824,0,PASSIVE,,TRADE,,0.015,0.015,0.02,0.02,2,,OPEN
0xcddb1ddce6595e1d46de54a0199f09a11a8a93a4bd240e212824ca6d1eb45bb2,2026-03-06T21:51:37Z,bitcoin-up-or-down-march-6-4pm-et,Down,SELL,18,0.08,0.05,0.06,0.01,0.055,0.0577161847,0.6350479308,7402.36,4254.02,85.7142857143,0.0114285714,0.0035856858,247.621238,0.2356901144,6,PASSIVE,,TRADE,,0.025,0.025,0.025,0.03,,-8.83320315,REDUCE
0x78c7c3a6aa68172dce3fb021b6e95495c9c4d986fe48d56890b380c3aa3f69d0,2026-03-06T21:51:37Z,bitcoin-up-or-down-march-6-4pm-et,Up,SELL,30,0.94,0.94,0.95,0.01,0.945,0.9422838153,0.3649520692,4254.02,7402.36,85.1851851852,0.0114814815,0.0036201399,205.727559,0.8023232891,2,CROSS,,TRADE,,-0.005,-0.005,-0.005,-0.01,,4.56719644,REDUCE
0x0f360c7297fd621f52ed8ad771708967bad740c2bb1d883160e62b226ab68512,2026-03-06T21:51:39Z,solana-up-or-down-march-6-4pm-et,Down,SELL,25,0.98,0.96,0.97,0.01,0.965,0.9652649524,0.6503770008,1797.59,966.33,47.0588235294,0.0152941176,0.0051449576,158.198521,0.7619048494,66,PASSIVE,,TRADE,,0.015,0.005,0.005,-0.005,,6.9787489994,REDUCE
0xc79d547465fcf64a9c2ae04c14ccc65687856bd25e036ec8bf9e06b206607bda,2026-03-06T21:51:43Z,bitcoin-up-or-down-march-6-4pm-et,Down,SELL,18,0.08,0.05,0.06,0.01,0.055,0.0577161847,0.6350479308,7402.36,4254.02,86.3636363636,0.0113636364,0.0035125009,229.621238,0.2356901144,6,PASSIVE,,TRADE,,0.025,0.025,0.025,0.035,,-8.3352009,REDUCE
0x5b5dea38013e0a408479a798f474c90ac561ede0cc21ce8a035d296edcc9e063,2026-03-06T21:51:43Z,bitcoin-up-or-down-march-6-4pm-et,Up,SELL,2.127658,0.9399997556,0.94,0.95,0.01,0.945,0.9422838153,0.3649520692,4254.02,7402.36,85.7142857143,0.0114285714,0.0035634832,175.727559,0.8023232891,6,CROSS,,TRADE,,-0.0050002444,-0.0050002444,-0.0050002444,-0.0150002444,,0.31914818,REDUCE
0xb1b5b4c3866f1ed732890a137ac6fe4fc4bd99d9b8e4e10c10714ed763c9b64c,2026-03-06T21:51:45Z,bitcoin-up-or-down-march-6-4pm-et,Up,SELL,0.16,0.94,0.94,0.95,0.01,0.945,0.9468181287,0.3757823138,4454.02,7398.64,86.2068965517,0.0113793103,0.003509312,173.599901,0.8023232891,2,CROSS,,TRADE,,-0.005,-0.005,-0.005,-0.015,,0.024,REDUCE
0xf82b05a9036aed38bc5ec403430447584033bfe221ccdebf9e9297f0ef672b8a,2026-03-06T21:51:45Z,bitcoin-up-or-down-march-6-4pm-et,Up,SELL,0.01,0.94,0.94,0.95,0.01,0.945,0.9468181287,0.3757823138,4454.02,7398.64,86.6666666667,0.0113333333,0.003457459,173.439901,0.8023232891,0,CROSS,,TRADE,,-0.005,-0.005,-0.005,-0.015,,0.0015,REDUCE
0xb68cec813ea0dc48befe1339dc0256e66d2a55d594d208c368d6c83323fee300,2026-03-06T21:51:45Z,bitcoin-up-or-down-march-6-4pm-et,Up,SELL,15.7,0.94,0.94,0.95,0.01,0.945,0.9468181287,0.3757823138,4454.02,7398.64,87.0967741935,0.0112903226,0.003407771,173.429901,0.8023232891,0,CROSS,,TRADE,,-0.005,-0.005,-0.005,-0.015,,2.34612155,REDUCE
0x6ac7f833fb3e825873a8de4f9f2f2d63889ce782c2e38c9f67ab3713bc6d93be,2026-03-06T21:51:47Z,bitcoin-up-or-down-march-6-4pm-et,Up,SELL,18,0.95,0.94,0.95,0.01,0.945,0.9408282945,0.3612131893,4263.02,7538.93,89.6551724138,0.0110344828,0.0030993405,157.729901,0.8023232891,2,PASSIVE,,TRADE,,0.005,0.005,0.005,-0.005,,1.98,REDUCE
0xe2afe2c618e31660e602d26de106e549e43e922f606d278dd14ff8a6ded9342b,2026-03-06T21:51:49Z,ethereum-up-or-down-march-6-4pm-et,Up,BUY,14.285713,0.7200000448,0.74,0.75,0.01,0.745,0.7446368715,0.5211571857,3838.38,3526.73,89.4736842105,0.0110526316,0.0031530177,267.664273,0.4961416524,32,PASSIVE,,TRADE,,0.0249999552,0.0249999552,0.0149999552,0.0949999552,46,,OPEN
0xc9f2367a85418f764be59a6e08e7033f71f79e011f3367bc7828cbf80742f343,2026-03-06T21:52:07Z,ethereum-up-or-down-march-6-4pm-et,Up,BUY,25,0.7,0.69,0.7,0.01,0.695,0.692420819,0.4815460159,3661.83,3942.49,89.4736842105,0.0110526316,0.0031530177,281.949986,0.5074840071,18,CROSS,,TRADE,,-0.005,-0.005,0.025,0.125,28,,OPEN
0xcc7a5f690844f9337d0eac07da5ed55b860125a140607a4c74d03aae964fcbca,2026-03-06T21:52:11Z,bitcoin-up-or-down-march-6-4pm-et,Up,BUY,18,0.93,0.94,0.95,0.01,0.945,0.9449566295,0.3641494538,4423.48,7723.95,93.1034482759,0.0106896552,0.0025788071,139.729901,0.8023232891,24,PASSIVE,,TRADE,,0.015,0.015,0.02,0.035,10,,OPEN
0x7a1aa2e9042f0fc6285f425e2ccc8adfe561007eb57af63ef1ecd268dacf7442,2026-03-06T21:52:21Z,bitcoin-up-or-down-march-6-4pm-et,Up,SELL,18,0.96,0.95,0.96,0.01,0.955,0.9549736142,0.380901376,4203.38,6831.97,84.375,0.0115625,0.0036890203,157.729901,0.816893645,10,PASSIVE,,TRADE,,0.005,0.005,0.005,-0.005,,1.65112155,REDUCE
0x13dce4f6f9c3f3b291acd63cec93bb0ef02f76318f382d74822db9099cd7bf32,2026-03-06T21:52:21Z,bitcoin-up-or-down-march-6-4pm-et,Up,SELL,18,0.95,0.95,0.96,0.01,0.955,0.9549736142,0.380901376,4203.38,6831.97,84.8484848485,0.0115151515,0.0036410954,139.729901,0.816893645,0,CROSS,,TRADE,,-0.005,-0.005,-0.005,-0.015,,1.18177569,REDUCE
0x067f81c0e7b30d2bf9c35f34e9fa4d845a122fd7e8740acf6e4280605fee8721,2026-03-06T21:52:25Z,ethereum-up-or-down-march-6-4pm-et,Up,BUY,8.733332,0.7000000687,0.76,0.77,0.01,0.765,0.7617609178,0.5101206014,3908.34,3753.26,85.7142857143,0.0114285714,0.0035856858,306.949986,0.5231637597,18,PASSIVE,,TRADE,,0.0649999313,0.0649999313,0.1249999313,0.1149999313,10,,OPEN
0x10ee85aaea7430a7e783840fcd01870b76fcf6b15481ae8840f4c4ce2a2fd615,2026-03-06T21:52:35Z,ethereum-up-or-down-march-6-4pm-et,Up,SELL,25,0.7,0.76,0.77,0.01,0.765,0.7617609178,0.5101206014,3908.34,3753.26,86.3636363636,0.0113636364,0.0035125009,315.683318,0.5280559098,10,CROSS,,TRADE,,-0.065,-0.115,-0.12,-0.035,,8.66164103,REDUCE
0x1b33dcbd0b5d263af5847eb36e727309bb808bb922771125e3d0c1bf1ac2edc1,2026-03-06T21:52:35Z,bitcoin-up-or-down-march-6-4pm-et,Up,BUY,16.666665,0.940000054,0.95,0.96,0.01,0.955,0.9549736142,0.380901376,4203.38,6831.97,85.2941176471,0.0114705882,0.0035949063,121.729901,0.816893645,14,PASSIVE,,TRADE,,0.014999946,0.014999946,0.024999946,0.024999946,30,,OPEN
0xc419025a73f80a93211da02ba2a73973ff8e623d71525eb0d744b8098d9fa222,2026-03-06T21:52:47Z,ethereum-up-or-down-march-6-4pm-et,Down,BUY,1.610386,0.2300001366,0.18,0.19,0.01,0.185,0.1899288358,0.5746347305,4280.23,3168.38,95,0.0105,0.002236068,373.063,0.5391638204,238,CROSS,,TRADE,,-0.0150001366,-0.0150001366,-0.0450001366,0.0749998634,92,,OPEN
0xd7ed19e8d0825ae656240616efb02ca7d7c486266da0849805da8c879753aa4a,2026-03-06T21:52:47Z,ethereum-up-or-down-march-6-4pm-et,Down,BUY,1.545452,0.2300000259,0.21,0.22,0.01,0.215,0.2127710278,0.5557760235,4574.02,3655.95,95.2380952381,0.0104761905,0.0021821789,374.673386,0.5378350021,0,CROSS,,TRADE,,-0.0150000259,-0.0150000259,-0.0450000259,0.0749999741,92,,OPEN
0xded829ea996c0ee06c909269d479968d4ac42186576cc7ef698b55cff664568e,2026-03-06T21:52:51Z,ethereum-up-or-down-march-6-4pm-et,Up,BUY,32.94778,0.8,0.78,0.79,0.01,0.785,0.7854964183,0.4443686803,3655.95,4571.34,95.8333333333,0.0104166667,0.0020412415,290.683318,0.5280559098,16,CROSS,,TRADE,,-0.015,-0.005,0.015,-0.095,18,,OPEN
0x9cafa86806edb369dabf8b24e3550804310f6c59372f0897533e9dede1d540a1,2026-03-06T21:53:05Z,bitcoin-up-or-down-march-6-4pm-et,Up,SELL,18,0.96,0.96,0.97,0.01,0.965,0.9686211229,0.4853130669,4579.88,4857.08,80,0.012,0.0040824829,138.396566,0.8317189643,30,CROSS,,TRADE,,-0.005,-0.005,-0.005,0.005,,1.23644862,REDUCE
0xda6112ea9693ba035ec221d3cae7e361cb939c04338777e79977d5c2e6b2fa2a,2026-03-06T21:53:07Z,bitcoin-up-or-down-march-6-4pm-et,Up,SELL,18,0.97,0.96,0.97,0.01,0.965,0.9686211229,0.4853130669,4579.88,4857.08,80.7692307692,0.0119230769,0.0040191848,120.396566,0.8317189643,2,PASSIVE,,TRADE,,0.005,0.005,0.005,0.015,,1.26,REDUCE
0xec99f9aa240769dce66ec37ab5b952e71e5519a067e404586034bb4604cc69de,2026-03-06T21:53:09Z,ethereum-up-or-down-march-6-4pm-et,Up,SELL,25,0.83,0.81,0.82,0.01,0.815,0.8121710526,0.4452201203,3438.76,4284.97,92,0.0108,0.0027688746,323.631098,0.5557416116,18,PASSIVE,,TRADE,,0.015,0.015,0.095,0.105,,11.61332752,REDUCE
0xa8e7fb5a051ae2454fd56208f0444a5479992dbfc0cdb6f53d29fe1aff9b6a0b,2026-03-06T21:53:17Z,bitcoin-up-or-down-march-6-4pm-et,Up,SELL,15.27,0.97,0.96,0.97,0.01,0.965,0.962177533,0.448545554,4278.38,5259.96,91.6666666667,0.0108333333,0.0028232985,102.396566,0.8317189643,10,PASSIVE,,TRADE,,0.005,0.005,0.01,0.01,,0.66365043,REDUCE
0xc47975ef1c979ea483eb09f42ca54c473c7f456b9535455b493ac0883ee1546d,2026-03-06T21:53:43Z,ethereum-up-or-down-march-6-4pm-et,Up,BUY,25,0.73,0.72,0.73,0.01,0.725,0.7203250899,0.4011713067,3253.74,4856.86,95.2380952381,0.0104761905,0.0021821789,298.631098,0.5557416116,34,CROSS,,TRADE,,-0.005,-0.005,-0.025,0.005,68,,OPEN
0x7226b08a309e1329b78686fb99da5fa43e5fd394106718f25aba2cc3b6341486,2026-03-06T21:53:43Z,ethereum-up-or-down-march-6-4pm-et,Up,BUY,13.107141,0.7200000366,0.72,0.73,0.01,0.725,0.7203250899,0.4011713067,3253.74,4856.86,95.4545454545,0.0104545455,0.0021320072,323.631098,0.5692028016,0,PASSIVE,,TRADE,,0.0049999634,0.0049999634,-0.0150000366,0.0149999634,68,,OPEN
0x19184a82199c9ed18ac45be544e2cc10529041114371a6b6777869679cc026a8,2026-03-06T21:54:19Z,ethereum-up-or-down-march-6-4pm-et,Up,BUY,25,0.68,0.65,0.66,0.01,0.655,0.6551032605,0.5361330103,4182.32,3618.58,95.4545454545,0.0104545455,0.0021320072,336.738239,0.5750724071,36,CROSS,,TRADE,,-0.025,-0.025,0.025,-0.015,32,,OPEN
0xf42ad7f598d2b41c16326ce28f0a3fe8b37115251e62a6384fd0fadf47a39002,2026-03-06T21:54:19Z,ethereum-up-or-down-march-6-4pm-et,Down,SELL,25,0.31,0.34,0.35,0.01,0.345,0.3448967395,0.4638669897,3618.58,4182.32,95,0.0105,0.002236068,376.218838,0.536570461,92,CROSS,,TRADE,,-0.035,-0.035,0.015,-0.025,,-10.91974795,REDUCE
0x94c59c7501a65aa719b8ec274c1614f6c5ccff66a572c9b70c2e49ab694e8847,2026-03-06T21:54:19Z,ethereum-up-or-down-march-6-4pm-et,Up,BUY,25,0.67,0.65,0.66,0.01,0.655,0.6551032605,0.5361330103,4182.32,3618.58,95.652173913,0.0104347826,0.0020851441,361.738239,0.5823240315,0,CROSS,,TRADE,,-0.015,-0.015,0.035,-0.005,32,,OPEN
0x26618e3e67f34931858ad87ad1324fedb9f882e3a21446ac1a3e138afad1d277,2026-03-06T21:54:19Z,ethereum-up-or-down-march-6-4pm-et,Up,BUY,44.46732,0.68,0.65,0.66,0.01,0.655,0.6551032605,0.5361330103,4182.32,3618.58,95.8333333333,0.0104166667,0.0020412415,386.738239,0.5879916872,0,CROSS,,TRADE,,-0.025,-0.025,-0.005,-0.015,32,,OPEN
0x51aa241f7b543dc9f28aa0640b279dbc25aa895de982a41a70c785e895fa4719,2026-03-06T21:54:25Z,bitcoin-up-or-down-march-6-4pm-et,Up,BUY,18,0.95,0.92,0.93,0.01,0.925,0.9252104777,0.3410763231,3566.41,6889.93,80.9523809524,0.0119047619,0.0040237391,87.126566,0.8317189643,68,CROSS,,TRADE,,-0.025,-0.025,-0.015,-0.065,22,,OPEN
0x848cabdda0d6d3c4fd837ca715b8041bd53a29b0fcfbd4227f8330fabd9eb06c,2026-03-06T21:54:27Z,ethereum-up-or-down-march-6-4pm-et,Down,BUY,1,0.31,0.28,0.29,0.01,0.285,0.2861538462,0.4491111896,3129.29,3838.45,95.652173913,0.0104347826,0.0020851441,351.218838,0.536570461,8,CROSS,,TRADE,,-0.055,-0.045,0.015,-0.105,26,,OPEN
0x461afcbae6a236a2a9896f0c7476279545159e7ac08f0c6c69c6e86e81223231,2026-03-06T21:54:31Z,bitcoin-up-or-down-march-6-4pm-et,Up,BUY,18,0.93,0.94,0.95,0.01,0.945,0.94699965,0.3772580512,4101.21,6769.89,82.6086956522,0.0117391304,0.0038755339,105.126566,0.8519713013,6,PASSIVE,,TRADE,,0.015,0.015,-0.035,-0.045,16,,OPEN
0x0675caa2bc13ac412683bacba4fd0da5976eefad78b476f67ccf90e892be1bd8,2026-03-06T21:54:33Z,ethereum-up-or-down-march-6-4pm-et,Up,BUY,25,0.65,0.73,0.74,0.01,0.735,0.7386011363,0.6280464492,4763.77,2821.29,96.2962962963,0.0103703704,0.0019245009,431.205559,0.5974798838,14,PASSIVE,,TRADE,,0.085,0.055,-0.005,0.105,18,,OPEN
0x7f1b582d2c71b8dc901d44d11646f6c6f309c0b37d7f451fffb969ef4cb40b0f,2026-03-06T21:54:33Z,ethereum-up-or-down-march-6-4pm-et,Down,BUY,44.48528,0.31,0.25,0.27,0.02,0.26,0.2531543254,0.4050393857,3260,4788.6,100,0.0108333333,0.0028232985,352.218838,0.5359271948,6,CROSS,,TRADE,,-0.045,-0.015,0.045,-0.065,20,,OPEN
0x5fbb2c50130480dbbc1340f5026b2514ef472fa019c4ccab1b1b9b78e71355d6,2026-03-06T21:54:33Z,bitcoin-up-or-down-march-6-4pm-et,Up,BUY,0.46,0.92,0.94,0.95,0.01,0.945,0.9472020812,0.3499690889,3690.9,6855.46,83.3333333333,0.0116666667,0.0038069349,123.126566,0.8633783974,2,PASSIVE,,TRADE,,0.025,0.015,-0.055,-0.035,14,,OPEN
0x9a9049fa0881e10afd0a83e274abd0e55ccb855a554713ef2c4fbd8e78cf2d95,2026-03-06T21:54:33Z,ethereum-up-or-down-march-6-4pm-et,Up,BUY,25,0.66,0.74,0.75,0.01,0.745,0.7425927526,0.5528558446,4282.93,3463.99,96.4285714286,0.0103571429,0.0018898224,456.205559,0.6003579787,0,PASSIVE,,TRADE,,0.075,0.045,-0.015,0.095,18,,OPEN
0xe5dda2c41e0e9d398158c2167b3853fb459758055629d2936327714f99c3d405,2026-03-06T21:54:35Z,ethereum-up-or-down-march-6-4pm-et,Down,BUY,25,0.3,0.25,0.26,0.01,0.255,0.2574072474,0.4471835818,3486.99,4310.68,92,0.0108,0.0027688746,396.704118,0.5105923569,2,CROSS,,TRADE,,-0.035,-0.005,0.005,-0.065,18,,OPEN
0x8d1afbf5857714bb22db1b796bfe9dfcc17c6ff101c1ad0bd1e1ca7fc913e1a4,2026-03-06T21:54:37Z,bitcoin-up-or-down-march-6-4pm-et,Up,BUY,17.54,0.92,0.94,0.95,0.01,0.945,0.9474709214,0.3398919248,3529.9,6855.46,84,0.0116,0.0037416574,123.586566,0.863589148,4,PASSIVE,,TRADE,,0.025,0.015,-0.025,-0.035,10,,OPEN
0x04adf251a98a077bff672c81ec5d0254a8a63c6ad7a4036b50524b7ca40413c0,2026-03-06T21:54:43Z,ethereum-up-or-down-march-6-4pm-et,Down,BUY,45,0.31,0.25,0.26,0.01,0.255,0.2572161464,0.4452390559,3475.87,4330.88,92.3076923077,0.0107692308,0.0027174649,421.704118,0.4981077529,8,CROSS,,TRADE,,-0.015,0.015,-0.015,-0.005,10,,OPEN
0xaf6315058b5da7a2b63576e86651d0c4db4648904989899e8d391c53effa92a7,2026-03-06T21:54:45Z,bitcoin-up-or-down-march-6-4pm-et,Up,BUY,18,0.94,0.87,0.88,0.01,0.875,0.8769934812,0.4868962243,3158.34,3328.34,88,0.0112,0.0033166248,141.126566,0.8706002046,8,CROSS,,TRADE,,-0.065,-0.065,-0.045,-0.045,2,,OPEN
0x73ee2a3068b9e80e73c1dcce428aeaa3db91f19fc2ae623026d58478aff3e432,2026-03-06T21:54:47Z,ethereum-up-or-down-march-6-4pm-et,Up,BUY,25,0.64,0.7,0.71,0.01,0.705,0.7019004181,0.4259283483,1855.97,2501.5,88.4615384615,0.0115384615,0.0046409548,481.205559,0.6034565517,14,PASSIVE,,TRADE,,0.065,0.065,0.025,0.075,4,,OPEN
0x0e834eb6b76c9213e96969d723b5cf6927681c46a19bddf33c17d791886eec51,2026-03-06T21:54:47Z,bitcoin-up-or-down-march-6-4pm-et,Up,SELL,18,0.95,0.87,0.88,0.01,0.875,0.8765762949,0.4876949794,3159.41,3318.84,88.4615384615,0.0111538462,0.0032581259,159.126566,0.8784505363,2,PASSIVE,,TRADE,,0.075,0.075,0.065,0.045,,0.37540099,REDUCE
0x010334b0423d409ff7da679706f05256071743de5ed3c33df6912405f991d575,2026-03-06T21:54:51Z,ethereum-up-or-down-march-6-4pm-et,Up,SELL,25,0.74,0.7,0.71,0.01,0.705,0.7019004181,0.4259283483,1855.97,2501.5,88.8888888889,0.0114814815,0.0045604518,506.205559,0.6052613248,4,PASSIVE,,TRADE,,0.035,0.045,0.045,0.015,,6.5569407397,REDUCE
0x152cb04bfb9a4a632f3fa195c96a35bc1bac6315a08cc0cff376d1e2f9b2c9a0,2026-03-06T21:54:53Z,ethereum-up-or-down-march-6-4pm-et,Down,SELL,5.94,0.29,0.29,0.3,0.01,0.295,0.298648539,0.5803944219,2592.5,1874.29,88.4615384615,0.0111538462,0.0032581259,466.704118,0.4799702466,10,CROSS,,TRADE,,-0.005,-0.015,0.005,0.035,,-2.4948,REDUCE
0x691b5bf4a345e98c0f8851657c80fb07d8608387e020e70f4d02ffed51720016,2026-03-06T21:54:55Z,ethereum-up-or-down-march-6-4pm-et,Up,SELL,25,0.74,0.7,0.71,0.01,0.705,0.701351461,0.4196055781,1874.29,2592.5,89.2857142857,0.0114285714,0.0044839514,481.205559,0.6052613248,4,PASSIVE,,TRADE,,0.035,0.045,0.025,-0.045,,4.7159981205,REDUCE
0x86e06416485d4d602ae70ee7102fdb42c69b3b79bf2f1ec376a3f7bfedc25b86,2026-03-06T21:54:55Z,ethereum-up-or-down-march-6-4pm-et,Down,BUY,1.333332,0.25,0.29,0.3,0.01,0.295,0.298648539,0.5803944219,2592.5,1874.29,88.8888888889,0.0111111111,0.0032025631,460.764118,0.4799702466,2,PASSIVE,,TRADE,,0.045,0.055,0.035,-0.035,12,,OPEN
0xcd8d2f64958b40c1a11a42030435cf324e179222b607d5026aa85b4d45b66ddb,2026-03-06T21:54:55Z,ethereum-up-or-down-march-6-4pm-et,Down,BUY,2.666664,0.25,0.29,0.3,0.01,0.295,0.298648539,0.5803944219,2592.5,1874.29,89.2857142857,0.0110714286,0.0031497039,462.09745,0.4793066925,0,PASSIVE,,TRADE,,0.055,0.055,0.035,-0.035,12,,OPEN
0xba68293f843259b4419e48eea926d5fb44c6e39be32a0a66d0893203315e3859,2026-03-06T21:54:55Z,ethereum-up-or-down-march-6-4pm-et,Down,BUY,2.466664,0.25,0.29,0.3,0.01,0.295,0.298648539,0.5803944219,2592.5,1874.29,89.6551724138,0.0110344828,0.0030993405,464.764114,0.4779910059,0,PASSIVE,,TRADE,,0.055,0.055,0.035,-0.035,12,,OPEN
0xec560c41bd637d1d4e76b4dc73aa4bab221de4e3978fc9d48b23652b58175be2,2026-03-06T21:55:01Z,ethereum-up-or-down-march-6-4pm-et,Down,BUY,25,0.27,0.29,0.3,0.01,0.295,0.298648539,0.5803944219,2592.5,1874.29,90,0.011,0.0030512858,467.230778,0.4767873669,6,PASSIVE,,TRADE,,0.035,0.025,-0.035,-0.105,6,,OPEN
0x302de6796cba155170ff7cc06ecb865f955af6bad7676056b9cfff501d726254,2026-03-06T21:55:05Z,bitcoin-up-or-down-march-6-4pm-et,Up,BUY,55.055567,0.8599999996,0.88,0.89,0.01,0.885,0.8899687373,0.4581044297,3503.94,4144.84,92.3076923077,0.0107692308,0.0027174649,141.126566,0.8784505363,18,PASSIVE,,TRADE,,0.0250000004,0.0350000004,0.0250000004,0.0750000004,10,,OPEN
0x8f54d0f4f5ad628abf479c4eaf9a47703a3428b661ed6107f250f98278e7b0dc,2026-03-06T21:55:07Z,bitcoin-up-or-down-march-6-4pm-et,Up,BUY,18,0.82,0.88,0.89,0.01,0.885,0.8899687373,0.4581044297,3503.94,4144.84,92.5925925926,0.0107407407,0.0026688026,196.182133,0.8732726705,2,PASSIVE,,TRADE,,0.065,0.075,0.065,0.115,8,,OPEN
0x00b2d37e88ca707c9cae0df05e9d306c9d4edf2d91abd2f4df675526e6821a68,2026-03-06T21:55:07Z,ethereum-up-or-down-march-6-4pm-et,Up,BUY,1.233332,0.4000001622,0.69,0.7,0.01,0.695,0.6979960146,0.4391720982,2510.58,3206.04,92.8571428571,0.0110714286,0.0041626965,456.205559,0.6052613248,12,PASSIVE,,TRADE,,0.2949998378,0.3049998378,0.3049998378,0.4349998378,2,,OPEN
0x6ae18c2cb053e8c316287fdc24987324f651304376f191c298b5067ecc1d194a,2026-03-06T21:55:07Z,ethereum-up-or-down-march-6-4pm-et,Down,SELL,25,0.59,0.3,0.31,0.01,0.305,0.3012825458,0.4513720839,2743.76,3334.95,93.3333333333,0.0106666667,0.0025370813,492.230778,0.466284805,6,PASSIVE,,TRADE,,0.285,0.295,0.295,0.425,,-2.1997405,REDUCE
0xbb2c78fbdd2fa0e442cc9c6e8d7646cc5400b3ebca625888a355b2ec022a6ac2,2026-03-06T21:55:09Z,ethereum-up-or-down-march-6-4pm-et,Up,SELL,0.942856,0.6999997879,0.69,0.7,0.01,0.695,0.6987174542,0.545865918,3279.95,2728.76,93.1034482759,0.0110344828,0.0040925259,457.438891,0.6047079063,2,PASSIVE,,TRADE,,0.0049997879,-0.0050002121,-0.0050002121,-0.1550002121,,0.13199964,REDUCE
0x4fdf5a300b833730ecbbee600e89329f33ff514d971cb5eebde9345403be3e00,2026-03-06T21:55:09Z,ethereum-up-or-down-march-6-4pm-et,Up,SELL,8.09859,0.7099998889,0.69,0.7,0.01,0.695,0.6987174542,0.545865918,3279.95,2728.76,93.3333333333,0.011,0.004025779,456.496035,0.6047079063,0,PASSIVE,,TRADE,,0.0149998889,0.0049998889,0.0049998889,-0.1450001111,,1.2147872557,REDUCE
0x77c4a0550a74e9bde248ccb03e4b370ddca059056ba7b846ab0b8f3d1d43b639,2026-03-06T21:55:11Z,ethereum-up-or-down-march-6-4pm-et,Up,BUY,45.774705,0.6899999989,0.69,0.7,0.01,0.695,0.6987174542,0.545865918,3279.95,2728.76,93.5483870968,0.0109677419,0.0039621869,448.397445,0.6047079063,2,PASSIVE,,TRADE,,0.0050000011,0.0150000011,0.0150000011,0.1650000011,2,,OPEN
0x55ec5591d98128d4bf34f9dd8d4008ad6b8d8860b45ea8e2e3915d2aac7c6974,2026-03-06T21:55:11Z,ethereum-up-or-down-march-6-4pm-et,Up,BUY,16.03,0.67,0.69,0.7,0.01,0.695,0.6987174542,0.545865918,3279.95,2728.76,93.75,0.0109375,0.0039015092,494.17215,0.6126084332,0,PASSIVE,,TRADE,,0.025,0.035,0.025,0.185,2,,OPEN
0x6fb3843ae1b3ee049a8ab5a69927f72463c8f3acbec97d82a402ebc4fa581fef,2026-03-06T21:55:11Z,ethereum-up-or-down-march-6-4pm-et,Down,BUY,0.01,0.25,0.3,0.31,0.01,0.305,0.3012249237,0.4540041416,2727.33,3279.95,93.5483870968,0.0106451613,0.0024973104,467.230778,0.466284805,4,PASSIVE,,TRADE,,0.055,0.035,0.055,-0.105,6,,OPEN
0xf2bcc9df66ab1a95caa9313cf8cdf67766a28593f5a18c70897b95ebc9b8fc7d,2026-03-06T21:55:11Z,ethereum-up-or-down-march-6-4pm-et,Down,BUY,3.133332,0.25,0.3,0.31,0.01,0.305,0.3012249237,0.4540041416,2727.33,3279.95,93.75,0.010625,0.0024593469,467.240778,0.4662801761,0,PASSIVE,,TRADE,,0.055,0.035,0.055,-0.125,6,,OPEN
0x76da9ccb9485a2e2b8272322b6629c7b7effb71f62be3c49553c7f08dbbf09ce,2026-03-06T21:55:13Z,ethereum-up-or-down-march-6-4pm-et,Down,BUY,1.493332,0.25,0.3,0.31,0.01,0.305,0.3010952224,0.4456045539,2752.33,3424.29,93.9393939394,0.0106060606,0.0024230584,470.37411,0.4648394556,2,PASSIVE,,TRADE,,0.045,0.035,0.055,-0.125,4,,OPEN
0x9d4c82948d8312e4711b0f0ed403c084ef8d33455df7d627bdae0bd849470b34,2026-03-06T21:55:13Z,ethereum-up-or-down-march-6-4pm-et,Up,SELL,8.814284,0.6999999092,0.69,0.7,0.01,0.695,0.6989047776,0.5503917834,3424.29,2797.26,93.9393939394,0.0109090909,0.0038435306,510.20215,0.6144116142,2,PASSIVE,,TRADE,,-0.0050000908,-0.0150000908,0.0049999092,-0.1750000908,,1.3049738444,REDUCE
0x03f81feb4f20429a924af416d73aa0d367f1d8d0de11743da8809b6f65795c5b,2026-03-06T21:55:15Z,bitcoin-up-or-down-march-6-4pm-et,Up,SELL,18,0.86,0.88,0.89,0.01,0.885,0.8826519337,0.3619419105,2597.23,4578.59,96,0.0104,0.002,214.182133,0.868795602,8,CROSS,,TRADE,,-0.035,-0.035,-0.045,-0.075,,-1.09540099,REDUCE
0x9e660745ba5590972c5f6c5dfb64ae2358d206ba3c9770a9c423b65f25ceb251,2026-03-06T21:55:17Z,ethereum-up-or-down-march-6-4pm-et,Down,SELL,45,0.34,0.25,0.26,0.01,0.255,0.2529672837,0.3346149266,2275.86,4525.57,93.5483870968,0.0106451613,0.0024973104,471.867442,0.4641595472,4,PASSIVE,,TRADE,,0.135,0.135,0.055,0.255,,-10.9576342005,REDUCE
0x235df99ea45f10e2e4f7b8887ffd24add0f0f7b79d86812af57650ebbf9975f5,2026-03-06T21:55:19Z,ethereum-up-or-down-march-6-4pm-et,Up,BUY,5,0.49,0.74,0.75,0.01,0.745,0.7470327163,0.6653850734,4525.57,2275.86,93.1034482759,0.0110344828,0.0040925259,501.387866,0.6144116142,6,PASSIVE,,TRADE,,0.305,0.275,0.235,0.425,6,,OPEN
0x658b77d40fff34774f5815b8898fbe2f9a75a9385d17cf9c0b646ab451437fa5,2026-03-06T21:55:21Z,ethereum-up-or-down-march-6-4pm-et,Up,BUY,20,0.49,0.74,0.75,0.01,0.745,0.7470327163,0.6653850734,4525.57,2275.86,93.3333333333,0.011,0.004025779,506.387866,0.613183192,2,PASSIVE,,TRADE,,0.305,0.275,0.235,0.425,4,,OPEN
0xcdb2959ad61b54be9a7524b55b97216f560ed53675e7a7364598de10744a08d8,2026-03-06T21:55:21Z,ethereum-up-or-down-march-6-4pm-et,Up,BUY,24.52658,0.7,0.74,0.75,0.01,0.745,0.7470327163,0.6653850734,4525.57,2275.86,93.5483870968,0.0109677419,0.0039621869,526.387866,0.6085028717,0,PASSIVE,,TRADE,,0.095,0.055,0.025,0.215,4,,OPEN
0xd4abf362ef36f54985b079ad3ccecfceb7e6b6545f0a1455d5edc46a17664dc0,2026-03-06T21:55:23Z,bitcoin-up-or-down-march-6-4pm-et,Down,SELL,18,0.12,0.11,0.12,0.01,0.115,0.1177430972,0.6436867715,4648.59,2573.23,94.4444444444,0.0105555556,0.0023570226,211.621238,0.2356901144,220,PASSIVE,,TRADE,,0.015,0.005,0.025,0.085,,-2.3784153,REDUCE
0x8a45a15418c5ae0a4901b3a78664a99e8a2bbe46f86599fb6c6eec74d07cff19,2026-03-06T21:55:23Z,ethereum-up-or-down-march-6-4pm-et,Up,BUY,23.76,0.4,0.74,0.75,0.01,0.745,0.7475998799,0.6648540848,4633.9,2335.9,93.75,0.0109375,0.0039015092,550.914446,0.6125763021,2,PASSIVE,,TRADE,,0.395,0.355,0.345,0.545,2,,OPEN
0x6a72f1d389af5cc2dc93c4085b15a9e74c6f9ceb71a41a8a287e03aeba0d9be5,2026-03-06T21:55:25Z,ethereum-up-or-down-march-6-4pm-et,Down,BUY,10.621448,0.3100000113,0.25,0.26,0.01,0.255,0.2507568359,0.3397854318,2377.9,4620.34,93.75,0.010625,0.0024593469,426.867442,0.4641595472,8,CROSS,,TRADE,,-0.0750000113,-0.0750000113,-0.0950000113,-0.2550000113,20,,OPEN
0xe0af0ef1b71c9d82c44308c71c0bbf731aff09eebabd448fd4d01a79d913ef7c,2026-03-06T21:55:25Z,ethereum-up-or-down-march-6-4pm-et,Up,SELL,15.23,0.7,0.74,0.75,0.01,0.745,0.749387782,0.66186412,4654.48,2377.9,93.9393939394,0.0109090909,0.0038435306,574.674446,0.6037873034,2,CROSS,,TRADE,,-0.065,-0.065,-0.085,-0.245,,2.2845,REDUCE
0x43989e8fb65f3c5a2df1f545d988e0607e0619254d0b2b07dd31c69a4bd6852e,2026-03-06T21:55:25Z,bitcoin-up-or-down-march-6-4pm-et,Up,BUY,18,0.81,0.88,0.89,0.01,0.885,0.8817821833,0.3517219259,2522.11,4648.64,96.1538461538,0.0103846154,0.0019611614,196.182133,0.868795602,10,PASSIVE,,TRADE,,0.075,0.075,0.105,0.155,6,,OPEN
0x0c567a1d1ee8ea0086e76a31c54a0b077fe6e15e3320f68d62f1be327144992f,2026-03-06T21:55:25Z,ethereum-up-or-down-march-6-4pm-et,Down,BUY,135.857157,0.5426801924,0.25,0.26,0.01,0.255,0.2511366102,0.334324539,2377.9,4734.65,93.9393939394,0.0106060606,0.0024230584,437.48889,0.4604168293,0,CROSS,,TRADE,,-0.3076801924,-0.3076801924,-0.3276801924,-0.4876801924,20,,OPEN
0x229540ca74352c2c9750047bf165576ccb493fc3b7f7c61a27cd38331f0ed46d,2026-03-06T21:55:27Z,ethereum-up-or-down-march-6-4pm-et,Up,BUY,25,0.69,0.74,0.78,0.04,0.76,0.7772462222,0.7599012119,4578.42,1446.6,100,0.0117647059,0.0062622429,559.444446,0.6037873034,2,PASSIVE,,TRADE,,0.075,0.015,0.095,0.255,20,,OPEN
0x9f5358a6bc79b3d81c4fe1da1fc0aa12176a453da01b624d015ab9610881b53b,2026-03-06T21:55:27Z,ethereum-up-or-down-march-6-4pm-et,Up,SELL,45,0.71,0.74,0.78,0.04,0.76,0.7772462222,0.7599012119,4578.42,1446.6,100,0.0125714286,0.0078000215,584.444446,0.6074751089,0,CROSS,,TRADE,,-0.055,0.005,-0.075,-0.235,,6.666300202,REDUCE
0x3bb6b10f8dec82b5b8e39a975d2a7928d8645017ea6746ea57b34c651c43f2b7,2026-03-06T21:55:29Z,ethereum-up-or-down-march-6-4pm-et,Down,BUY,44.52306,0.29,0.24,0.25,0.01,0.245,0.2462544675,0.2138978775,1209,4443.23,94.1176470588,0.0105882353,0.0023883257,573.346047,0.4799095366,4,CROSS,,TRADE,,-0.045,0.005,-0.075,-0.235,16,,OPEN
0xc573fa96216a440c46f80bc10a3377af071d650662ce797160c548aae5bf5d0c,2026-03-06T21:55:29Z,ethereum-up-or-down-march-6-4pm-et,Down,BUY,14.37,0.31,0.24,0.25,0.01,0.245,0.2462544675,0.2138978775,1209,4443.23,94.2857142857,0.0105714286,0.0023550411,617.869107,0.466224836,0,CROSS,,TRADE,,-0.065,-0.015,-0.095,-0.255,16,,OPEN
0xebe8b8b0e9c7418e3aa74425a327ee16ec5e11c865bfb4961811b9914701adb9,2026-03-06T21:55:31Z,ethereum-up-or-down-march-6-4pm-et,Down,BUY,44.50388,0.3,0.24,0.25,0.01,0.245,0.2418870298,0.265392222,1511,4182.46,94.4444444444,0.0105555556,0.0023231068,632.239107,0.4626740419,2,CROSS,,TRADE,,-0.055,0.005,-0.135,-0.265,14,,OPEN
0xace9b2614f2c8864032c6ebf4f417bced5c9053814afb4f4fcbc55bf442a28c5,2026-03-06T21:55:31Z,bitcoin-up-or-down-march-6-4pm-et,Up,SELL,30,0.86,0.88,0.89,0.01,0.885,0.8821132041,0.3688832109,2691.11,4604.18,96.2962962963,0.0103703704,0.0019245009,214.182133,0.863854383,6,CROSS,,TRADE,,-0.025,-0.035,-0.065,-0.105,,-2.1,REDUCE
0x06ba6fe6adb946ff67aecc402c5261cb151e7d062bbd673e4b63827ee7a69304,2026-03-06T21:55:31Z,ethereum-up-or-down-march-6-4pm-et,Up,BUY,25,0.68,0.79,0.8,0.01,0.795,0.7987219631,0.6808485783,4371.15,2049,88.8888888889,0.0125,0.0076997217,539.444446,0.6074751089,4,PASSIVE,,TRADE,,0.085,0.015,0.155,0.285,16,,OPEN
0x6cf082da26c15580dc89882731491f76b7b7e1da1ff62b3f3757ab3deecf48a2,2026-03-06T21:55:35Z,ethereum-up-or-down-march-6-4pm-et,Up,BUY,12.903224,0.6900000341,0.79,0.8,0.01,0.795,0.7987219631,0.6808485783,4371.15,2049,89.1891891892,0.0124324324,0.0076031446,564.444446,0.6106873334,4,PASSIVE,,TRADE,,0.0149999659,0.0249999659,0.1449999659,0.2749999659,12,,OPEN
0xfba4c607298bfed6cf669f8390da0ffe018430b639355da7d7c5cdb90294d6db,2026-03-06T21:55:43Z,bitcoin-up-or-down-march-6-4pm-et,Up,SELL,0.46,0.89,0.88,0.89,0.01,0.885,0.8871218593,0.4778447967,3537.27,3865.28,95.8333333333,0.0104166667,0.0020412415,184.182133,0.863854383,12,PASSIVE,,TRADE,,-0.015,-0.015,-0.045,-0.085,,-0.0184,REDUCE
0x18d8e4f2ef10a895cdcd03978e4149470251b0e25554bb4cf4a24edb3779c816,2026-03-06T21:55:45Z,bitcoin-up-or-down-march-6-4pm-et,Up,SELL,11.235954,0.8899999947,0.88,0.89,0.01,0.885,0.8871218593,0.4778447967,3537.27,3865.28,96,0.0104,0.002,183.722133,0.863854383,2,PASSIVE,,TRADE,,-0.0150000053,-0.0250000053,-0.0450000053,-0.0850000053,,-0.5217991403,REDUCE
0xed5c9d80b126bb44632c3973c36ec8f522899b64c6917b7b9254a7cfacf683f1,2026-03-06T21:55:45Z,ethereum-up-or-down-march-6-4pm-et,Down,SELL,25,0.33,0.3,0.31,0.01,0.305,0.3029249012,0.4319668691,3211.57,4223.19,96.875,0.0103125,0.001767767,676.742987,0.4519762938,14,PASSIVE,,TRADE,,0.045,0.115,0.205,0.295,,-5.79945466,REDUCE
0x06399c577401de3395a65d2b192bc1dc00d0d39a77f33ce60422d6f37955cb55,2026-03-06T21:55:45Z,bitcoin-up-or-down-march-6-4pm-et,Up,SELL,6.292133,0.8899999412,0.89,0.9,0.01,0.895,0.8920270841,0.3422471578,3148.27,6050.55,96.1538461538,0.0103846154,0.0019611614,172.486179,0.863854383,0,CROSS,,TRADE,,-0.0150000588,-0.0250000588,-0.0450000588,-0.0950000588,,-0.3146073598,REDUCE
0x8240113347fb07a66cb644e8edf6b951e37b68e1505de784f3dd22c0c5f8d824,2026-03-06T21:55:45Z,ethereum-up-or-down-march-6-4pm-et,Down,BUY,0.02,0.25,0.3,0.31,0.01,0.305,0.3029249012,0.4319668691,3211.57,4223.19,96.9696969697,0.0103030303,0.0017407766,651.742987,0.4519762938,0,PASSIVE,,TRADE,,0.035,-0.035,-0.125,-0.215,16,,OPEN
0x6fe54a00951186265fd6aab46fc76a6d02c6d5a246f3894c7100723cd89190ef,2026-03-06T21:55:47Z,ethereum-up-or-down-march-6-4pm-et,Up,SELL,25,0.81,0.69,0.7,0.01,0.695,0.6964761905,0.5915638817,4324.19,2985.57,85.7142857143,0.0128571429,0.0078857386,577.34767,0.612459904,12,PASSIVE,,TRADE,,0.085,0.025,-0.105,-0.155,,8.468005978,REDUCE
0xcc4d5067b7095cd8a32b2ab940238cb37dacb5ad718ed3ebf0dc6c43b6c08369,2026-03-06T21:55:49Z,bitcoin-up-or-down-march-6-4pm-et,Up,SELL,18,0.91,0.89,0.9,0.01,0.895,0.8968798853,0.392792399,3917.46,6055.9,96.2962962963,0.0103703704,0.0019245009,166.194046,0.863854383,4,PASSIVE,,TRADE,,0.005,-0.005,-0.045,-0.075,,-0.6886153795,REDUCE
0x426ab76ed5f3758dffe32e46b631e4e0a4566a290c2383e3d6790a0945cdda76,2026-03-06T21:55:53Z,ethereum-up-or-down-march-6-4pm-et,Down,BUY,5.57,0.25,0.25,0.26,0.01,0.255,0.25403918,0.4941799105,2879.7,2947.53,96.4285714286,0.0103571429,0.0018898224,651.762987,0.4519700959,8,PASSIVE,,TRADE,,-0.035,-0.085,-0.195,-0.215,8,,OPEN
0x8e9c9ad47702961f9bff7fa150d9a45ecec379e1654fa6063823e42d16d88ecf,2026-03-06T21:55:55Z,ethereum-up-or-down-march-6-4pm-et,Up,SELL,45,0.71,0.74,0.75,0.01,0.745,0.74596082,0.5082623038,2947.53,2851.7,90.625,0.0121875,0.0075067174,552.34767,0.612459904,8,CROSS,,TRADE,,-0.075,-0.125,-0.235,-0.255,,4.7646595601,REDUCE
0x252a96fac91fba34f7276dd1d0866672f07451e12c9c8d86dd259f361c670906,2026-03-06T21:55:59Z,ethereum-up-or-down-march-6-4pm-et,Down,BUY,0.09,0.25,0.25,0.26,0.01,0.255,0.2533604974,0.4913826867,2848,2947.89,96.5517241379,0.0103448276,0.0018569534,657.332987,0.450258675,6,PASSIVE,,TRADE,,-0.085,-0.105,-0.195,-0.215,2,,OPEN
0x7853075b5357e5fbeb166c484059709fc3fa554fac00a102fdccc8edf4870133,2026-03-06T21:55:59Z,ethereum-up-or-down-march-6-4pm-et,Down,BUY,0.05,0.25,0.25,0.26,0.01,0.255,0.2533604974,0.4913826867,2848,2947.89,96.6666666667,0.0103333333,0.0018257419,657.422987,0.45023126,0,PASSIVE,,TRADE,,-0.085,-0.105,-0.195,-0.215,2,,OPEN
0x392bda46a639cf4f0b3e5b6b8f4bc6e6ef34b71f1c4120e5c66f07bb2878914e,2026-03-06T21:55:59Z,ethereum-up-or-down-march-6-4pm-et,Down,BUY,8.14,0.25,0.25,0.26,0.01,0.255,0.2503085848,0.4635055734,2514.87,2910.89,96.7741935484,0.0103225806,0.001796053,657.472987,0.4502160326,0,PASSIVE,,TRADE,,-0.085,-0.105,-0.215,-0.215,2,,OPEN
0xc9fa99da264ba0f8d4672b5f204723addc859f2ab91208631bf3216ea0c85d2f,2026-03-06T21:56:01Z,ethereum-up-or-down-march-6-4pm-et,Up,SELL,62,0.74,0.75,0.76,0.01,0.755,0.7527765222,0.4599366783,2558.2,3003.87,90.9090909091,0.0121212121,0.0073983004,507.34767,0.612459904,6,CROSS,,TRADE,,-0.095,-0.135,-0.225,-0.22,,2.5858557446,REDUCE
0x5879e0deae457d76e6109fc7f6eabdc3a71bcca9243a60c50ac7d9020c53dbe8,2026-03-06T21:56:01Z,ethereum-up-or-down-march-6-4pm-et,Up,BUY,61.6032,0.8,0.75,0.76,0.01,0.755,0.7527765222,0.4599366783,2558.2,3003.87,91.1764705882,0.0120588235,0.0072944195,445.34767,0.612459904,0,CROSS,,TRADE,,0.035,0.075,0.165,0.16,20,,OPEN
0xd24779718c99c9c960b08dfcef370674898f254ec465c7860848e7d523ad5981,2026-03-06T21:56:01Z,ethereum-up-or-down-march-6-4pm-et,Down,SELL,15,0.24,0.25,0.26,0.01,0.255,0.2516990609,0.462339515,2625.21,3052.89,96.875,0.0103125,0.001767767,665.612987,0.4477675249,2,CROSS,,TRADE,,0.075,0.115,0.205,0.205,,-4.70173602,REDUCE
0x4c0c2d82bb4a440a6889a651c4e729918de66570db9f33da45b9968f42bda3b3,2026-03-06T21:56:01Z,ethereum-up-or-down-march-6-4pm-et,Down,SELL,1.57,0.25,0.23,0.25,0.02,0.24,0.2362567756,0.5257328351,2947.6,2659.05,100,0.0106060606,0.0024230584,650.612987,0.4477675249,0,PASSIVE,,TRADE,,0.085,0.125,0.215,0.215,,-0.4082,REDUCE
0xf52761c780def3fc84897b0afa35b6541e73a99970d7a8e41c1a15dd68086966,2026-03-06T21:56:01Z,ethereum-up-or-down-march-6-4pm-et,Down,SELL,2.47,0.25,0.23,0.25,0.02,0.24,0.2362567756,0.5257328351,2947.6,2659.05,100,0.0108823529,0.0028790224,649.042987,0.4477675249,0,PASSIVE,,TRADE,,0.085,0.125,0.215,0.215,,-0.6422,REDUCE
0x02bda7ccb9ebf8858d67692da46e0d7b4bf948715033487b0e4387bac27be25c,2026-03-06T21:56:01Z,ethereum-up-or-down-march-6-4pm-et,Down,SELL,45,0.24,0.21,0.22,0.01,0.215,0.2140072218,0.4215996778,2669,3661.65,91.4285714286,0.0108571429,0.0028402864,646.572987,0.4477675249,0,PASSIVE,,TRADE,,0.075,0.115,0.205,0.205,,-12.46355466,REDUCE
0xfb6b779f663c905939f2b91d70735a10bc17eec502559bea6741eb933d9f7625,2026-03-06T21:56:05Z,ethereum-up-or-down-march-6-4pm-et,Down,SELL,25,0.24,0.21,0.22,0.01,0.215,0.2140072218,0.4215996778,2669,3661.65,91.6666666667,0.0108333333,0.0028030596,601.572987,0.4477675249,4,PASSIVE,,TRADE,,0.095,0.115,0.205,0.205,,-7.15466801,REDUCE
0x7441b9c792192bf4d25fbce5f539b264ff782776a75ae7bf02aba113f6dbf038,2026-03-06T21:56:07Z,ethereum-up-or-down-march-6-4pm-et,Up,BUY,25,0.75,0.78,0.79,0.01,0.785,0.7853984688,0.5686597872,3551.65,2694,91.4285714286,0.012,0.0071947693,506.95087,0.6352492328,6,PASSIVE,,TRADE,,0.105,0.165,0.215,0.215,14,,OPEN
0xa0a4e9f5e525f0d21f015e198d3e7fb104666aea5f52b05923def658d36b47c1,2026-03-06T21:56:09Z,ethereum-up-or-down-march-6-4pm-et,Down,SELL,25,0.3,0.21,0.22,0.01,0.215,0.2146015312,0.4323418678,2694,3537.18,91.8918918919,0.0108108108,0.0027672473,576.572987,0.4477675249,4,PASSIVE,,TRADE,,0.175,0.215,0.265,0.265,,-5.12710932,REDUCE
0x0f5e5abafa0bbff58a529df45a227e3c3efeb5c73ec8915cf60c3268cf0e3bda,2026-03-06T21:56:09Z,ethereum-up-or-down-march-6-4pm-et,Down,SELL,25,0.29,0.21,0.22,0.01,0.215,0.2146015312,0.4323418678,2694,3537.18,92.1052631579,0.0107894737,0.0027327631,551.572987,0.4477675249,0,PASSIVE,,TRADE,,0.165,0.205,0.255,0.255,,-6.154668555,REDUCE
0xaffb0350704e154828f59a8e7b0c7291f9067d3171c8e7f47d4d3c6f827680a9,2026-03-06T21:56:11Z,ethereum-up-or-down-march-6-4pm-et,Up,BUY,25,0.68,0.85,0.86,0.01,0.855,0.8556949153,0.5013218003,3214.33,3197.38,86.6666666667,0.0126666667,0.0078491525,531.95087,0.6406421541,4,PASSIVE,,TRADE,,0.195,0.235,0.285,0.285,10,,OPEN
0xc4db525266e8328b6bba4a3b923a1c41c44c002d617673fc04047b73aa1e324f,2026-03-06T21:56:13Z,bitcoin-up-or-down-march-6-4pm-et,Up,SELL,18,0.9,0.93,0.94,0.01,0.935,0.9393634163,0.2815020276,2405.28,6139.17,100,0.01,0,148.194046,0.863854383,24,CROSS,,TRADE,,-0.035,-0.065,-0.075,-0.085,,-0.60276958,REDUCE
0x97b62f954081cdda688b56cc24e37c3c7be9e275ad837a72783abb199945b16b,2026-03-06T21:56:19Z,bitcoin-up-or-down-march-6-4pm-et,Up,SELL,10,0.91,0.93,0.94,0.01,0.935,0.9393634163,0.2815020276,2405.28,6139.17,100,0.01,0,130.194046,0.863854383,6,CROSS,,TRADE,,-0.055,-0.055,-0.075,-0.075,,-0.13138479,REDUCE
0x5f63f5d20ab5d5dd62ed7b729286a032901b9fce8ca36c5d171f89e48ca61441,2026-03-06T21:56:21Z,bitcoin-up-or-down-march-6-4pm-et,Up,SELL,2.197801,0.9099995859,0.93,0.94,0.01,0.935,0.9393634163,0.2815020276,2405.28,6139.17,100,0.01,0,120.194046,0.863854383,2,CROSS,,TRADE,,-0.0550004141,-0.0550004141,-0.0750004141,-0.0750004141,,-0.0219789201,REDUCE
0xc32b155392505386cad571f09bd48adc768ab22661341b620f2c5215bd58fca2,2026-03-06T21:56:21Z,ethereum-up-or-down-march-6-4pm-et,Up,SELL,25,0.76,0.85,0.86,0.01,0.855,0.8573778209,0.5036481256,3263.66,3216.38,87.0967741935,0.0125806452,0.0077320726,556.95087,0.6424088201,10,CROSS,,TRADE,,-0.185,-0.205,-0.205,-0.225,,-0.4402415846,REDUCE
0x637ab9c5c0c0ed2899e0d5e4feaa234a2d756cd30d6603a5bdaa242d50aba323,2026-03-06T21:56:23Z,ethereum-up-or-down-march-6-4pm-et,Up,SELL,5,0.8,0.86,0.87,0.01,0.865,0.8667251462,0.6463806314,3825.83,2093.02,87.5,0.0125,0.0076200076,531.95087,0.6424088201,2,CROSS,,TRADE,,-0.145,-0.165,-0.165,-0.185,,0,REDUCE
0x6cccc263854c1b9ef0c687fecea4efaea7f6c016b3b9e34de110c50563554fe0,2026-03-06T21:56:23Z,ethereum-up-or-down-march-6-4pm-et,Up,SELL,45,0.7777777778,0.86,0.87,0.01,0.865,0.8667251462,0.6463806314,3825.83,2093.02,87.8787878788,0.0124242424,0.0075126157,526.95087,0.6424088201,0,CROSS,,TRADE,,-0.1672222222,-0.1872222222,-0.1872222222,-0.2117222222,,1.6663701418,REDUCE
0x6e0c6e4e7cdc4db72e1de16d3e14e766327f293e21940b55bd93a69fcc100f67,2026-03-06T21:56:31Z,bitcoin-up-or-down-march-6-4pm-et,Up,BUY,18,0.9,0.96,0.97,0.01,0.965,0.969364466,0.4753281733,4817.76,5317.89,100,0.01,0,117.996245,0.863854383,10,PASSIVE,,TRADE,,0.065,0.075,0.075,0.0975,2,,OPEN
0x2b8a815bb72dfc956d9a8824b13911203fb5f5c63f950ca47d8dfd21e19d20a4,2026-03-06T21:56:33Z,bitcoin-up-or-down-march-6-4pm-et,Up,SELL,30,0.93,0.96,0.97,0.01,0.965,0.969364466,0.4753281733,4817.76,5317.89,100,0.01,0,135.996245,0.8686384938,2,CROSS,,TRADE,,-0.035,-0.045,-0.055,-0.0675,,0.1235593212,REDUCE
0xf09500148573fd7348a04516d1006aef931705b6adb82b24459a0a38e86f5b04,2026-03-06T21:56:35Z,bitcoin-up-or-down-march-6-4pm-et,Up,SELL,18,0.95,0.96,0.97,0.01,0.965,0.9689979157,0.4742104875,4817.86,5341.89,100,0.01,0,105.996245,0.8686384938,2,CROSS,,TRADE,,-0.025,-0.035,-0.035,-0.0475,,1.6200000072,REDUCE
0x65cac5efe13dd21640ba479f79a9b4612d9cf9407021d9f976201b1987b0a3b3,2026-03-06T21:56:43Z,ethereum-up-or-down-march-6-4pm-et,Up,BUY,14.96406,0.89,0.96,0.97,0.01,0.965,0.9618811881,0.7308317212,3679.46,1355.16,96.1538461538,0.0103846154,0.0019611614,481.95087,0.6424088201,20,PASSIVE,,TRADE,,0.075,0.075,0.075,0.0995,,,OPEN
0x964ac9afa5462d995f0dcfce7f049de636a7e3a0fad0f9c3f021dbcec554d49a,2026-03-06T21:56:47Z,ethereum-up-or-down-march-6-4pm-et,Up,BUY,20,0.94,0.95,0.96,0.01,0.955,0.9560795902,0.5873218848,2085.21,1465.16,96.1538461538,0.0103846154,0.0019611614,496.91493,0.6498647628,4,PASSIVE,,TRADE,,0.015,0.015,0.025,0.0495,,,OPEN
0xcf7ec67f9008483aa7dc590e1a84e5ed514e4e87187b58794c7d9d3f9125dc52,2026-03-06T21:56:47Z,ethereum-up-or-down-march-6-4pm-et,Up,BUY,5,0.94,0.95,0.96,0.01,0.955,0.9560795902,0.5873218848,2085.21,1465.16,96.2962962963,0.0103703704,0.0019245009,516.91493,0.6610904102,0,PASSIVE,,TRADE,,0.015,0.015,0.045,0.0495,,,OPEN
0x0713c4195fe1947d242100adc0282cac427352cbf20e456f9c91d2defca60d89,2026-03-06T21:56:47Z,ethereum-up-or-down-march-6-4pm-et,Up,BUY,19.9841,0.94,0.95,0.96,0.01,0.955,0.9560795902,0.5873218848,2085.21,1465.16,96.4285714286,0.0103571429,0.0018898224,521.91493,0.6637623935,0,PASSIVE,,TRADE,,0.015,0.015,0.045,0.0495,,,OPEN
0x1267b2a21d796d0aeef926e1a11408a7dca0c2a1dd8a66b964e56531f7c3e0a6,2026-03-06T21:56:49Z,ethereum-up-or-down-march-6-4pm-et,Up,BUY,16.83,0.94,0.95,0.96,0.01,0.955,0.9556149927,0.5873218848,2085.21,1465.16,96.5517241379,0.0103448276,0.0018569534,541.89903,0.6739494572,2,PASSIVE,,TRADE,,0.015,0.025,0.045,0.0495,,,OPEN
0x833c832150e3ed3e3032804a21b43ff540dbcd3f3b2e91c67a372be9bb3fb272,2026-03-06T21:56:49Z,bitcoin-up-or-down-march-6-4pm-et,Up,SELL,18,0.97,0.97,0.98,0.01,0.975,0.9702026342,0.4539818265,4505.47,5418.87,100,0.01,0,87.996245,0.8686384938,14,CROSS,,TRADE,,-0.005,-0.005,-0.015,-0.026,,1.9800000072,REDUCE
0x15fba7f037b2e40661f3be0591355905b70f5d0d7fce43dd141bb67b84ad950b,2026-03-06T21:56:51Z,ethereum-up-or-down-march-6-4pm-et,Up,BUY,44.97462,0.95,0.95,0.96,0.01,0.955,0.9534810246,0.5656803401,1908.3,1465.16,96.6666666667,0.0103333333,0.0018257419,558.72903,0.6819634146,2,PASSIVE,,TRADE,,0.005,0.015,0.035,0.0395,,,OPEN
0xa503316f3fd6f1e85167c5e5be3d62d62d406a2036f27ddf510da0e4424685da,2026-03-06T21:56:51Z,ethereum-up-or-down-march-6-4pm-et,Up,BUY,8.17,0.94,0.95,0.96,0.01,0.955,0.9541602656,0.5656803401,1908.3,1465.16,96.7741935484,0.0103225806,0.001796053,603.70365,0.7019315622,0,PASSIVE,,TRADE,,0.015,0.025,0.045,0.0495,,,OPEN
0xefa0dfc03bd3bbd69abc8d7a2e23b598fff4c7df5e7d5ce9ee876b09e785a73f,2026-03-06T21:56:55Z,bitcoin-up-or-down-march-6-4pm-et,Down,BUY,18,0.02,0.02,0.03,0.01,0.025,0.0297918835,0.5444341307,5401.87,4520.12,100,0.01,0,193.621238,0.2356901144,92,PASSIVE,,TRADE,,0.005,-0.005,-0.0175,-0.016,,,OPEN
0x2f1a12d54c73f5742f4d73a7fae5634e3868ab17ed21d7f53e5bdbe33b714fcb,2026-03-06T22:00:11Z,solana-up-or-down-march-6-5pm-et,Down,BUY,60.268628,0.489999998,0.48,0.49,0.01,0.485,0.481332028,0.4178024369,1850.94,2579.24,,,,0,0,,PASSIVE,,TRADE,,-0.004999998,-0.004999998,-0.024999998,-0.024999998,30,,OPEN
0x16de25f15247284700285e4ff8cad1fe16296a6a1ff5be83290079bbd1c503a9,2026-03-06T22:00:11Z,solana-up-or-down-march-6-5pm-et,Down,BUY,42.32867,0.49,0.48,0.49,0.01,0.485,0.481332028,0.4178024369,1850.94,2579.24,100,0.01,0,60.268628,0.489999998,0,CROSS,,TRADE,,-0.005,-0.005,-0.025,-0.025,30,,OPEN
0x6379dbce79ac208cba5397e7fccc59a63d2f8e6e294b299f7993e30747919c90,2026-03-06T22:00:19Z,solana-up-or-down-march-6-5pm-et,Down,BUY,5,0.48,0.48,0.49,0.01,0.485,0.481332028,0.4178024369,1850.94,2579.24,100,0.01,0,102.597298,0.4899999988,8,PASSIVE,,TRADE,,0.005,0.005,-0.005,-0.045,22,,OPEN
0xc4aca00f03b1166fa5c31e619143e0bd50bfefecc4a3edd61c1c25d2eefcb776,2026-03-06T22:00:21Z,solana-up-or-down-march-6-5pm-et,Down,BUY,5,0.48,0.48,0.49,0.01,0.485,0.481332028,0.4178024369,1850.94,2579.24,100,0.01,0,107.597298,0.4895353032,2,PASSIVE,,TRADE,,0.005,0.005,-0.01,-0.045,20,,OPEN
0xa259658c5a8292ecf979324e693efc02cd374408a73ebc284f7e444fba8edaa1,2026-03-06T22:00:21Z,solana-up-or-down-march-6-5pm-et,Down,BUY,10,0.48,0.48,0.49,0.01,0.485,0.481332028,0.4178024369,1850.94,2579.24,100,0.01,0,112.597298,0.4891118782,0,PASSIVE,,TRADE,,0.005,0.005,-0.01,-0.045,20,,OPEN
0x38f35e9e04f5e6694ce5d9009984011fd39272a8cec3a921c8d3ea2a48a27671,2026-03-06T22:00:25Z,xrp-up-or-down-march-6-5pm-et,Up,BUY,2,0.5,0.53,0.54,0.01,0.535,0.5387562189,0.6364253629,2268.29,1295.82,,,,0,0,,PASSIVE,,TRADE,,0.035,0.035,0.035,0.045,116,,OPEN
0x5068d991621dfb07c12c5ed345759ca3569ae8b08be228b946f833c14a2b86f9,2026-03-06T22:00:25Z,solana-up-or-down-march-6-5pm-et,Down,BUY,5,0.48,0.46,0.47,0.01,0.465,0.4626666667,0.3616979474,1748.9,3086.35,100,0.01,0,122.597298,0.4883686417,4,CROSS,,TRADE,,-0.015,-0.015,-0.025,-0.055,16,,OPEN
0x9146035285060e57741b17762df05bd999feed2af78d7ca1c69450a89616c0b3,2026-03-06T22:00:39Z,xrp-up-or-down-march-6-5pm-et,Up,BUY,29.53275,0.52,0.54,0.55,0.01,0.545,0.54125,0.5445721022,1759.91,1471.82,100,0.01,0,2,0.5,14,PASSIVE,,TRADE,,0.025,0.025,0.015,0.03,102,,OPEN
0xd503556f51160f76fc70ff2b1e2db681c7aa443e1073bbcd90956ad24d4aa3fd,2026-03-06T22:00:39Z,solana-up-or-down-march-6-5pm-et,Up,BUY,4.92244,0.53,0.54,0.56,0.02,0.55,0.5413906061,0.5760148322,2479.26,1824.9,,,,0,0,,PASSIVE,,TRADE,,0.02,0.02,0.005,0.06,164,,OPEN
0xbe4b0462b6d55e2ec3b06fe9f9fba22bebc738ebe657153911257538de693770,2026-03-06T22:00:41Z,solana-up-or-down-march-6-5pm-et,Down,SELL,25,0.47,0.44,0.46,0.02,0.45,0.4598761146,0.4264622029,1824.9,2454.26,100,0.010952381,0.003007926,127.597298,0.4880407099,16,PASSIVE,,TRADE,,0.02,0.02,0.005,0.06,,-0.49999995,REDUCE
0x37d97d18f727822e1f72ba11c4bf0a1ba74ee6c219a69ae07ebe6a8868bdce4e,2026-03-06T22:00:49Z,bitcoin-up-or-down-march-6-5pm-et,Up,BUY,18,0.51,0.5,0.51,0.01,0.505,0.504070582,0.4464727133,6677.37,8278.46,,,,0,0,,CROSS,,TRADE,,-0.005,-0.005,0.02,0.025,54,,OPEN
0x32af9dd76e6d723a4cf9467adf1e54f6d6577cd33207b2b5c765e4872c85e4fa,2026-03-06T22:00:57Z,bitcoin-up-or-down-march-6-5pm-et,Down,BUY,29.53163,0.49,0.46,0.47,0.01,0.465,0.4698473174,0.4095678794,5793.01,8351.19,,,,0,0,,CROSS,,TRADE,,-0.025,-0.025,-0.035,-0.015,1050,,OPEN
0x311892a5b56736724023257738ffa9ddeebf37c4c189c0fcac28f8ee5564a953,2026-03-06T22:00:57Z,bitcoin-up-or-down-march-6-5pm-et,Up,BUY,18,0.47,0.53,0.54,0.01,0.535,0.5301526826,0.5909201556,8350.73,5781.01,100,0.01,0,18,0.51,8,PASSIVE,,TRADE,,0.065,0.065,0.075,0.055,46,,OPEN
0xfde7f6e6a57887862f9e5e3e9681aa05901ff024053e309108b9165f4c0c786e,2026-03-06T22:01:07Z,bitcoin-up-or-down-march-6-5pm-et,Down,BUY,5.28,0.49,0.46,0.47,0.01,0.465,0.4698473174,0.4095678794,5793.01,8351.19,100,0.01,0,29.53163,0.49,10,CROSS,,TRADE,,-0.025,-0.025,-0.015,0.015,1040,,OPEN
0xb6f75b1dfcb904c5fb8a23de42d9c6e9aac622708a4a219706f295732abb0148,2026-03-06T22:01:11Z,solana-up-or-down-march-6-5pm-et,Down,BUY,10,0.44,0.45,0.46,0.01,0.455,0.450174972,0.3514448323,1533.28,2829.51,84,0.0116,0.0037416574,102.597298,0.4880407099,30,PASSIVE,,TRADE,,-0.005,-0.005,-0.03,0.025,96,,OPEN
0x98b9c829f995468dc65f6ab3a1ad748db0c64d4abbb409fdb79d6516a71116ff,2026-03-06T22:01:17Z,solana-up-or-down-march-6-5pm-et,Down,BUY,17.9,0.46,0.41,0.43,0.02,0.42,0.4102728614,0.3863698383,1854.78,2945.75,100,0.0118518519,0.0039584739,112.597298,0.4837741147,6,CROSS,,TRADE,,-0.045,-0.045,-0.045,-0.015,90,,OPEN
0x758a823d78599e4b0e0e03ded0eeabd17743dbacdb7a37af820befd1238d2afb,2026-03-06T22:01:17Z,solana-up-or-down-march-6-5pm-et,Down,BUY,2.1,0.46,0.41,0.43,0.02,0.42,0.4102728614,0.3863698383,1854.78,2945.75,100,0.0121428571,0.0041785545,130.497298,0.4805130766,0,CROSS,,TRADE,,-0.045,-0.045,-0.045,-0.015,90,,OPEN
0xf5013226e1c918d639468e7e25cb1d90a297cf8bb33d44f58ceeef1a52fc6648,2026-03-06T22:01:17Z,solana-up-or-down-march-6-5pm-et,Down,BUY,5,0.46,0.41,0.42,0.01,0.415,0.4104113396,0.4131722921,1854.78,2634.34,79.3103448276,0.0120689655,0.0041225082,132.597298,0.4801882023,0,CROSS,,TRADE,,-0.045,-0.045,-0.045,-0.015,90,,OPEN
0xcb2a2266c5cbb974c2757d67d307fb10e2f99f0e1db4583ef1c2603cb6b64099,2026-03-06T22:01:21Z,bitcoin-up-or-down-march-6-5pm-et,Down,BUY,18,0.46,0.45,0.46,0.01,0.455,0.4552076345,0.4570196174,6906.06,8205.02,100,0.01,0,34.81163,0.49,14,CROSS,,TRADE,,-0.005,-0.005,0.015,0.025,1026,,OPEN
0x453585d75320d156be012b75bd942a4bbc40e92e40abe206c8bd9287210c7632,2026-03-06T22:01:41Z,bitcoin-up-or-down-march-6-5pm-et,Up,BUY,18,0.49,0.53,0.54,0.01,0.535,0.5387910986,0.6233548406,10045.65,6069.81,100,0.01,0,36,0.49,44,PASSIVE,,TRADE,,0.045,0.035,0.005,0.035,2,,OPEN
0x4a6b1380c7b374447c5787a5b48df2acad6765fc42724405ebf657f7b1617f89,2026-03-06T22:01:43Z,bitcoin-up-or-down-march-6-5pm-et,Up,SELL,17.2,0.53,0.53,0.54,0.01,0.535,0.5387910986,0.6233548406,10045.65,6069.81,100,0.01,0,54,0.49,2,CROSS,,TRADE,,-0.005,0.005,0.045,0.005,,0.344,REDUCE
0x7c54c154244317e52b082a327101e92c395e6c5a28ec473fa18c73e37936580f,2026-03-06T22:01:43Z,bitcoin-up-or-down-march-6-5pm-et,Up,SELL,0.8,0.53,0.53,0.54,0.01,0.535,0.5387910986,0.6233548406,10045.65,6069.81,100,0.01,0,36.8,0.49,0,CROSS,,TRADE,,-0.005,0.005,0.045,0.005,,0.016,REDUCE
0x38a3bd7ca8063c82faaa5299883cfba5de6048b894a23e81d82de2d92fa5737f,2026-03-06T22:01:43Z,solana-up-or-down-march-6-5pm-et,Down,BUY,5,0.41,0.41,0.42,0.01,0.415,0.4125,0.4208831929,1921.82,2644.34,65.3846153846,0.0138461538,0.0057109881,137.597298,0.4794546049,26,PASSIVE,,TRADE,,0.005,0.005,0.05,0.015,64,,OPEN
0x85ae8b5dad7b24ccf3977a0fa3eb26f7cfb94d5e13c9a780120e8c0e6134468c,2026-03-06T22:01:45Z,bitcoin-up-or-down-march-6-5pm-et,Up,SELL,7.45,0.54,0.49,0.5,0.01,0.495,0.4935502959,0.5132114321,7826.5,7423.55,100,0.01,0,36,0.49,2,PASSIVE,,TRADE,,0.045,0.045,0.035,0.015,,0.5215,REDUCE
0xef3aef0004d4e04dd9f6b79952d5e2ac91a2152a8f3db5ed422159445cd4c33c,2026-03-06T22:01:45Z,bitcoin-up-or-down-march-6-5pm-et,Up,SELL,8.69,0.54,0.49,0.5,0.01,0.495,0.4935502959,0.5132114321,7826.5,7423.55,100,0.01,0,28.55,0.49,0,PASSIVE,,TRADE,,0.045,0.045,0.035,0.015,,0.6083,REDUCE
0xf625c9b13bd4a9f87e677fa62f26fb66a62730cbe1ccfe595051c36fa157052c,2026-03-06T22:01:45Z,bitcoin-up-or-down-march-6-5pm-et,Up,SELL,18,0.55,0.49,0.5,0.01,0.495,0.4935502959,0.5132114321,7826.5,7423.55,100,0.01,0,19.86,0.49,0,PASSIVE,,TRADE,,0.055,0.055,0.045,0.025,,1.1172,REDUCE
0xfad17bf6c843dc2e7877f063194fb691d829e62613c1a99b2cf44e05ba0f8224,2026-03-06T22:01:59Z,solana-up-or-down-march-6-5pm-et,Down,BUY,10,0.41,0.45,0.46,0.01,0.455,0.4596732987,0.5251448662,2419.71,2187.99,76,0.0128,0.0054160256,142.597298,0.4770192641,16,PASSIVE,,TRADE,,0.045,0.055,0.005,0.01,48,,OPEN
0x601b4b9052e60fec6a226eb1776a162a331bc37a419e9960d040b7859931791f,2026-03-06T22:02:01Z,xrp-up-or-down-march-6-5pm-et,Down,BUY,10,0.45,0.45,0.47,0.02,0.46,0.455,0.4569608922,1648.82,1959.41,,,,0,0,,PASSIVE,,TRADE,,0.01,0.005,-0.005,0.035,348,,OPEN
0x7171a379b09e328994af78c86cc57575d75b8f9997b90bac8eef781748b5b0b5,2026-03-06T22:02:03Z,xrp-up-or-down-march-6-5pm-et,Down,BUY,5,0.45,0.44,0.45,0.01,0.445,0.4470504153,0.5214408543,1734.5,1591.86,25,0.0175,0.0046291005,10,0.45,2,CROSS,,TRADE,,-0.005,-0.005,0,0.035,346,,OPEN
0x460d43bc3aeb9ff800a05c88e40b17a513b41788556117a73ec62736be99a0ae,2026-03-06T22:02:07Z,xrp-up-or-down-march-6-5pm-et,Down,BUY,10,0.45,0.44,0.45,0.01,0.445,0.4470504153,0.5214408543,1734.5,1591.86,33.3333333333,0.0166666667,0.005,15,0.45,4,CROSS,,TRADE,,-0.005,-0.005,0,0.035,342,,OPEN
0xa4d120391988af3d37f5054f4d2d2730cc889c6e4c3330f7d7033ffa81af3fa1,2026-03-06T22:02:07Z,xrp-up-or-down-march-6-5pm-et,Down,BUY,5,0.45,0.44,0.45,0.01,0.445,0.4470504153,0.5214408543,1734.5,1591.86,40,0.016,0.0051639778,25,0.45,0,CROSS,,TRADE,,-0.005,-0.005,0,0.035,342,,OPEN
0x06c5119ff42440f96f131d4fd372075d31cee2a1002ec365f4f27ff0ecf73231,2026-03-06T22:02:11Z,xrp-up-or-down-march-6-5pm-et,Down,BUY,10,0.45,0.44,0.45,0.01,0.445,0.4470504153,0.5214408543,1734.5,1591.86,45.4545454545,0.0154545455,0.0052223297,30,0.45,4,CROSS,,TRADE,,-0.005,-0.005,0.015,0.035,338,,OPEN
0x398f8db4866bded0241b40009f80ffa15cb6eae62565561060162495d5ae91e4,2026-03-06T22:02:15Z,xrp-up-or-down-march-6-5pm-et,Down,BUY,10,0.45,0.44,0.45,0.01,0.445,0.4470504153,0.5214408543,1734.5,1591.86,50,0.015,0.0052223297,40,0.45,4,CROSS,,TRADE,,-0.005,-0.005,0.015,0.035,334,,OPEN
0x56e9e813e7c2f49c81750d65dba484d41a52056aa7beae17d5477ba351d55f63,2026-03-06T22:02:19Z,bitcoin-up-or-down-march-6-5pm-et,Up,SELL,5.52,0.51,0.51,0.52,0.01,0.515,0.518950214,0.5712149033,8974.9,6737.05,100,0.01,0,1.86,0.49,34,CROSS,,TRADE,,-0.005,-0.015,-0.005,-0.005,,0.0372,CLOSE
0x07494be8d57b40bf1ae72ebc26dc70cb5331de0db67240eb748653ee43430a5b,2026-03-06T22:02:21Z,xrp-up-or-down-march-6-5pm-et,Up,SELL,20,0.56,0.53,0.54,0.01,0.535,0.5375889671,0.4710752404,1674.55,1880.19,50,0.0159090909,0.0066612532,31.53275,0.5187314776,102,PASSIVE,,TRADE,,0.025,0.025,0.035,0.035,,0.84,REDUCE
0xe5ba6e6ec0859c339203b5f5fc0d789c2dce0779c3dd99eef1aa9a2770a23c86,2026-03-06T22:02:25Z,bitcoin-up-or-down-march-6-5pm-et,Up,SELL,18,0.52,0.52,0.53,0.01,0.525,0.5204041435,0.4501986788,6840.94,8354.44,96.5517241379,0.0103448276,0.0018569534,0,0,6,CROSS,,TRADE,,-0.005,-0.005,0.015,0.005,,0,FLIP
0x5f3a8781023502632b8b24a5e6667b4519f60104c4f19c1739c8c8e7330c7e82,2026-03-06T22:02:27Z,xrp-up-or-down-march-6-5pm-et,Down,BUY,10,0.44,0.46,0.47,0.01,0.465,0.4642292927,0.5253015626,1875.19,1694.55,52.6315789474,0.0147368421,0.0051298918,50,0.45,12,PASSIVE,,TRADE,,0.025,0.025,0.045,0.035,322,,OPEN
0x03be211471631174cbb8b4a0321a4ff1311c72599d3dad72299b0e662a0aa814,2026-03-06T22:02:35Z,solana-up-or-down-march-6-5pm-et,Down,BUY,10,0.4,0.43,0.44,0.01,0.435,0.432863816,0.4819652671,2192.46,2356.54,70.8333333333,0.0133333333,0.005646597,152.597298,0.4726273604,36,PASSIVE,,TRADE,,0.035,0.025,0.025,0.01,12,,OPEN
0x1e81d385c8d0a40ba948acac27cf5365e304b366c54bcc823444bb1b052d30cd,2026-03-06T22:02:37Z,solana-up-or-down-march-6-5pm-et,Down,BUY,7.22,0.4,0.42,0.44,0.02,0.43,0.4325858217,0.478713539,2271.4,2473.4,100,0.0125,0.0044232587,162.597298,0.4681606588,2,PASSIVE,,TRADE,,0.03,0.03,0.025,0.01,10,,OPEN
0x193af9e4c8497b4b956d964354588ad56f7ff7fadf4850a1c445224c413feee0,2026-03-06T22:02:45Z,solana-up-or-down-march-6-5pm-et,Up,BUY,25,0.57,0.56,0.58,0.02,0.57,0.5696648438,0.5182282937,2473.4,2299.4,100,0.0127272727,0.0045584231,4.92244,0.53,126,PASSIVE,,TRADE,,0,0,0.015,0.02,38,,OPEN
0xa5974674f7cec84836fb61e8f2249e1a716ca052b1e15ac871f1379979dec71c,2026-03-06T22:02:47Z,solana-up-or-down-march-6-5pm-et,Down,SELL,6.643635,0.4399999398,0.42,0.44,0.02,0.43,0.4321736852,0.4757057887,2271.4,2503.4,100,0.0128,0.0045825757,169.817298,0.4652627211,10,PASSIVE,,TRADE,,0.0099999398,0.0099999398,0.0249999398,0.0449999398,,-0.3321821367,REDUCE
0x7c52b65adbc741157382b5e0c0bd6c93348e8e3128afd514438a78edaf767134,2026-03-06T22:02:49Z,solana-up-or-down-march-6-5pm-et,Down,SELL,2.5,0.44,0.42,0.44,0.02,0.43,0.4321736852,0.4757057887,2271.4,2503.4,100,0.0130769231,0.0047067872,163.173663,0.4652627211,2,PASSIVE,,TRADE,,0.01,0.02,0.025,0.045,,-0.124999995,REDUCE
0x5c52a15143effaf7672164d7e724bd39f3f7042d32d30c00d2518d92905136b2,2026-03-06T22:02:49Z,solana-up-or-down-march-6-5pm-et,Down,SELL,6,0.44,0.42,0.44,0.02,0.43,0.4321400047,0.4753943965,2266.4,2501.01,100,0.0133333333,0.0048038446,160.673663,0.4652627211,0,PASSIVE,,TRADE,,0.01,0.02,0.025,0.045,,-0.299999988,REDUCE
0xd6dff23fcf7c4d463ade97d9089a8f948339598e731a3111954d300436a2cfb3,2026-03-06T22:02:51Z,xrp-up-or-down-march-6-5pm-et,Down,BUY,10,0.46,0.48,0.49,0.01,0.485,0.4882764629,0.4334786344,1902.36,2486.23,64,0.0136,0.0048989795,60,0.4483333333,24,PASSIVE,,TRADE,,0.025,0.025,0.015,0,298,,OPEN
0x60e27164d936926e49bf6841fff1e96fff9dce268cae9ca8ca3837e6fba9ed1c,2026-03-06T22:02:55Z,xrp-up-or-down-march-6-5pm-et,Down,BUY,5,0.47,0.48,0.49,0.01,0.485,0.4880759364,0.4752426391,1512.07,1669.61,78.5714285714,0.0121428571,0.0041785545,70,0.45,4,PASSIVE,,TRADE,,0.015,0.015,0.005,-0.005,294,,OPEN
0xd84849100901109d9c3ac11535d0e1b9cee0127e34a42a8b05a72e256b7b6372,2026-03-06T22:02:55Z,solana-up-or-down-march-6-5pm-et,Down,SELL,8.409089,0.439999981,0.41,0.42,0.01,0.415,0.4172727273,0.4713776864,1971.82,2211.28,61.5384615385,0.0138461538,0.0049613894,154.673663,0.4652627211,6,PASSIVE,,TRADE,,0.024999981,0.024999981,0.024999981,0.009999981,,-0.420454593,REDUCE
0xe7e50dd21f6c3ad3dd364c8352d5356cf4f079e44c7540c50895d57b742c0a4e,2026-03-06T22:02:55Z,xrp-up-or-down-march-6-5pm-et,Down,BUY,10,0.47,0.48,0.49,0.01,0.485,0.4877928193,0.4752426391,1512.07,1669.61,79.3103448276,0.0120689655,0.0041225082,75,0.4513333333,0,PASSIVE,,TRADE,,0.015,0.015,0.005,-0.005,294,,OPEN
0x1233bdaf64562ac92e4b0961af61c066a6acb6231b0f55386071f89a77ece18c,2026-03-06T22:02:57Z,solana-up-or-down-march-6-5pm-et,Down,SELL,1.44,0.44,0.41,0.42,0.01,0.415,0.4172727273,0.4713776864,1971.82,2211.28,62.962962963,0.0137037037,0.0049210288,146.264574,0.4652627211,2,PASSIVE,,TRADE,,0.025,0.025,0.025,0.015,,-0.0719999971,REDUCE
0xaf294d6cf036bfc9130a7fd5cf35990cef0a9a1a99cfdbf7d673f94813acd1cc,2026-03-06T22:02:59Z,xrp-up-or-down-march-6-5pm-et,Down,BUY,5,0.47,0.48,0.49,0.01,0.485,0.4881918997,0.4771020089,1537.07,1684.61,80,0.012,0.004068381,85,0.4535294118,4,PASSIVE,,TRADE,,0.015,0.015,0.005,-0.005,290,,OPEN
0x7fd7410ed878783cd19bdb2791b3fc348f0f6f3dba0298e2f16e14348215d87e,2026-03-06T22:03:07Z,solana-up-or-down-march-6-5pm-et,Down,BUY,10,0.41,0.41,0.42,0.01,0.415,0.4175,0.4720087868,1976.82,2211.28,64.2857142857,0.0135714286,0.0048795004,144.824574,0.4652627211,10,PASSIVE,,TRADE,,0.005,0.005,0,0.055,82,,OPEN
0x464e391f88691bcd74908e53adc662a2cb152b6bdf448d434c3ae5b87ac6df6b,2026-03-06T22:03:23Z,solana-up-or-down-march-6-5pm-et,Up,SELL,5,0.59,0.58,0.6,0.02,0.59,0.5865840009,0.5394352756,2306.28,1969.08,100,0.0136363636,0.0049236596,29.92244,0.5634197345,38,PASSIVE,,TRADE,,0,0,0.02,0.065,,0.2968976,REDUCE
0xa6b9775232e62182142e4e8f68052358b2feb9446196aeba322a5e61226b6d19,2026-03-06T22:03:33Z,solana-up-or-down-march-6-5pm-et,Down,BUY,5,0.4,0.39,0.4,0.01,0.395,0.391681736,0.4615170844,1743.75,2034.55,57.6923076923,0.0142307692,0.0050383147,154.824574,0.4616933445,26,CROSS,,TRADE,,-0.005,-0.005,0.065,0.055,56,,OPEN
0xfc2d2fa76be2741486f7684e0abc52e20237fd0f0911b1f66d5e707c25ac13cb,2026-03-06T22:03:43Z,xrp-up-or-down-march-6-5pm-et,Down,BUY,20,0.45,0.46,0.47,0.01,0.465,0.4635714286,0.3927639766,1312.9,2029.82,95.652173913,0.0104347826,0.0020851441,90,0.4544444444,44,PASSIVE,,TRADE,,0.015,0.015,0.035,0.035,246,,OPEN
0xd0f050dca722d1cc99307d8c40363d6d6cf6c2f73d6d8a9f2ed79469ae47482b,2026-03-06T22:03:47Z,bitcoin-up-or-down-march-6-5pm-et,Up,SELL,18,0.53,0.52,0.53,0.01,0.525,0.5222436868,0.4957503652,7902.94,8038.43,94.7368421053,0.0105263158,0.0022941573,0,0,82,PASSIVE,,TRADE,,0.005,0.005,0.005,-0.065,,0,FLIP
0x668f9400283a22b34679f590f7420f239ff3cc51f7478a68624cb0e70c10de78,2026-03-06T22:03:53Z,solana-up-or-down-march-6-5pm-et,Down,BUY,1.26,0.38,0.46,0.47,0.01,0.465,0.4697458123,0.6593672232,2591.3,1338.68,69.5652173913,0.0130434783,0.0047047197,159.824574,0.4597633114,20,PASSIVE,,TRADE,,0.085,0.085,0.095,0.095,36,,OPEN
0x3bce6fb23a02711ec46969638eb45725ff0cface61eafc1fdcdd702ca8910e7d,2026-03-06T22:03:53Z,solana-up-or-down-march-6-5pm-et,Down,BUY,2.5,0.38,0.46,0.47,0.01,0.465,0.4697458123,0.6593672232,2591.3,1338.68,70.8333333333,0.0129166667,0.0046430562,161.084574,0.4591394045,0,PASSIVE,,TRADE,,0.085,0.085,0.095,0.095,36,,OPEN
0xd57c27b4db129384d0cbbbfa3421dc06908e5817f18707e578a409c5087c2ed9,2026-03-06T22:04:01Z,solana-up-or-down-march-6-5pm-et,Down,BUY,7.84,0.42,0.46,0.47,0.01,0.465,0.4697458123,0.6593672232,2591.3,1338.68,72,0.0128,0.0045825757,163.584574,0.4579299475,8,PASSIVE,,TRADE,,0.045,0.055,0.035,0.07,28,,OPEN
0xef1c60f93c8b6e1976d889a51eb306178debafddc83d09380a4aa0d3006f10b5,2026-03-06T22:04:05Z,solana-up-or-down-march-6-5pm-et,Down,BUY,10,0.42,0.47,0.48,0.01,0.475,0.4774333968,0.5175253802,2090.58,1948.99,70.8333333333,0.0129166667,0.0046430562,171.424574,0.4561952441,4,PASSIVE,,TRADE,,0.055,0.055,0.045,0.075,24,,OPEN
0x728eb07ba18d7ff4ac707e0f23ab192aabdde2fa63d42838aedbde0d6e91c106,2026-03-06T22:04:05Z,bitcoin-up-or-down-march-6-5pm-et,Up,BUY,18,0.54,0.53,0.54,0.01,0.535,0.5395314019,0.6146919365,9624.33,6032.83,95.2380952381,0.0104761905,0.0021821789,0,0,18,CROSS,,TRADE,,-0.005,-0.005,0.015,0.025,328,,OPEN
0xd7c327eafa03f383b9f6528426aba397ea41e2194c764e19b1f08a01cd98c32f,2026-03-06T22:04:29Z,solana-up-or-down-march-6-5pm-et,Down,SELL,25,0.48,0.46,0.47,0.01,0.465,0.4620689655,0.4968014871,2277.03,2306.35,80,0.012,0.0040824829,181.424574,0.4542001867,24,PASSIVE,,TRADE,,0.015,0.015,-0.01,-0.045,,-0.2499999794,REDUCE
0x7f9a8b9757593c6b0632894341d0b877cdb7de7adc50631d7142353f5db944e7,2026-03-06T22:04:39Z,solana-up-or-down-march-6-5pm-et,Down,BUY,10,0.45,0.48,0.49,0.01,0.485,0.4886640331,0.6603878604,2550.9,1311.83,92.5925925926,0.0107407407,0.0026688026,156.424574,0.4542001867,10,PASSIVE,,TRADE,,0.035,0.035,0.045,0.105,526,,OPEN
0xaba6f25c58a16be640e3001535d66cc90b263d67508d97e4d9a1ca4c764d2aa8,2026-03-06T22:04:41Z,bitcoin-up-or-down-march-6-5pm-et,Down,BUY,1.785713,0.4400001568,0.42,0.43,0.01,0.425,0.4246114095,0.4623287245,7056.38,8206.31,100,0.01,0,52.81163,0.4797749795,200,CROSS,,TRADE,,-0.0150001568,-0.0150001568,0.0049998432,0.0449998432,826,,OPEN
0xe7ac7b9bee79d2ee232da25d899700434838d6e71c9b840e4b770376556d5c3b,2026-03-06T22:04:41Z,bitcoin-up-or-down-march-6-5pm-et,Down,BUY,3.571427,0.4400000336,0.42,0.43,0.01,0.425,0.4246114095,0.4623287245,7056.38,8206.31,100,0.01,0,54.597343,0.478474066,0,CROSS,,TRADE,,-0.0150000336,-0.0150000336,0.0049999664,0.0449999664,826,,OPEN
0xe25efc0afa6f093304ea6f8bff68b12052e9ff45f3abd242651c841197971b6d,2026-03-06T22:04:41Z,bitcoin-up-or-down-march-6-5pm-et,Down,BUY,1.785713,0.4400001568,0.42,0.43,0.01,0.425,0.4246114095,0.4623287245,7056.38,8206.31,100,0.01,0,58.16877,0.4761118501,0,CROSS,,TRADE,,-0.0150001568,-0.0150001568,0.0049998432,0.0449998432,826,,OPEN
0xe75f00296ff9a43462c2bba14d9087b350467fb4fc95731d796c56f70f1b5f8f,2026-03-06T22:04:57Z,xrp-up-or-down-march-6-5pm-et,Down,BUY,10,0.47,0.51,0.52,0.01,0.515,0.5186356983,0.5944220512,1952.51,1332.21,86.3636363636,0.0118181818,0.0050108108,110,0.4536363636,74,PASSIVE,,TRADE,,0.05,0.05,0.045,0.04,172,,OPEN
0x8bd43c184439c08896aed7b5cbe79e97ebd6bcd47130c3ad61577919ce389593,2026-03-06T22:05:05Z,ethereum-up-or-down-march-6-5pm-et,Down,BUY,0.02954,0.47,0.51,0.53,0.02,0.52,0.5218293978,0.5700672209,4905.97,3699.98,,,,0,0,,PASSIVE,,TRADE,,0.05,0.055,0.065,0.085,600,,OPEN
0xe71fa50b84f69aa6c73c452eb235f8e0fb1d9496c14eefaebec2159d99684ed5,2026-03-06T22:05:13Z,xrp-up-or-down-march-6-5pm-et,Down,BUY,10,0.5,0.51,0.52,0.01,0.515,0.5187557102,0.5505400919,1681.41,1372.7,81.8181818182,0.0122727273,0.0052841345,120,0.455,16,PASSIVE,,TRADE,,0.015,0.015,0.015,0.015,156,,OPEN
0x287e960b926ea20d5d364b50d34c08d96ac066b24435b7185b34b051f6a9f695,2026-03-06T22:05:21Z,xrp-up-or-down-march-6-5pm-et,Down,BUY,10,0.51,0.51,0.52,0.01,0.515,0.5187557102,0.5505400919,1681.41,1372.7,82.6086956522,0.012173913,0.0051843486,130,0.4584615385,8,PASSIVE,,TRADE,,0.005,0.005,0.005,0.005,148,,OPEN
0x275832d269f8324a465ce6628d9b37e0d27a2ab350740c1a2e259005f0f728b2,2026-03-06T22:05:25Z,solana-up-or-down-march-6-5pm-et,Down,BUY,5,0.51,0.54,0.55,0.01,0.545,0.549564839,0.6088119251,2538.35,1631,95,0.0105,0.002236068,166.424574,0.4539478089,46,PASSIVE,,TRADE,,0.04,0.035,0.04,0.01,480,,OPEN
0x2600b5c1c87138c280efc12e763496527ad2bd14d9f790960dec3e1b81c275fe,2026-03-06T22:05:27Z,xrp-up-or-down-march-6-5pm-et,Down,BUY,10,0.51,0.51,0.52,0.01,0.515,0.5197743311,0.5654486047,1770.38,1360.55,81.8181818182,0.0122727273,0.0052841345,140,0.4621428571,6,PASSIVE,,TRADE,,0.005,0.005,0,-0.005,142,,OPEN
0xc23400c5711ba80315da0305d746f7131e97d7ecd48291f9ab01781b836505ed,2026-03-06T22:05:27Z,xrp-up-or-down-march-6-5pm-et,Down,BUY,10,0.51,0.51,0.52,0.01,0.515,0.5197743311,0.5654486047,1770.38,1360.55,82.6086956522,0.012173913,0.0051843486,150,0.4653333333,0,PASSIVE,,TRADE,,0.005,0.005,0,-0.005,142,,OPEN
0x25244ef833801fcaea7ee45692d630194856093cdf329e0ad0d9732af7061326,2026-03-06T22:05:31Z,ethereum-up-or-down-march-6-5pm-et,Down,BUY,44.30193,0.53,0.56,0.57,0.01,0.565,0.5630325815,0.5670943978,4882.11,3726.88,90.9090909091,0.0109090909,0.0030151134,0.02954,0.47,26,PASSIVE,,TRADE,,0.035,0.035,0.025,0.005,574,,OPEN
0x1c9d429d5d86517cea5d8b8ff5048685e82a7f43a23de6495679ec387f00e326,2026-03-06T22:05:37Z,solana-up-or-down-march-6-5pm-et,Down,BUY,5,0.53,0.54,0.56,0.02,0.55,0.5531389365,0.5748164253,2543.35,1881.28,100,0.010952381,0.003007926,171.424574,0.4555827026,12,PASSIVE,,TRADE,,0.015,0.02,0.02,-0.015,468,,OPEN
0x488b33eb9a8860a1b7c0e58ac9ec73296ebeb41a4cb2d2c78c7a1d45e2a79a64,2026-03-06T22:05:39Z,solana-up-or-down-march-6-5pm-et,Down,BUY,10,0.53,0.54,0.56,0.02,0.55,0.5531389365,0.5748164253,2543.35,1881.28,100,0.0113636364,0.0035125009,176.424574,0.4576917426,2,PASSIVE,,TRADE,,0.02,0.02,0.02,-0.015,466,,OPEN
0xece8bafa6c383bab932980fe7149b68ce3e7bf84ccc325da7014015e7acd2643,2026-03-06T22:05:41Z,solana-up-or-down-march-6-5pm-et,Down,BUY,10,0.53,0.54,0.56,0.02,0.55,0.5531389365,0.5748164253,2543.35,1881.28,100,0.0117391304,0.0038755339,186.424574,0.4615704296,2,PASSIVE,,TRADE,,0.02,0.02,0.025,-0.015,464,,OPEN
0xda78eab270e09ab4854eefd456c3b9a88920c96c5f10b292e205f6f49bdf42d2,2026-03-06T22:05:53Z,ethereum-up-or-down-march-6-5pm-et,Up,BUY,25,0.42,0.44,0.45,0.01,0.445,0.4496621622,0.548696073,5079.51,4177.91,,,,0,0,,PASSIVE,,TRADE,,0.025,0.025,0.045,0.045,1752,,OPEN
0xee376f3c530dadebbfef1248eebc23c5be90d4779fa6981255158ec913b56edc,2026-03-06T22:06:31Z,xrp-up-or-down-march-6-5pm-et,Up,BUY,20,0.46,0.5,0.51,0.01,0.505,0.5007142857,0.4765028392,1411.43,1550.63,75,0.0125,0.0044426166,11.53275,0.5187314776,250,PASSIVE,,TRADE,,0.045,0.045,0.045,0.005,82,,OPEN
0xeb309354019d293c36a354f625c9a00e7de678687a74c2787436cea49b1c407e,2026-03-06T22:06:33Z,xrp-up-or-down-march-6-5pm-et,Down,BUY,10,0.5,0.49,0.5,0.01,0.495,0.4992857143,0.5234971608,1550.63,1411.43,77.2727272727,0.0122727273,0.0042893203,160,0.468125,66,CROSS,,TRADE,,-0.005,-0.005,-0.005,0.035,76,,OPEN
0x29ad3bc3f862cd3c71799994b902bfb57c27a43ed137e1ba50a464588dab97ff,2026-03-06T22:06:33Z,xrp-up-or-down-march-6-5pm-et,Down,BUY,5,0.5,0.49,0.5,0.01,0.495,0.4992857143,0.5234971608,1550.63,1411.43,78.2608695652,0.012173913,0.0042174117,170,0.47,0,CROSS,,TRADE,,-0.005,-0.005,-0.005,0.035,76,,OPEN
0x6b0dcf16be99be963eefbe8de5128a521a0eee1a01a57398b25a856ce9505851,2026-03-06T22:06:53Z,xrp-up-or-down-march-6-5pm-et,Down,BUY,5,0.49,0.51,0.53,0.02,0.52,0.5218326525,0.5829273501,2074.79,1484.47,100,0.0124,0.0043588989,175,0.4708571429,20,PASSIVE,,TRADE,,0.03,0.03,0.045,0.005,56,,OPEN
0xa3cb6aea03d6ee10db1a1368013917e77694309e3df49571e0b8fd2a62196e80,2026-03-06T22:06:55Z,xrp-up-or-down-march-6-5pm-et,Down,BUY,10,0.49,0.51,0.53,0.02,0.52,0.5218326525,0.5829273501,2074.79,1484.47,100,0.0126923077,0.0045234432,180,0.4713888889,2,PASSIVE,,TRADE,,0.03,0.03,0.045,0.005,54,,OPEN
0xf4608678192ff6f0b70a26ee72da08936a0247c9c89a00e31f9b6f00ff72d2b9,2026-03-06T22:06:59Z,xrp-up-or-down-march-6-5pm-et,Down,BUY,5,0.49,0.51,0.53,0.02,0.52,0.5218326525,0.5829273501,2074.79,1484.47,100,0.012962963,0.0046532163,190,0.4723684211,4,PASSIVE,,TRADE,,0.03,0.03,0.045,0.005,50,,OPEN
0x4d915cd5a3d63f226df7013da5599c69c825cd60070302903ec66c008967ccf0,2026-03-06T22:07:35Z,xrp-up-or-down-march-6-5pm-et,Down,BUY,10,0.53,0.49,0.5,0.01,0.495,0.4979310345,0.5016172843,1567.86,1557.75,70.8333333333,0.0129166667,0.0046430562,195,0.4728205128,36,CROSS,,TRADE,,-0.035,-0.035,-0.065,-0.09,14,,OPEN
0x676eb47e407fadcbbd1b38374f818ec741fb7defa1848bd4f8272153f8ec255e,2026-03-06T22:07:43Z,ethereum-up-or-down-march-6-5pm-et,Down,BUY,10,0.55,0.54,0.55,0.01,0.545,0.5458139535,0.4782000355,4501.12,4911.51,95.2380952381,0.0104761905,0.0021821789,44.33147,0.5299600194,132,CROSS,,TRADE,,-0.005,-0.005,-0.025,-0.085,442,,OPEN
0xb5086ae500c80a6e133fc9fddb00b7562ab02993ec620de8d14eb0161068cfa0,2026-03-06T22:07:47Z,xrp-up-or-down-march-6-5pm-et,Down,BUY,10,0.51,0.47,0.48,0.01,0.475,0.4788235294,0.4692364454,1201.86,1359.45,72,0.0128,0.0045825757,205,0.4756097561,12,CROSS,,TRADE,,-0.035,-0.035,-0.045,-0.11,2,,OPEN
0x589588bdbce7f6bbf5ba864fc54d32aa4cf13c6732e65fb6de15a047a624ff77,2026-03-06T22:07:47Z,ethereum-up-or-down-march-6-5pm-et,Down,BUY,10,0.55,0.52,0.53,0.01,0.525,0.5297585051,0.5447334114,5026.74,4201.15,95.4545454545,0.0104545455,0.0021320072,54.33147,0.5336484859,4,CROSS,,TRADE,,-0.025,-0.025,-0.035,-0.085,438,,OPEN
0x8ecbe1f0f3e8249256d16be61932cbfe583c318007cf952de06b1b214c43308b,2026-03-06T22:07:49Z,xrp-up-or-down-march-6-5pm-et,Down,SELL,20,0.55,0.47,0.48,0.01,0.475,0.4771428571,0.4289576938,1055,1404.45,73.0769230769,0.0126923077,0.0045234432,215,0.4772093023,2,PASSIVE,,TRADE,,0.075,0.075,0.095,0.145,,2,REDUCE
0x32a25d1f7ae7972b449b82ce5ac8dcd10d3f5dc1b9d241ea40683e62d71f0752,2026-03-06T22:07:49Z,xrp-up-or-down-march-6-5pm-et,Down,BUY,10,0.51,0.47,0.48,0.01,0.475,0.4758035714,0.4078464728,997.36,1448.07,74.0740740741,0.0125925926,0.0044657608,195,0.4772093023,0,CROSS,,TRADE,,-0.035,-0.035,-0.055,-0.105,462,,OPEN
0x1e59057cfa655610e4d58ff6e9995ef83b7cd27aa0e408abc14384c76302174b,2026-03-06T22:07:53Z,xrp-up-or-down-march-6-5pm-et,Up,SELL,10,0.51,0.52,0.53,0.01,0.525,0.5241964286,0.5921535272,1448.07,997.36,90.4761904762,0.010952381,0.003007926,31.53275,0.4814803799,82,CROSS,,TRADE,,-0.015,-0.03,-0.035,-0.085,,-0.1,REDUCE
0xadce5847977483bb5885e879820f2c0481c3dec1de96fa7b4c43b879969ddf44,2026-03-06T22:07:55Z,ethereum-up-or-down-march-6-5pm-et,Down,BUY,10,0.54,0.52,0.53,0.01,0.525,0.5267114094,0.4818212495,3926.53,4222.82,95.652173913,0.0104347826,0.0020851441,64.33147,0.5361902456,8,CROSS,,TRADE,,-0.015,-0.015,-0.035,-0.075,430,,OPEN
0xe78ae1bbea4ea7c1df0fc5cf440007c50d41553681a6a9506e87874b0236cf20,2026-03-06T22:07:57Z,xrp-up-or-down-march-6-5pm-et,Up,SELL,10,0.51,0.52,0.53,0.01,0.525,0.5243925234,0.579121764,1503.07,1092.36,90.9090909091,0.0109090909,0.0029424494,21.53275,0.4814803799,4,CROSS,,TRADE,,-0.03,-0.03,-0.035,-0.09,,0.408035,REDUCE
0xa621d0d44a4ce3496e897faf6a9969d4e82ac3136e7362f8bf6858deda10e254,2026-03-06T22:08:03Z,bitcoin-up-or-down-march-6-5pm-et,Up,BUY,5,0.52,0.54,0.55,0.01,0.545,0.5425721154,0.5375176854,8954.62,7704.59,85,0.0115,0.0036634755,18,0.54,238,PASSIVE,,TRADE,,0.035,0.035,0.035,0.045,90,,OPEN
0x5c9cef05e551f21df96dcfd68c2bca72d00c9661681ac27888ed42551e794611,2026-03-06T22:08:07Z,ethereum-up-or-down-march-6-5pm-et,Down,BUY,2.083332,0.5200001728,0.5,0.51,0.01,0.505,0.5067871486,0.5016605531,3960.59,3934.37,95.652173913,0.0104347826,0.0020851441,74.33147,0.5367027815,12,CROSS,,TRADE,,-0.0150001728,-0.0150001728,-0.0550001728,-0.0550001728,418,,OPEN
0xf058c7e15d9e0a556ee485502d9da0852251f90889fa8a2beaa753309610ac4b,2026-03-06T22:08:07Z,xrp-up-or-down-march-6-5pm-et,Down,BUY,20,0.49,0.45,0.46,0.01,0.455,0.4589637306,0.5138474648,1531.62,1449.07,95.8333333333,0.0104166667,0.0020412415,205,0.4788088486,18,CROSS,,TRADE,,-0.035,-0.035,-0.065,-0.09,444,,OPEN
0x037296866888aca453e5a652edea37bfd7fcfdf3b9362741ab3bb7fd3a7c6bf7,2026-03-06T22:08:11Z,ethereum-up-or-down-march-6-5pm-et,Down,BUY,12.37,0.52,0.5,0.51,0.01,0.505,0.5082182628,0.5031055975,4194.98,4143.19,95.8333333333,0.0104166667,0.0020412415,76.414802,0.5362474105,4,CROSS,,TRADE,,-0.015,-0.015,-0.055,-0.055,414,,OPEN
0x5f05e5656bc444e686e0d28a2be7e8d791a7c196fa0ca1605ff4b2155513f9cb,2026-03-06T22:08:11Z,xrp-up-or-down-march-6-5pm-et,Down,BUY,15,0.48,0.45,0.46,0.01,0.455,0.4589637306,0.5138474648,1531.62,1449.07,96,0.0104,0.002,225,0.4798036176,4,CROSS,,TRADE,,-0.025,-0.025,-0.075,-0.085,440,,OPEN
0x005e5dc626e3a22f091d44a263178da18f259b58de4082a1d3f2875acb0bfc39,2026-03-06T22:08:27Z,xrp-up-or-down-march-6-5pm-et,Up,BUY,5,0.54,0.6,0.61,0.01,0.605,0.6070588235,0.5571577505,1426.92,1134.15,95.4545454545,0.0104545455,0.0021320072,11.53275,0.4814803799,30,PASSIVE,,TRADE,,0.055,0.055,0.06,0.065,332,,OPEN
0x978f9702ad5307885f7ae4837d5f098e3d0493c62b1e8f168bf3ddc56a1e6e36,2026-03-06T22:08:31Z,bitcoin-up-or-down-march-6-5pm-et,Up,BUY,1,0.55,0.56,0.57,0.01,0.565,0.5690365956,0.5754283105,8454.21,6237.82,80.9523809524,0.0119047619,0.0040237391,23,0.5356521739,28,PASSIVE,,TRADE,,0.015,0.015,0.015,0.005,62,,OPEN
0x99a60cf9afe53c043763f0e63bf75a99ee98d5a5f21a84fe1b6689abc683d9cb,2026-03-06T22:08:35Z,bitcoin-up-or-down-march-6-5pm-et,Up,BUY,5,0.55,0.56,0.57,0.01,0.565,0.5690365956,0.5754283105,8454.21,6237.82,81.8181818182,0.0118181818,0.0039477102,24,0.53625,4,PASSIVE,,TRADE,,0.015,0.015,0.015,-0.005,58,,OPEN
0x790bd2a1328612e08bb6ebff55bdebed862db70f783adeea8afafe443984d8b6,2026-03-06T22:08:39Z,solana-up-or-down-march-6-5pm-et,Up,BUY,42.32867,0.51,0.49,0.5,0.01,0.495,0.4995965616,0.4781467906,2139.42,2334.98,90.4761904762,0.010952381,0.003007926,24.92244,0.5634197345,316,CROSS,,TRADE,,-0.015,-0.015,-0.015,-0.055,56,,OPEN
0x17b2209e59355e64776ffe0f0115af1afc65510d95188bcfecc6a375e7dc0796,2026-03-06T22:08:43Z,solana-up-or-down-march-6-5pm-et,Up,BUY,75.80073,0.52,0.49,0.5,0.01,0.495,0.4995965616,0.4781467906,2139.42,2334.98,90.9090909091,0.0109090909,0.0029424494,67.25111,0.5297967012,4,CROSS,,TRADE,,-0.025,-0.025,-0.025,-0.065,52,,OPEN
0x592472d6efe3c8ed1819c7f1837f1667b394af45ae69b8e1f3e283e9cd4aa110,2026-03-06T22:08:47Z,solana-up-or-down-march-6-5pm-et,Down,BUY,2,0.5,0.5,0.51,0.01,0.505,0.5004034384,0.5218532094,2334.98,2139.42,95.2380952381,0.0104761905,0.0021821789,196.424574,0.4650541877,186,PASSIVE,,TRADE,,0.005,0.005,0.005,0.04,278,,OPEN
0x00f500015b51fbabc7f994f62868efd1bdc3b33e9d4f95d90262c3d4211c0b36,2026-03-06T22:08:47Z,solana-up-or-down-march-6-5pm-et,Down,BUY,2.18,0.5,0.5,0.51,0.01,0.505,0.5004034384,0.5218532094,2334.98,2139.42,95.4545454545,0.0104545455,0.0021320072,198.424574,0.4654064204,0,PASSIVE,,TRADE,,0.005,0.005,0.005,0.04,278,,OPEN
0x013f6c48765cc7e135d7b3f7353c7059f5792924e1481f9123c54bd7acae82d6,2026-03-06T22:08:51Z,solana-up-or-down-march-6-5pm-et,Down,BUY,2,0.5,0.5,0.51,0.01,0.505,0.5004034384,0.5218532094,2334.98,2139.42,95.652173913,0.0104347826,0.0020851441,200.604574,0.4657823541,4,PASSIVE,,TRADE,,0.005,0.005,-0.005,0.04,274,,OPEN
0xa4ce25496cbf10e5b35048033038d2deabd53e799f189ef8a1f5bd26a8c3cd9f,2026-03-06T22:08:55Z,solana-up-or-down-march-6-5pm-et,Down,BUY,18.82,0.5,0.5,0.51,0.01,0.505,0.5020549071,0.486798596,2203.82,2323.35,100,0.01,0,202.604574,0.4661201317,4,PASSIVE,,TRADE,,0.005,0.005,-0.005,0.04,270,,OPEN
0x2ca03072fc3b4f2d634341f013b0d46a1664fca531ad8e569152c5e5b932dc44,2026-03-06T22:08:59Z,solana-up-or-down-march-6-5pm-et,Down,BUY,6.48,0.5,0.5,0.51,0.01,0.505,0.5020549071,0.486798596,2203.82,2323.35,100,0.01,0,221.424574,0.4689997539,4,PASSIVE,,TRADE,,0.005,0.005,-0.005,0.02,266,,OPEN
0x6a54c3f31f6a5c8914eefdf3143510a3802e10b45c83890bbcbe441d02512c12,2026-03-06T22:09:01Z,solana-up-or-down-march-6-5pm-et,Down,BUY,18.52,0.5,0.5,0.51,0.01,0.505,0.5020549071,0.486798596,2203.82,2323.35,100,0.01,0,227.904574,0.4698811824,2,PASSIVE,,TRADE,,0.005,0.005,0.01,0.02,264,,OPEN
0x97897af96913f658a862e4977cd9f8b9801f509ef1bd71311600088e5293f09f,2026-03-06T22:09:33Z,bitcoin-up-or-down-march-6-5pm-et,Up,SELL,0.96,0.58,0.53,0.54,0.01,0.535,0.5347553929,0.5049796907,8016.29,7858.19,100,0.01,0,29,0.5386206897,58,PASSIVE,,TRADE,,0.045,0.045,0.045,0.095,,0.0384,REDUCE
0x22e1f8b6eb036add700086fa6c57187e7296018adb8904a7afcafdf2ff785aa2,2026-03-06T22:09:35Z,solana-up-or-down-march-6-5pm-et,Up,SELL,35,0.5,0.45,0.47,0.02,0.46,0.4535714286,0.5217930045,2400.3,2199.8,100,0.0113636364,0.0035125009,143.05184,0.5246055963,52,PASSIVE,,TRADE,,0.04,0.04,0.03,0.035,,-1.8453464,REDUCE
0x380bd3cce023421f302a6b5748b25451146d2e7a018fb3fc07ea5b10c72b923e,2026-03-06T22:09:43Z,solana-up-or-down-march-6-5pm-et,Up,SELL,2.173912,0.4599997608,0.45,0.47,0.02,0.46,0.4535714286,0.5217930045,2400.3,2199.8,100,0.0117391304,0.0038755339,108.05184,0.5246055963,8,PASSIVE,,TRADE,,-0.0000002392,-0.0000002392,0.0099997608,0.0249997608,,-0.10869612,REDUCE
0x4626cfc9bb696fb2ad353703bf67ecee250d54c77fee95df252d16daa787335f,2026-03-06T22:09:43Z,solana-up-or-down-march-6-5pm-et,Up,SELL,2.173912,0.4599997608,0.45,0.47,0.02,0.46,0.4535714286,0.5217930045,2400.3,2199.8,100,0.0120833333,0.0041485112,105.877928,0.5246055963,0,PASSIVE,,TRADE,,-0.0000002392,-0.0000002392,0.0099997608,0.0249997608,,-0.10869612,REDUCE
0xe1a7c7155c18cf1523fb04343117ff5e514f254b3a3d0d191921442b3618ef04,2026-03-06T22:09:45Z,solana-up-or-down-march-6-5pm-et,Up,SELL,2.173912,0.4599997608,0.45,0.47,0.02,0.46,0.4535714286,0.5217930045,2400.3,2199.8,100,0.0124,0.0043588989,103.704016,0.5246055963,2,PASSIVE,,TRADE,,-0.0000002392,-0.0000002392,0.0099997608,0.0249997608,,-0.10869612,REDUCE
0xb189988eaa5c785e19a3f28cb2408560624e140321288147cb9de03d12baf11f,2026-03-06T22:09:45Z,solana-up-or-down-march-6-5pm-et,Up,SELL,2.173912,0.4599997608,0.45,0.47,0.02,0.46,0.4535714286,0.5217930045,2400.3,2199.8,100,0.0126923077,0.0045234432,101.530104,0.5246055963,0,PASSIVE,,TRADE,,-0.0000002392,-0.0000002392,0.0099997608,0.0249997608,,-0.10869612,REDUCE
0x42c796e557d24423865ec34fc2173031186535cc0b2cc6dfd9313cd1717a02ff,2026-03-06T22:09:59Z,bitcoin-up-or-down-march-6-5pm-et,Up,SELL,5,0.55,0.53,0.54,0.01,0.535,0.5304532887,0.5242033965,8237.61,7476.92,100,0.01,0,28.04,0.5386206897,26,PASSIVE,,TRADE,,0.015,0.015,0.065,0.105,,0.05,REDUCE
0x3dc2e7d66197c724bdef18ec01c60a24884caecf19584e92f12f4fb353ebe912,2026-03-06T22:12:29Z,xrp-up-or-down-march-6-5pm-et,Up,BUY,20,0.65,0.65,0.66,0.01,0.655,0.6514285714,0.4188381034,1411.92,1959.12,88.2352941176,0.0111764706,0.0033210558,16.53275,0.4991784701,242,PASSIVE,,TRADE,,0.005,0.005,-0.055,-0.005,90,,OPEN
0xbabb862c29ae6bb1e77d7b2828c08c3b8491a18a01b900806ce43dcbec544784,2026-03-06T22:12:33Z,bitcoin-up-or-down-march-6-5pm-et,Down,BUY,18,0.47,0.5,0.51,0.01,0.505,0.5011933111,0.3998840959,6900.26,10355.39,90,0.011,0.0030779351,59.954483,0.4750362821,472,PASSIVE,,TRADE,,0.035,0.035,0.035,-0.005,354,,OPEN
0x82299c88ddbb489eff326d3586a487888f5e0011b1c1e45d1cf2619bb007243e,2026-03-06T22:12:33Z,ethereum-up-or-down-march-6-5pm-et,Down,BUY,25,0.42,0.46,0.47,0.01,0.465,0.4614134276,0.4980971845,4489.33,4523.63,90,0.011,0.0030779351,88.784802,0.5339837296,262,PASSIVE,,TRADE,,0.045,0.045,0.045,-0.025,152,,OPEN
0x0222d7d898ecc7d23e066bcfba9b6f8a8c8a924452f05ffd00c0fc1a189c76e6,2026-03-06T22:12:37Z,bitcoin-up-or-down-march-6-5pm-et,Down,BUY,1.85185,0.46,0.5,0.51,0.01,0.505,0.5011933111,0.3989115741,6890.26,10382.39,90.4761904762,0.010952381,0.003007926,77.954483,0.4738733845,4,PASSIVE,,TRADE,,0.045,0.045,0.035,0.015,350,,OPEN
0x4bd2c5142a4d218838447716f3f25829ecaf0994091b503846526c34ced6d417,2026-03-06T22:12:45Z,solana-up-or-down-march-6-5pm-et,Down,BUY,42.39159,0.61,0.61,0.62,0.01,0.615,0.6198312274,0.5289897336,2258.4,2010.87,80,0.012,0.0041039134,246.424574,0.4721447574,224,PASSIVE,,TRADE,,0.005,0.005,0.055,-0.015,40,,OPEN
0x2794cfe16bdb5c52ca39ffc8120bb9e9896ec36c5c3e33a68cc1c96299b53681,2026-03-06T22:12:51Z,bitcoin-up-or-down-march-6-5pm-et,Down,BUY,18,0.49,0.5,0.52,0.02,0.51,0.5159650092,0.423185593,3946.65,5379.4,100,0.01125,0.0033783196,79.806333,0.4735514624,14,PASSIVE,,TRADE,,0.015,0.015,-0.015,-0.025,336,,OPEN
0xd5c50ae6e050b4b039f1a53a83107b2763b3bc3180ee4c3cca9adbff7c5e72f5,2026-03-06T22:13:01Z,bitcoin-up-or-down-march-6-5pm-et,Down,BUY,18,0.48,0.5,0.52,0.02,0.51,0.5027335984,0.3587994301,3432.2,6133.59,100,0.0116,0.0037416574,97.806333,0.4765786046,10,PASSIVE,,TRADE,,0.025,0.025,-0.015,-0.015,326,,OPEN
0xb6a85837ced5d6b52184e067e5f0ce93a7baf334ef6aebaf8052ede8d3770a7e,2026-03-06T22:13:05Z,solana-up-or-down-march-6-5pm-et,Down,BUY,2.857141,0.6500001225,0.66,0.67,0.01,0.665,0.6681042654,0.5663860983,2086,1597,73.9130434783,0.0126086957,0.0044897776,288.816164,0.4923787458,20,PASSIVE,,TRADE,,0.0149998775,0.0149998775,-0.0400001225,-0.0750001225,20,,OPEN
0x8f4635321bbc123e0debb41e9ec5e822617c22f52e385229c131f698680bb83c,2026-03-06T22:13:05Z,solana-up-or-down-march-6-5pm-et,Down,BUY,14.80592,0.65,0.66,0.67,0.01,0.665,0.6681042654,0.5663860983,2086,1597,75,0.0125,0.0044232587,291.673305,0.4939227558,0,PASSIVE,,TRADE,,0.015,0.015,-0.04,-0.075,20,,OPEN
0xde83be39fc362b4a8067e85c103ffb702706de23b5414739f6c9a2e15675ae5d,2026-03-06T22:13:07Z,solana-up-or-down-march-6-5pm-et,Down,BUY,22.14,0.65,0.61,0.63,0.02,0.62,0.6118181818,0.4820525175,2001,2150,100,0.0132,0.0047609523,306.479225,0.501462801,2,CROSS,,TRADE,,-0.03,-0.03,-0.04,-0.075,18,,OPEN
0xaf6c57e7a52ebc64fe0ec3d7fa5ce6ece96b1de3f8bb75435c71c466d53f41a2,2026-03-06T22:13:07Z,bitcoin-up-or-down-march-6-5pm-et,Up,BUY,18,0.49,0.54,0.55,0.01,0.545,0.5425968203,0.4946000738,3042.29,3108.72,90.9090909091,0.0109090909,0.0029424494,23.04,0.5386206897,188,PASSIVE,,TRADE,,0.055,0.055,0.035,0.035,332,,OPEN
0x4132332c6bbd5aaf0b24b4d8d3669aaf08fd24d91525def94ba6ac1a7dbef281,2026-03-06T22:13:11Z,solana-up-or-down-march-6-5pm-et,Down,BUY,25,0.65,0.61,0.63,0.02,0.62,0.612,0.4797410693,2001,2170,100,0.0134615385,0.0048516452,328.619225,0.5114701692,4,CROSS,,TRADE,,-0.03,-0.03,-0.045,-0.075,14,,OPEN
0x4cbfee9052772907cc41aeca1bbc59e665a8193b98f2e60d8dd52e304eb1257f,2026-03-06T22:13:11Z,solana-up-or-down-march-6-5pm-et,Down,BUY,25,0.64,0.61,0.63,0.02,0.62,0.612,0.4797410693,2001,2170,100,0.0137037037,0.0049210288,353.619225,0.5212638838,0,CROSS,,TRADE,,-0.02,-0.025,-0.035,-0.065,14,,OPEN
0x9e6a496fbaab06d96bfb85c813587dd78080e44c98582ae262444e0da292ed58,2026-03-06T22:13:11Z,bitcoin-up-or-down-march-6-5pm-et,Down,BUY,18,0.5,0.45,0.46,0.01,0.455,0.457468829,0.5023701422,3114.72,3085.33,84.6153846154,0.0115384615,0.0036794648,115.806333,0.4771103986,10,CROSS,,TRADE,,-0.045,-0.045,-0.025,-0.025,316,,OPEN
0xedfbf744cb7a5569658e27450420131a0f839ee97585960f19d3ed5f14f7a812,2026-03-06T22:13:21Z,bitcoin-up-or-down-march-6-5pm-et,Down,BUY,18,0.48,0.45,0.46,0.01,0.455,0.457468829,0.5023701422,3114.72,3085.33,85.1851851852,0.0114814815,0.0036201399,133.806333,0.4801895714,10,CROSS,,TRADE,,-0.015,-0.015,-0.015,-0.005,306,,OPEN
0xa4e0093b111e1c5c4623d41a5f5f5bc818eb0ed08732abed8f8f6f1f23b91e86,2026-03-06T22:13:25Z,solana-up-or-down-march-6-5pm-et,Down,SELL,43,0.65,0.59,0.6,0.01,0.595,0.5923037455,0.4522490494,1811.47,2194,62.962962963,0.0137037037,0.0049210288,378.619225,0.5291039582,14,PASSIVE,,TRADE,,0.055,0.055,0.055,0.075,,7.03395426,REDUCE
0x761de20ba2b75e7fb1e9ded9b87082fbbe4c8514002a6617916d8af6e7e7a164,2026-03-06T22:13:35Z,ethereum-up-or-down-march-6-5pm-et,Up,BUY,20,0.59,0.6,0.61,0.01,0.605,0.6096153846,0.5636378118,4387.43,3396.7,90.4761904762,0.010952381,0.003007926,25,0.42,462,PASSIVE,,TRADE,,0.025,0.025,0.025,0.015,1290,,OPEN
0x0ee145609bd990aee0bf1a20dd677a7840107a0c99cc1c705384877db5b42dba,2026-03-06T22:13:37Z,bitcoin-up-or-down-march-6-5pm-et,Up,BUY,18,0.53,0.53,0.54,0.01,0.535,0.5341916168,0.5395945172,2741.07,2338.8,100,0.01,0,41.04,0.5172958258,30,PASSIVE,,TRADE,,0.005,0.005,-0.005,-0.005,302,,OPEN
0xdd84a9581b3df4db899b063cb5ee03594158efe7e1de2089b8915a56bf229c57,2026-03-06T22:13:49Z,bitcoin-up-or-down-march-6-5pm-et,Down,BUY,18,0.47,0.46,0.47,0.01,0.465,0.4681691668,0.5139021523,2889.79,2733.44,91.3043478261,0.0108695652,0.0028810407,151.806333,0.4801670936,28,CROSS,,TRADE,,-0.005,-0.005,0.005,0.005,278,,OPEN
0x460297dc5bb59963631a2e2ca769e2073e3f3c38ff0485110681d47081caa0ac,2026-03-06T22:13:59Z,xrp-up-or-down-march-6-5pm-et,Up,SELL,15,0.66,0.66,0.67,0.01,0.665,0.6630609644,0.5048257248,1627.23,1596.12,84.2105263158,0.0115789474,0.0037463432,36.53275,0.5817463194,90,CROSS,,TRADE,,-0.005,-0.005,-0.015,0.045,,2.72262,REDUCE
0xe2f79c671f6e516d5e808a28c420b6092adcfd36d58270e13e4d340bf0949100,2026-03-06T22:14:05Z,solana-up-or-down-march-6-5pm-et,Down,SELL,5,0.58,0.55,0.56,0.01,0.555,0.5536045024,0.4581654253,1686.09,1994,65.2173913043,0.0134782609,0.0048698475,335.619225,0.5291039582,40,PASSIVE,,TRADE,,0.025,0.025,0.005,-0.045,,0.5,REDUCE
0x0b8399c5f844d5b0e6b4cfb929fac5525997211df8905daf79ae1afacd8b541f,2026-03-06T22:14:25Z,solana-up-or-down-march-6-5pm-et,Up,BUY,4.92411,0.44,0.42,0.44,0.02,0.43,0.4369039146,0.5001241688,2175,2173.92,100,0.0105263158,0.0022941573,99.356192,0.5246055963,280,CROSS,,TRADE,,-0.01,-0.01,-0.025,-0.075,470,,OPEN
0xbef57d8bb79cfec396b12972b19d4b29f0439408700994430222edc85baff357,2026-03-06T22:14:35Z,ethereum-up-or-down-march-6-5pm-et,Up,BUY,2.5,0.6,0.56,0.57,0.01,0.565,0.5664039409,0.4246128664,3610.98,4893.19,95.2380952381,0.0104761905,0.0021821789,45,0.4955555556,60,CROSS,,TRADE,,-0.035,-0.035,-0.115,-0.105,1230,,OPEN
0x87d40b3603bd4b4512d2b7517f915dae8a9f7ae4881d80f443db213e2d8104f5,2026-03-06T22:14:41Z,xrp-up-or-down-march-6-5pm-et,Up,BUY,0.75,0.66,0.62,0.63,0.01,0.625,0.628,0.4138996548,1327.43,1879.7,86.3636363636,0.0113636364,0.0035125009,21.53275,0.5817463194,42,CROSS,,TRADE,,-0.035,-0.035,-0.035,-0.045,192,,OPEN
0x7c9bb6bb4a71a80705d017d43b2196fd218e34eb8df04252336555fcf4353ca5,2026-03-06T22:15:05Z,ethereum-up-or-down-march-6-5pm-et,Down,SELL,4.056602,0.5299999852,0.49,0.5,0.01,0.495,0.4953787879,0.5550031464,4974.36,3988.4,95.2380952381,0.0104761905,0.0021821789,113.784802,0.5089400226,152,PASSIVE,,TRADE,,0.0349999852,0.0349999852,0.0249999852,0.0249999852,,0.00177234,REDUCE
0x468c67c275394fa369fa4913cfc9bf00fa4886dba917c513db563eec037eb43e,2026-03-06T22:15:05Z,ethereum-up-or-down-march-6-5pm-et,Down,SELL,2,0.53,0.49,0.5,0.01,0.495,0.4953787879,0.5550031464,4974.36,3988.4,95.4545454545,0.0104545455,0.0021320072,109.7282,0.5089400226,0,PASSIVE,,TRADE,,0.035,0.035,0.025,0.025,,0,REDUCE
0xf8b52ab771836beb4ef7c64afb778067780c72298c0c3d97f2835afaf3023b94,2026-03-06T22:15:05Z,ethereum-up-or-down-march-6-5pm-et,Down,SELL,3.264149,0.5299997028,0.49,0.5,0.01,0.495,0.4953787879,0.5550031464,4974.36,3988.4,95.652173913,0.0104347826,0.0020851441,107.7282,0.5089400226,0,PASSIVE,,TRADE,,0.0349997028,0.0349997028,0.0249997028,0.0249997028,,-0.0000009701,REDUCE
0xdcff4175608115a9cf0ad5892626e62f5e83251fc2a31acce9d969289215a8ff,2026-03-06T22:15:05Z,ethereum-up-or-down-march-6-5pm-et,Down,SELL,2.433961,0.5299998644,0.49,0.5,0.01,0.495,0.4953787879,0.5550031464,4974.36,3988.4,95.8333333333,0.0104166667,0.0020412415,104.464051,0.5089400226,0,PASSIVE,,TRADE,,0.0349998644,0.0249998644,0.0249998644,0.0249998644,,-0.00000033,REDUCE
0xd0872898a99c2d74d5b0572b958ba2f604c9ec19c0236c031404702967058078,2026-03-06T22:15:05Z,ethereum-up-or-down-march-6-5pm-et,Down,SELL,1.886791,0.5299998781,0.49,0.5,0.01,0.495,0.4962705667,0.5626737122,5081.36,3949.38,96,0.0104,0.002,102.03009,0.5089400226,0,PASSIVE,,TRADE,,0.0349998781,0.0249998781,0.0249998781,0.0249998781,,-0.00000023,REDUCE
0xf3ac38cfdff4d3a9bdad7c7d72a79643c3b5428b362cc9d6d650994eeb89f53f,2026-03-06T22:15:05Z,ethereum-up-or-down-march-6-5pm-et,Down,SELL,2.245282,0.5299997951,0.49,0.5,0.01,0.495,0.4962705667,0.5626737122,5081.36,3949.38,96.1538461538,0.0103846154,0.0019611614,100.143299,0.5089400226,0,PASSIVE,,TRADE,,0.0349997951,0.0249997951,0.0249997951,0.0249997951,,-0.0000004601,REDUCE
0xb02c2779fe806a715eabb6bb10f1751559a9db44ea337ddd66f9b3c1954cfd6f,2026-03-06T22:15:07Z,ethereum-up-or-down-march-6-5pm-et,Down,SELL,9.09,0.53,0.49,0.5,0.01,0.495,0.4964172371,0.5660385418,5035.36,3860.43,96.2962962963,0.0103703704,0.0019245009,97.898017,0.5089400226,2,PASSIVE,,TRADE,,0.035,0.025,0.025,0.025,,0,REDUCE
0x07cf2bf509797ed435c113db87d22e4ca8918eb696291758b681a2886e2e41ac,2026-03-06T22:15:11Z,xrp-up-or-down-march-6-5pm-et,Down,BUY,20,0.35,0.38,0.39,0.01,0.385,0.385,0.5262035914,1631.61,1469.11,60,0.014,0.0050262469,240,0.4798158915,420,PASSIVE,,TRADE,,0.035,0.035,0.035,0.015,20,,OPEN
0x43305b589ebe11ea15e53ae7a95688cca2c655906cc107462e6e2702775a578b,2026-03-06T22:15:15Z,xrp-up-or-down-march-6-5pm-et,Up,BUY,2.564101,0.6100001521,0.61,0.62,0.01,0.615,0.615,0.4737964086,1469.11,1631.61,57.1428571429,0.0142857143,0.0050709255,22.28275,0.5843802071,34,PASSIVE,,TRADE,,0.0049998479,0.0049998479,0.0049998479,0.0249998479,158,,OPEN
0x6c69b3245f11e40134bc0c59b22b8540e4bd1a31aa18601aa8ad747674bbc5c0,2026-03-06T22:15:15Z,xrp-up-or-down-march-6-5pm-et,Up,BUY,2.564101,0.6100001521,0.61,0.62,0.01,0.615,0.615,0.4737964086,1469.11,1631.61,59.0909090909,0.0140909091,0.0050323628,24.846851,0.5870240885,0,PASSIVE,,TRADE,,0.0049998479,0.0049998479,0.0049998479,0.0249998479,158,,OPEN
0x97e55bcf676eae49d17b435d6624c7415aa4d5ef42a566c57f4d699c485795f0,2026-03-06T22:15:15Z,xrp-up-or-down-march-6-5pm-et,Up,BUY,2.631577,0.6200000988,0.61,0.62,0.01,0.615,0.615,0.4737964086,1469.11,1631.61,60.8695652174,0.0139130435,0.0049901088,27.410952,0.589173337,0,CROSS,,TRADE,,-0.0050000988,-0.0050000988,-0.0050000988,0.0149999012,158,,OPEN
0xd853441edb8ca3ba83735542c6f7c63d8a33fa43c9add38652b9209f9bde0abb,2026-03-06T22:15:15Z,xrp-up-or-down-march-6-5pm-et,Up,BUY,12.105262,0.6200000463,0.61,0.62,0.01,0.615,0.6183333333,0.4771687303,1489.11,1631.61,62.5,0.01375,0.0049453536,30.042529,0.5918736089,0,CROSS,,TRADE,,-0.0050000463,-0.0050000463,-0.0050000463,0.0149999537,158,,OPEN
0xe3045b1a97848b6632fdef085770666c72df77a3a9a531cafa9d039e89fbf3a4,2026-03-06T22:15:17Z,xrp-up-or-down-march-6-5pm-et,Down,BUY,20,0.33,0.38,0.39,0.01,0.385,0.3816666667,0.5220655258,1626.61,1489.11,61.9047619048,0.0138095238,0.0049761335,260,0.4698300537,6,PASSIVE,,TRADE,,0.055,0.055,0.075,0.035,14,,OPEN
0xd6e287bd398719b675f78d76a7ae417ea902c09807f09c30a735611d8049cd4a,2026-03-06T22:15:19Z,xrp-up-or-down-march-6-5pm-et,Up,BUY,34.52457,0.63,0.61,0.62,0.01,0.615,0.6183333333,0.4779344742,1489.11,1626.61,64,0.0136,0.0048989795,42.147791,0.5999517996,4,CROSS,,TRADE,,-0.015,-0.015,-0.03,0.005,154,,OPEN
0xa33e596e8a9839b8c97ecf1d03e549f0b8a0a0ce276f15415dbad8f4b08da232,2026-03-06T22:15:19Z,xrp-up-or-down-march-6-5pm-et,Up,BUY,5.526314,0.6200000579,0.61,0.62,0.01,0.615,0.6183333333,0.4779344742,1489.11,1626.61,65.3846153846,0.0134615385,0.0048516452,76.672361,0.6134821146,0,CROSS,,TRADE,,-0.0050000579,-0.0050000579,-0.0200000579,0.0149999421,154,,OPEN
0xb52025b3364f3700f55dd38417c344662131cbac872f32cec3751606df224a0e,2026-03-06T22:15:21Z,xrp-up-or-down-march-6-5pm-et,Up,BUY,6.473683,0.6200000834,0.61,0.62,0.01,0.615,0.6183333333,0.4779344742,1489.11,1626.61,66.6666666667,0.0133333333,0.0048038446,82.198675,0.6139203236,2,CROSS,,TRADE,,-0.0050000834,-0.0050000834,-0.0200000834,0.0099999166,152,,OPEN
0x9c650c74a8deead4c9a599a7ade2aa13f93127239087a47f517e8c99a2f824d1,2026-03-06T22:15:31Z,xrp-up-or-down-march-6-5pm-et,Up,BUY,5.256409,0.610000097,0.6,0.62,0.02,0.61,0.6044444444,0.5787971185,1816.63,1322,100,0.0135714286,0.0048795004,88.672358,0.6143641873,10,PASSIVE,,TRADE,,-0.010000097,-0.010000097,0.024999903,-0.015000097,142,,OPEN
0xb64cd1a891687acf1e48d2e8c4adf446c7bf10354fbcb9a2fd5c3990938ff3bc,2026-03-06T22:15:31Z,xrp-up-or-down-march-6-5pm-et,Down,SELL,11,0.38,0.39,0.4,0.01,0.395,0.396,0.3878515853,1151,1816.63,68.1818181818,0.0131818182,0.0047673129,280,0.4598421927,14,CROSS,,TRADE,,-0.015,-0.015,0.015,-0.025,,-0.77,REDUCE
0xa42e81369ba372adef42fc98818957dc5bc38ab279fd22aa8bf1ff3bbd4f0a6b,2026-03-06T22:15:31Z,xrp-up-or-down-march-6-5pm-et,Up,BUY,11.28205,0.6100000443,0.59,0.61,0.02,0.6,0.6052631579,0.630927683,1967.63,1151,100,0.0137931034,0.0049380397,93.928767,0.6141199656,0,CROSS,,TRADE,,-0.0100000443,-0.0100000443,0.0249999557,-0.0150000443,142,,OPEN
0xa479dc01ee46d9e7ebc9dacb02fa32cde36b62e08475d428abf5ca647322a04a,2026-03-06T22:15:51Z,solana-up-or-down-march-6-5pm-et,Down,SELL,7.81,0.62,0.6,0.61,0.01,0.605,0.6067260899,0.4330795172,1588.54,2079.47,80,0.012,0.0041403934,330.619225,0.5291039582,106,PASSIVE,,TRADE,,0.015,0.015,-0.005,0.01,,1.22161704,REDUCE
0x6e7ff5730ab1162e057b3f5acecf61a109bfe6807f43fdd8b8b4f9bbef1a7d91,2026-03-06T22:16:13Z,solana-up-or-down-march-6-5pm-et,Down,SELL,1.25,0.61,0.62,0.63,0.01,0.625,0.6297737557,0.6008368364,2467,1638.94,82.3529411765,0.0117647059,0.0039295262,322.809225,0.5291039582,22,CROSS,,TRADE,,-0.015,-0.015,0.005,-0.055,,0.2125,REDUCE
0xc0808548189b38f4691dadcb3e350c9000667b228bd4215095b32361741d49fa,2026-03-06T22:16:33Z,bitcoin-up-or-down-march-6-5pm-et,Down,BUY,18,0.55,0.51,0.52,0.01,0.515,0.5174103555,0.3197269457,2576.51,5481.96,100,0.01,0,169.806333,0.47908935,164,CROSS,,TRADE,,-0.035,-0.035,-0.03,-0.005,114,,OPEN
0x8d1602286bdec0851d8f76772ea835301842f6ec8961596dcd289dd0b5cf34a6,2026-03-06T22:16:39Z,xrp-up-or-down-march-6-5pm-et,Down,BUY,6,0.41,0.33,0.34,0.01,0.335,0.3327219796,0.4631357003,1502.44,1741.62,66.6666666667,0.0144444444,0.0070479219,269,0.4598421927,68,CROSS,,TRADE,,-0.075,-0.075,-0.045,-0.075,786,,OPEN
0xab13332142a4f896ca0f879588aa9608cee61380c307fff33ee5dbd69214f74e,2026-03-06T22:16:57Z,xrp-up-or-down-march-6-5pm-et,Down,BUY,2.56,0.33,0.39,0.4,0.01,0.395,0.3907142857,0.4960507551,1589.55,1614.86,54.5454545455,0.0154545455,0.0067098171,275,0.4587547267,18,PASSIVE,,TRADE,,0.065,0.065,0.025,-0.025,768,,OPEN
0x880d0fc0c9a9357fffdfe50f134caf936e285a09a8a81224623957d8e78c575b,2026-03-06T22:17:05Z,solana-up-or-down-march-6-5pm-et,Down,SELL,25,0.61,0.66,0.67,0.01,0.665,0.6643285528,0.5942251845,2426.78,1657.16,72.7272727273,0.0127272727,0.0045584231,321.559225,0.5291039582,52,CROSS,,TRADE,,-0.055,-0.055,-0.03,0,,3.86089148,REDUCE
0xbfcff29efe26b1720f3c3e0284999535c6fb760685e56ddf0a2d08f8731fc681,2026-03-06T22:17:15Z,ethereum-up-or-down-march-6-5pm-et,Down,BUY,4.92244,0.53,0.52,0.53,0.01,0.525,0.5237558685,0.4870837469,4269.63,4496.07,100,0.01,0,88.808017,0.5089400226,128,CROSS,,TRADE,,-0.005,-0.005,-0.005,-0.045,974,,OPEN
0xe065032a5810d2105c63dec88a9c32c41a70a6306d71862bfb09073c41e1e41d,2026-03-06T22:17:27Z,bitcoin-up-or-down-march-6-5pm-et,Down,BUY,18,0.54,0.53,0.54,0.01,0.535,0.5374158235,0.3126076538,2709.63,5958.2,95.4545454545,0.0104545455,0.0021320072,187.806333,0.4858856687,54,CROSS,,TRADE,,-0.005,-0.005,-0.025,-0.055,60,,OPEN
0xf5eb931138bf116eca9b133d5a88af592e860b0eb1355d65efc23ed546e3c1d4,2026-03-06T22:17:53Z,xrp-up-or-down-march-6-5pm-et,Up,SELL,11.93,0.68,0.69,0.7,0.01,0.695,0.6932354524,0.5861888112,1911.21,1349.19,78.9473684211,0.0121052632,0.0041885391,105.210817,0.6136781749,142,CROSS,,TRADE,,-0.015,-0.015,-0.035,-0.065,,0.5265025,REDUCE
0x0c835edbc8f06616cb6beb2348a70d9625fce58fdcb2d7ede491a61f3b67e479,2026-03-06T22:18:17Z,xrp-up-or-down-march-6-5pm-et,Up,BUY,8.333332,0.700000072,0.71,0.72,0.01,0.715,0.7107142857,0.5272591685,791.88,710,85.7142857143,0.0114285714,0.0035856858,93.280817,0.6136781749,24,PASSIVE,,TRADE,,0.014999928,0.014999928,0.039999928,0.059999928,14,,OPEN
0x9c44c4e53d3fd848749d83b34a46d32e60f2eeaeab1653584e2172dfecc9a7e0,2026-03-06T22:18:19Z,xrp-up-or-down-march-6-5pm-et,Up,BUY,11.66,0.7,0.71,0.72,0.01,0.715,0.7107142857,0.5272591685,791.88,710,86.3636363636,0.0113636364,0.0035125009,101.614149,0.620757396,2,PASSIVE,,TRADE,,0.015,0.015,0.035,0.06,12,,OPEN
0x1a12859c495e40e4dd398abd75e18e432de25299f18945187083f64a660714e4,2026-03-06T22:18:23Z,xrp-up-or-down-march-6-5pm-et,Up,BUY,10.651934,0.6900000507,0.71,0.72,0.01,0.715,0.7107142857,0.5272591685,791.88,710,86.9565217391,0.0113043478,0.0034435022,113.274149,0.6289143212,4,PASSIVE,,TRADE,,0.0249999493,0.0249999493,0.0549999493,0.0749999493,8,,OPEN
0x92695af6d4d89fca5c4107a9de7e04566be8949fcc6f29abf505250d07b126d5,2026-03-06T22:18:27Z,bitcoin-up-or-down-march-6-5pm-et,Down,SELL,18,0.5,0.43,0.44,0.01,0.435,0.4336764706,0.5475920751,3262.8,2695.65,100,0.01,0,205.806333,0.490618555,60,PASSIVE,,TRADE,,0.065,0.065,0.075,0.145,,0.18,REDUCE
0x670072a6cc7a7f9b524459b790035f76305244c7a67251b86137f8a04676833c,2026-03-06T22:18:31Z,xrp-up-or-down-march-6-5pm-et,Up,SELL,5,0.72,0.74,0.75,0.01,0.745,0.7407961344,0.5793408174,1804.16,1310,95.8333333333,0.0104166667,0.0020412415,123.926083,0.6341648798,8,CROSS,,TRADE,,-0.025,-0.02,-0.035,-0.035,,0.35,REDUCE
0x793766242749abc05409f5dd0cbd9155eed1d4298ef932a12997d4d483fc1ea2,2026-03-06T22:18:31Z,bitcoin-up-or-down-march-6-5pm-et,Down,BUY,18,0.47,0.43,0.44,0.01,0.435,0.4315011459,0.5223887205,2949.6,2696.77,100,0.01,0,187.806333,0.490618555,4,CROSS,,TRADE,,-0.035,-0.045,-0.065,-0.075,244,,OPEN
0xd70f3ad2ac06f411cc63e72ae1a1b01468b5e252c8e4296c0acdd9969d39a4ed,2026-03-06T22:18:39Z,bitcoin-up-or-down-march-6-5pm-et,Up,SELL,18,0.56,0.59,0.6,0.01,0.595,0.5927286301,0.4222745257,2463.33,3370.15,100,0.01,0,59.04,0.5211690496,302,CROSS,,TRADE,,-0.035,-0.035,-0.055,-0.035,,0.4504,REDUCE
0xe1bf54c79cdf40f3e71124f73c79afb5ecce5c33775fc5c32ee12a0aa2580665,2026-03-06T22:18:43Z,solana-up-or-down-march-6-5pm-et,Down,SELL,40,0.56,0.49,0.5,0.01,0.495,0.49071447,0.3791502001,1544.62,2529.28,85.7142857143,0.0114285714,0.0035856858,296.559225,0.5291039582,98,PASSIVE,,TRADE,,0.065,0.065,0.065,0.015,,5.8949713,REDUCE
0x328e2c5647d7458a839a04ef76d8a19561dd96f7f0372594c829b705dcf9db2c,2026-03-06T22:18:53Z,xrp-up-or-down-march-6-5pm-et,Down,BUY,5.986664,0.25,0.25,0.26,0.01,0.255,0.2517241379,0.4937032448,1574,1614.15,85.7142857143,0.0114285714,0.0035856858,277.56,0.4575671921,116,PASSIVE,,TRADE,,-0.005,-0.005,-0.015,0.04,652,,OPEN
0x74e74f1071ba0022dad14862ae996b445b54a7e3c4b000b7cbbcafe9988c2117,2026-03-06T22:18:57Z,solana-up-or-down-march-6-5pm-et,Up,BUY,25,0.46,0.5,0.51,0.01,0.505,0.50928553,0.6143763712,2604.28,1634.62,85.7142857143,0.0114285714,0.0035856858,104.280302,0.5206105248,272,PASSIVE,,TRADE,,0.045,0.045,0.065,0.01,198,,OPEN
0x4d581b8ffaf81cae9e5a593ff8a6bd89d93ad69c20cbff72b002eb4fdcc167ef,2026-03-06T22:19:03Z,solana-up-or-down-march-6-5pm-et,Up,BUY,4.92188,0.5,0.51,0.52,0.01,0.515,0.5197737557,0.6610835374,2524.05,1294,100,0.01,0,129.280302,0.5088897669,6,PASSIVE,,TRADE,,0.02,0.02,-0.015,-0.03,192,,OPEN
0xd1f6a0e8355b9c769baeab8653ac15459fa0be29dcb08da53420685b758af8c4,2026-03-06T22:19:07Z,xrp-up-or-down-march-6-5pm-et,Up,BUY,19.730768,0.7400000345,0.75,0.77,0.02,0.76,0.7652380952,0.5137276408,1761.12,1667,100,0.0112,0.0033166248,118.926083,0.6341648798,36,PASSIVE,,TRADE,,0.0199999655,0.0199999655,-0.0150000345,-0.0100000345,168,,OPEN
0x6cb3c799df934dfacd0134746bfb674180254b0878e770c2f34b43951b840e12,2026-03-06T22:19:21Z,bitcoin-up-or-down-march-6-5pm-et,Up,BUY,5,0.64,0.6,0.61,0.01,0.605,0.603720812,0.3683335196,1911.29,3277.73,100,0.01,0,41.04,0.5211690496,42,CROSS,,TRADE,,-0.045,-0.045,-0.055,-0.015,46,,OPEN
0x51c99404a12d7ebcce6278b3767452854f61e7dc5775b7121bf439e6de3722b4,2026-03-06T22:19:21Z,bitcoin-up-or-down-march-6-5pm-et,Up,BUY,2.777776,0.6400001296,0.6,0.61,0.01,0.605,0.603720812,0.3683335196,1911.29,3277.73,100,0.01,0,46.04,0.5340742354,0,CROSS,,TRADE,,-0.0450001296,-0.0450001296,-0.0550001296,-0.0150001296,46,,OPEN
0xec2b61cab2dd1c6472d19a2f9d31392211082c250127e4f67e9d8d24e98afe5e,2026-03-06T22:19:23Z,solana-up-or-down-march-6-5pm-et,Up,BUY,25,0.52,0.48,0.49,0.01,0.485,0.4816666667,0.5208357662,2274.62,2092.63,95.4545454545,0.0104545455,0.0021320072,134.202182,0.5085637337,20,CROSS,,TRADE,,-0.04,-0.04,-0.05,-0.05,172,,OPEN
0x990aa882dced930c23364cde27d5ff797c2980fd9eb825ae6317a3b2c88f1bb2,2026-03-06T22:19:23Z,bitcoin-up-or-down-march-6-5pm-et,Up,BUY,10.22,0.64,0.6,0.61,0.01,0.605,0.6027176846,0.3880664915,2055.79,3241.73,100,0.01,0,48.817776,0.5401015154,2,CROSS,,TRADE,,-0.045,-0.045,-0.025,-0.015,44,,OPEN
0x4cfaa95e3600052e4885eea68bc34b9de420c7f81241ccaed4911492d737df8d,2026-03-06T22:19:35Z,bitcoin-up-or-down-march-6-5pm-et,Up,BUY,18,0.56,0.61,0.62,0.01,0.615,0.6125986141,0.4404332481,2264.95,2877.6,100,0.01,0,59.037776,0.5573948923,12,PASSIVE,,TRADE,,0.055,0.055,0.065,0.085,32,,OPEN
0x1f361c6858b79d4cdffb97dc9ca1f9ba2ee738e1d0067feec56ee964d3144a6b,2026-03-06T22:19:37Z,solana-up-or-down-march-6-5pm-et,Down,BUY,3.938774,0.510000066,0.52,0.53,0.01,0.525,0.5295652174,0.5812191557,2409.63,1736.19,90.4761904762,0.010952381,0.003007926,256.559225,0.5291039582,54,PASSIVE,,TRADE,,0.014999934,0.014999934,0.019999934,0.004999934,228,,OPEN
0x3b71b82547cafad64e256d31d33cab60924c32e778227b17ccde34324d0db60b,2026-03-06T22:19:45Z,bitcoin-up-or-down-march-6-5pm-et,Down,BUY,29.56114,0.41,0.38,0.39,0.01,0.385,0.3822665687,0.5976547997,3364.42,2264.95,100,0.01,0,205.806333,0.4888152383,74,CROSS,,TRADE,,-0.025,-0.025,-0.035,-0.055,170,,OPEN
0xf3e969bbad623cc4d2d65c1daad796e108a267844fb1bd8d130f48062842af18,2026-03-06T22:19:45Z,solana-up-or-down-march-6-5pm-et,Down,BUY,3.446807,0.5300000841,0.52,0.53,0.01,0.525,0.5295652174,0.5812191557,2409.63,1736.19,90.9090909091,0.0109090909,0.0029424494,260.497999,0.5288151041,8,CROSS,,TRADE,,-0.0000000841,-0.0000000841,-0.0000000841,-0.0100000841,220,,OPEN
0x66a78f723a45de55c1ea8d2d38df310fb55705123d172229f05cc241fef477c5,2026-03-06T22:20:01Z,solana-up-or-down-march-6-5pm-et,Down,BUY,10,0.53,0.52,0.53,0.01,0.525,0.5296,0.5812106227,2444.63,1761.47,81.25,0.011875,0.0040311289,263.944806,0.5288305786,16,CROSS,,TRADE,,0,0,-0.005,-0.01,204,,OPEN
0xc8e599d5913235c421cf9d5f2051f7102cffc373043a9172d0c96fa85c930669,2026-03-06T22:20:07Z,bitcoin-up-or-down-march-6-5pm-et,Up,SELL,18,0.62,0.61,0.62,0.01,0.615,0.6172916667,0.3906117618,2415.84,3768.92,100,0.01,0,77.037776,0.5580035799,32,PASSIVE,,TRADE,,-0.005,-0.005,-0.025,-0.035,,2.0376,REDUCE
0xd32037e8b368d7cf4ecd6bdc44bed5ef6d8637d118b0ba62a3993c5189b5fd42,2026-03-06T22:20:09Z,bitcoin-up-or-down-march-6-5pm-et,Up,SELL,18,0.64,0.61,0.62,0.01,0.615,0.6172916667,0.3906117618,2415.84,3768.92,100,0.01,0,59.037776,0.5580035799,2,PASSIVE,,TRADE,,0.015,0.015,-0.005,-0.015,,2.1816,REDUCE
0xf18f5362dafa3cbe33fef39b7043a5f8dd0334e14ee9085afb7faff054a4c1b5,2026-03-06T22:20:53Z,bitcoin-up-or-down-march-6-5pm-et,Up,SELL,18,0.65,0.65,0.66,0.01,0.655,0.6506332061,0.4068633457,2224.92,3243.55,100,0.01,0,41.037776,0.5580035799,44,CROSS,,TRADE,,-0.005,-0.005,-0.005,0.005,,0.73439964,REDUCE
0x2f50f4e6a52135dd60e6ea19be22705d67cf2adfd4d4a852d6f3675aa8ad58fb,2026-03-06T22:20:55Z,bitcoin-up-or-down-march-6-5pm-et,Up,SELL,18,0.66,0.65,0.66,0.01,0.655,0.6506332061,0.4068633457,2224.92,3243.55,100,0.01,0,23.037776,0.5580035799,2,PASSIVE,,TRADE,,0.005,0.005,0.005,0.015,,1.39697792,REDUCE
0xc1f32717d4732cc0b42a53ad42cecdbf3c1dec5546caf44fdd563592a42061b3,2026-03-06T22:21:41Z,bitcoin-up-or-down-march-6-5pm-et,Up,BUY,18,0.64,0.63,0.65,0.02,0.64,0.6332006939,0.4167159934,2238.74,3133.6,100,0.0104166667,0.0020412415,5.037776,0.5580035799,46,PASSIVE,,TRADE,,0.005,0.005,0.015,-0.025,44,,OPEN
0x44c3c43e3f88042420ce454532507ad9a63cd6f99f4fd064c66b73aa4552208d,2026-03-06T22:21:51Z,bitcoin-up-or-down-march-6-5pm-et,Up,BUY,18,0.63,0.63,0.65,0.02,0.64,0.6332006939,0.4167159934,2238.74,3133.6,100,0.0108,0.0027688746,23.037776,0.6220694672,10,PASSIVE,,TRADE,,0.015,0.015,0.01,-0.005,34,,OPEN
0xb65ef9111e707411a56c02762f1f3641a0db66d75f04fffee2129cf0b4ee79f6,2026-03-06T22:21:55Z,xrp-up-or-down-march-6-5pm-et,Up,SELL,20,0.77,0.78,0.79,0.01,0.785,0.7874932317,0.5122711606,1478.85,1408,95.4545454545,0.0104545455,0.0021320072,138.656851,0.6492251446,168,CROSS,,TRADE,,-0.005,-0.025,0,0.075,,2.8831981611,REDUCE
0x0ba0e7a1c729feb63d8558859bb7edd3954d4dabc9513d0ac01a8cb1158e0b82,2026-03-06T22:21:59Z,solana-up-or-down-march-6-5pm-et,Down,BUY,24.60969,0.51,0.48,0.5,0.02,0.49,0.4965659341,0.561683997,2214.72,1728.28,100,0.0117647059,0.0039295262,273.944806,0.5288732668,118,CROSS,,TRADE,,-0.02,-0.02,0.02,0.055,86,,OPEN
0x806f06b9d20e97162db6bdb3c7fc6c842140b078eb8a3de1b6d8edd3b8cd5e42,2026-03-06T22:22:15Z,solana-up-or-down-march-6-5pm-et,Up,SELL,43,0.56,0.47,0.48,0.01,0.475,0.4735752592,0.4323936212,1749.43,2296.49,82.3529411765,0.0117647059,0.0039295262,159.202182,0.5103596052,172,PASSIVE,,TRADE,,0.085,0.085,0.095,0.095,,1.95555462,REDUCE
0x83537efd8c812a67ab51757220abb26649bbf5151e6015edc401cc964f030ab5,2026-03-06T22:22:25Z,bitcoin-up-or-down-march-6-5pm-et,Up,SELL,18,0.64,0.61,0.62,0.01,0.615,0.6131578947,0.5369393828,2883.59,2486.83,84.2105263158,0.0115789474,0.0037463432,41.037776,0.6255479596,34,PASSIVE,,TRADE,,0.025,0.025,0.035,0.075,,0.40302208,REDUCE
0x16fc3d83917247c8cc6bf3c1ac86b68986627311554fb7f3b19cf74c23c47062,2026-03-06T22:22:29Z,solana-up-or-down-march-6-5pm-et,Up,BUY,25,0.54,0.47,0.48,0.01,0.475,0.4717876296,0.4311578084,1744.43,2301.49,83.3333333333,0.0116666667,0.0038348249,116.202182,0.5103596052,14,CROSS,,TRADE,,-0.065,-0.065,-0.105,-0.11,168,,OPEN
0x29e6f232ead7ddca012f98a64e3079cc5a11a14fa28b220f082f3f9527d173e8,2026-03-06T22:22:35Z,bitcoin-up-or-down-march-6-5pm-et,Down,SELL,18,0.39,0.38,0.39,0.01,0.385,0.3898005505,0.6175804432,2268.62,1404.78,93.75,0.01125,0.005,235.367473,0.4789163841,170,PASSIVE,,TRADE,,-0.005,-0.005,0.015,-0.045,,-1.7643489,REDUCE
0xab932389dde15dc379bce736bc21395b02a5f9cebcdf3441eecbc8903da6fc73,2026-03-06T22:22:35Z,bitcoin-up-or-down-march-6-5pm-et,Down,SELL,11.0055,0.4,0.38,0.39,0.01,0.385,0.3898005505,0.6175804432,2268.62,1404.78,94.1176470588,0.0111764706,0.0048507125,217.367473,0.4789163841,0,PASSIVE,,TRADE,,0.005,0.005,0.025,-0.035,,-0.66033,REDUCE
0x25c483939ed619f24f852914b5baea227470486bf98f7de1b14de1726c7dbe0c,2026-03-06T22:22:35Z,bitcoin-up-or-down-march-6-5pm-et,Down,SELL,6.99,0.4,0.39,0.4,0.01,0.395,0.3972193386,0.521573733,2515.91,2307.78,94.4444444444,0.0111111111,0.0047140452,206.361973,0.4789163841,0,PASSIVE,,TRADE,,0.005,0.005,0.025,-0.035,,-0.3957227856,REDUCE
0x4515bced0f621c52f3676db7a599b13f7183e49bc12701fafbc4fa90db07de6e,2026-03-06T22:22:35Z,solana-up-or-down-march-6-5pm-et,Down,BUY,2.03,0.52,0.56,0.57,0.01,0.565,0.5647634069,0.6471450351,2304.93,1256.76,82.3529411765,0.0117647059,0.0039295262,298.554496,0.5273175533,36,PASSIVE,,TRADE,,0.045,0.045,0.005,0.055,50,,OPEN
0xaa043f3dde10a94fe90b8823e3c678918dc25bfd170cb2be5a04d29c96ffbe6e,2026-03-06T22:22:39Z,solana-up-or-down-march-6-5pm-et,Down,BUY,5,0.52,0.56,0.57,0.01,0.565,0.5647634069,0.6471450351,2304.93,1256.76,83.3333333333,0.0116666667,0.0038348249,300.584496,0.5272681342,4,PASSIVE,,TRADE,,0.045,0.045,0.005,0.035,46,,OPEN
0x64514be768077ff4cd63738463662dfc2a888636daa4ea5fe17a4740ca2fbabb,2026-03-06T22:22:43Z,solana-up-or-down-march-6-5pm-et,Down,BUY,17.97,0.52,0.56,0.57,0.01,0.565,0.5652310677,0.6481167489,2304.93,1251.42,84.2105263158,0.0115789474,0.0037463432,305.584496,0.5271492123,4,PASSIVE,,TRADE,,0.045,0.045,0.015,0.035,42,,OPEN
0xf1d49c302f615782f80bfa16a227f7d9f23d7267cb7027e4bdb71f281ec4a50c,2026-03-06T22:22:47Z,bitcoin-up-or-down-march-6-5pm-et,Down,BUY,18,0.37,0.39,0.4,0.01,0.395,0.3990246281,0.5206437145,2683.96,2471.12,94.7368421053,0.0110526316,0.0045883147,199.371973,0.4789163841,12,PASSIVE,,TRADE,,0.025,0.025,0.065,0.025,86,,OPEN
0xe017a76d8633fdc4c2a505955cb31e39622eb892f736a04317417f221fb7db30,2026-03-06T22:22:49Z,xrp-up-or-down-march-6-5pm-et,Up,BUY,13.333332,0.700000045,0.7,0.71,0.01,0.705,0.704910811,0.446210554,1492.61,1852.47,52.9411764706,0.0147058824,0.0051449576,118.656851,0.6492251446,54,PASSIVE,,TRADE,,-0.005000045,-0.015000045,0.024999955,0.064999955,158,,OPEN
0x8d007c52dd7ac1de8bcaad418a550a6353d8cfe1c74b1e7afbf6571637c157fe,2026-03-06T22:22:59Z,ethereum-up-or-down-march-6-5pm-et,Up,BUY,1.56,0.53,0.53,0.54,0.01,0.535,0.5380686403,0.5471154655,4811.41,3982.73,100,0.01,0,47.5,0.5010526316,504,PASSIVE,,TRADE,,0.005,0.005,-0.035,0.005,726,,OPEN
0xbb955cfd6b3e216720f6a15086cb07a8614907f0b338f6e7f0e3dc4d30d39340,2026-03-06T22:23:07Z,xrp-up-or-down-march-6-5pm-et,Up,BUY,10,0.69,0.76,0.78,0.02,0.77,0.7782935154,0.5683872495,1872.62,1422,100,0.0152631579,0.0051298918,131.990183,0.6543543033,18,PASSIVE,,TRADE,,0.08,0.035,0.055,0.1,140,,OPEN
0xe72e44ab9e2182e821e049f54df117dc51a35f66c5f78d6239e639c8b1bb5843,2026-03-06T22:23:07Z,bitcoin-up-or-down-march-6-5pm-et,Down,BUY,18,0.4,0.37,0.38,0.01,0.375,0.3703100775,0.4504036968,2629.7,3208.84,95.4545454545,0.0109090909,0.0042640143,217.371973,0.4698973055,20,CROSS,,TRADE,,-0.025,0.035,0.035,0.025,66,,OPEN
0x60a4a8d56af6cd1d80c588b30b83992e4caa4d0ed0afca57ca073cb119bb9565,2026-03-06T22:23:09Z,solana-up-or-down-march-6-5pm-et,Down,BUY,10,0.57,0.56,0.58,0.02,0.57,0.5705985385,0.478085623,2114.85,2308.73,100,0.0113043478,0.0034435022,323.554496,0.5267521499,26,PASSIVE,,TRADE,,0,0,-0.015,0.005,16,,OPEN
0x097cff88ad2370e567395431cd0823e02e799d470e341feed8abc149f01d13a5,2026-03-06T22:23:19Z,bitcoin-up-or-down-march-6-5pm-et,Up,BUY,6,0.59,0.56,0.57,0.01,0.565,0.5687439117,0.551045164,2934.58,2390.9,95.2380952381,0.0104761905,0.0021821789,23.037776,0.6255479596,54,CROSS,,TRADE,,-0.025,-0.025,0.015,-0.025,782,,OPEN
0x4f8728f51acce671a616fe2169b7fe5a01d09a84f312e6c0d7d88b3c4a97c087,2026-03-06T22:23:25Z,solana-up-or-down-march-6-5pm-et,Down,SELL,2.016948,0.5899998413,0.55,0.56,0.01,0.555,0.559,0.4626271784,1928.85,2240.49,87.5,0.01125,0.0033783196,333.554496,0.5280487251,16,PASSIVE,,TRADE,,0.0349998413,0.0349998413,0.0549998413,0.0149998413,,0.3630503199,REDUCE
0xd5754fcbe5b44c035cb38bd77e16987dc8bdd939988012335021f7fa9b55137c,2026-03-06T22:23:27Z,solana-up-or-down-march-6-5pm-et,Down,SELL,1.694914,0.5899998466,0.55,0.56,0.01,0.555,0.559,0.4626271784,1928.85,2240.49,88,0.0112,0.0033166248,331.537548,0.5280487251,2,PASSIVE,,TRADE,,0.0349998466,0.0349998466,0.0449998466,0.0199998466,,0.30508426,REDUCE
0x7efcf1e7ba185a248ee465afa8318edd151a378f10bcb65dd12f131af9402565,2026-03-06T22:23:27Z,solana-up-or-down-march-6-5pm-et,Down,SELL,5,0.59,0.55,0.56,0.01,0.555,0.559,0.4626271784,1928.85,2240.49,88.4615384615,0.0111538462,0.0032581259,329.842634,0.5280487251,0,PASSIVE,,TRADE,,0.035,0.035,0.045,0.02,,0.90947288,REDUCE
0x07c616248be542ade5fb88b768b8bfc479df006df047f4b8a5a5833424368350,2026-03-06T22:23:27Z,solana-up-or-down-march-6-5pm-et,Down,SELL,1.694914,0.5899998466,0.55,0.56,0.01,0.555,0.559,0.4626271784,1928.85,2240.49,88.8888888889,0.0111111111,0.0032025631,324.842634,0.5280487251,0,PASSIVE,,TRADE,,0.0349998466,0.0349998466,0.0449998466,0.0199998466,,0.3220334,REDUCE
0x9a887d3122a5b08b30bf933ed17d8e2848ebbdf31feab300f42c2dd6bf51691e,2026-03-06T22:23:29Z,solana-up-or-down-march-6-5pm-et,Down,SELL,1.694914,0.5899998466,0.55,0.56,0.01,0.555,0.559,0.4626271784,1928.85,2240.49,89.2857142857,0.0110714286,0.0031497039,323.14772,0.5280487251,2,PASSIVE,,TRADE,,0.0349998466,0.0349998466,0.0449998466,0.0249998466,,0.3220334,REDUCE
0xf1097c752f3069cd1d982d01052ead0fa53a066b8743f6e82d82bff2c5e31eaf,2026-03-06T22:23:41Z,solana-up-or-down-march-6-5pm-et,Down,SELL,10,0.59,0.55,0.56,0.01,0.555,0.559,0.4626271784,1928.85,2240.49,89.6551724138,0.0110344828,0.0030993405,321.452806,0.5280487251,12,PASSIVE,,TRADE,,0.055,0.055,0.015,0.025,,1.86365768,REDUCE
0xcbabc4484275c4d5a7abb3657928b375f1d6e9fb97addd737faa8191aaec3a34,2026-03-06T22:23:41Z,solana-up-or-down-march-6-5pm-et,Down,SELL,1.965083,0.5899995064,0.55,0.56,0.01,0.555,0.559,0.4626271784,1928.85,2240.49,90,0.011,0.0030512858,311.452806,0.5280487251,0,PASSIVE,,TRADE,,0.0549995064,0.0549995064,0.0149995064,0.0249995064,,0.33406314,REDUCE
0x5b2de78552bcda7b6b3b8acd4aa5145670ea583fe7a18cf101511f2a3a5b0997,2026-03-06T22:23:49Z,solana-up-or-down-march-6-5pm-et,Up,BUY,9.473683,0.4300000327,0.43,0.44,0.01,0.435,0.4381414282,0.5479104941,2222.84,1834.1,80,0.012,0.0041039134,141.202182,0.5156074694,80,PASSIVE,,TRADE,,0.0049999673,0.0049999673,-0.0050000327,-0.0150000327,88,,OPEN
0xde5573fb3b0d8394e22ba770d265501f4eaad2c1e3c88373cdb4f783604bbc05,2026-03-06T22:23:49Z,ethereum-up-or-down-march-6-5pm-et,Down,BUY,1.85185,0.46,0.49,0.5,0.01,0.495,0.4904487179,0.4650349767,4188.77,4818.66,90,0.011,0.0030779351,93.730457,0.5100460289,394,PASSIVE,,TRADE,,0.035,0.035,0.055,0.03,580,,OPEN
0x1c91d5bf64fe936b827a678a7aaaeea8ece7a7758451fac02643529bf8d6fc2a,2026-03-06T22:24:05Z,xrp-up-or-down-march-6-5pm-et,Up,BUY,20,0.77,0.77,0.78,0.01,0.775,0.7797652582,0.4409321773,1404.66,1781,50,0.015,0.0051449576,141.990183,0.6568647372,58,PASSIVE,,TRADE,,0.005,0.005,0.01,0.035,82,,OPEN
0xa5effb535bf7e388f4f55b3fbe3c145049eaa3159a5998449e91f1a280be9864,2026-03-06T22:24:13Z,bitcoin-up-or-down-march-6-5pm-et,Down,SELL,7,0.43,0.43,0.44,0.01,0.435,0.4370313101,0.4634742065,2417.5,2798.54,100,0.01,0,235.371973,0.4645519303,66,CROSS,,TRADE,,-0.005,-0.005,-0.015,0.015,,-0.1012310044,REDUCE
0x16fbad956ee8799b12979d37ca73808f2ef025168ef1a584035f3ef4725dc598,2026-03-06T22:24:31Z,bitcoin-up-or-down-march-6-5pm-et,Down,BUY,18,0.43,0.44,0.45,0.01,0.445,0.4489087857,0.4710580965,2436.19,2735.55,94.7368421053,0.0105263158,0.0022941573,228.371973,0.4645519303,18,PASSIVE,,TRADE,,0.015,0.015,-0.015,-0.015,24,,OPEN
0xac9a6d13ec55b260f40b8bfd9f7cb789f53afa484fde584235bf6d918b1bc0b1,2026-03-06T22:24:39Z,xrp-up-or-down-march-6-5pm-et,Up,BUY,17.391303,0.7700000397,0.78,0.79,0.01,0.785,0.7896732026,0.5197080115,1717.24,1587,47.3684210526,0.0152631579,0.0051298918,161.990183,0.6708329001,34,PASSIVE,,TRADE,,0.0249999603,0.0249999603,0.0399999603,0.0549999603,48,,OPEN
0x0b9a5ed4c9de6ff075f2af13a7960ed157830167f6ce505a32fbe6dda5d49e07,2026-03-06T22:24:53Z,bitcoin-up-or-down-march-6-5pm-et,Down,BUY,18,0.4,0.43,0.44,0.01,0.435,0.4330538729,0.4802612279,2504.74,2710.63,90,0.011,0.0030779351,246.371973,0.4620275574,22,PASSIVE,,TRADE,,0.035,0.015,0.015,0.015,2,,OPEN
0x79652b65afc97b3907e0ec7fb5857234be149dbbb1376c023fc5a3ce04d527f2,2026-03-06T22:24:55Z,bitcoin-up-or-down-march-6-5pm-et,Down,SELL,18,0.44,0.41,0.42,0.01,0.415,0.4134042553,0.5062723608,2677.31,2610.97,91.6666666667,0.0108333333,0.0028232985,264.371973,0.4578043562,2,PASSIVE,,TRADE,,0.025,0.025,0.025,0.025,,-0.52958983,REDUCE
0x74ecfca65b577841c7908e06be0416f83196f2446f1ecb7f8e132616b12c8275,2026-03-06T22:25:05Z,ethereum-up-or-down-march-6-5pm-et,Down,BUY,8.592591,0.4600000163,0.48,0.49,0.01,0.485,0.481404643,0.4723780113,4374.74,4886.36,90.4761904762,0.010952381,0.003007926,95.582307,0.509076417,76,PASSIVE,,TRADE,,0.0249999837,0.0249999837,-0.0150000163,-0.0350000163,504,,OPEN
0xbd8896f2ed741475cef24efa73c13326ce553091ffb4e4efa211592e689ba952,2026-03-06T22:25:17Z,solana-up-or-down-march-6-5pm-et,Up,SELL,13.333332,0.44999997,0.46,0.47,0.01,0.465,0.469497992,0.584680986,2287.12,1624.62,66.6666666667,0.0133333333,0.0048304589,150.675865,0.510224937,88,CROSS,,TRADE,,-0.01500003,-0.01500003,-0.01500003,-0.09500003,,-0.93333364,REDUCE
0xa0d0b70553a229a2731b402bd32114b583fe1754ae5a125262c5099deafb350c,2026-03-06T22:25:27Z,xrp-up-or-down-march-6-5pm-et,Up,SELL,20,0.82,0.82,0.83,0.01,0.825,0.822992993,0.5203246457,1745.07,1608.74,63.6363636364,0.0136363636,0.0049236596,179.381486,0.6804473024,48,CROSS,,TRADE,,-0.005,-0.005,-0.005,-0.005,,3.8521776684,REDUCE
0xbd357fd213384153617ece78cd62aaf311e7a887ca06d9e18a456c6f5e20ede1,2026-03-06T22:25:27Z,xrp-up-or-down-march-6-5pm-et,Up,BUY,20,0.8,0.82,0.83,0.01,0.825,0.822992993,0.5203246457,1745.07,1608.74,65.2173913043,0.0134782609,0.0048698475,159.381486,0.6804473024,0,PASSIVE,,TRADE,,0.025,0.025,0.025,0.025,24,,OPEN
0x1576025bfd41ee945a085cf8ca31a5c1df0f6ef0f3dcef883ce15d4d9b392140,2026-03-06T22:25:39Z,bitcoin-up-or-down-march-6-5pm-et,Down,BUY,5,0.4,0.41,0.42,0.01,0.415,0.4198529412,0.5191454168,2843.51,2633.78,91.3043478261,0.0108695652,0.0028810407,246.371973,0.4578043562,44,PASSIVE,,TRADE,,0.015,0.015,0.02,0.015,40,,OPEN
0xd132afdf028428b558b69df967cebfdeb7fe0d67831ebeb9ed2ea5a7673ee422,2026-03-06T22:25:51Z,xrp-up-or-down-march-6-5pm-et,Up,SELL,5.98795,0.8299999165,0.82,0.83,0.01,0.825,0.8260957834,0.4466704155,1699.84,2105.74,87.5,0.01125,0.0033783196,179.381486,0.6937767379,24,PASSIVE,,TRADE,,0.0049999165,0.0049999165,0.0149999165,-0.0000000835,,1.1975895,REDUCE
0x18371c22be8300e7bca61e3a80033560e8a74fe4dced877910aedb0354d5492c,2026-03-06T22:25:57Z,solana-up-or-down-march-6-5pm-et,Up,BUY,4.92213,0.48,0.52,0.53,0.01,0.525,0.5240322581,0.619984932,2476.97,1518.24,78.2608695652,0.012173913,0.0042174117,137.342533,0.510224937,40,PASSIVE,,TRADE,,0.045,0.045,0.075,0.07,76,,OPEN
0x9072ad983fa4da70adce0347a0518032ccd90ff39c84da7ec05cae8af0bbfa0f,2026-03-06T22:25:57Z,solana-up-or-down-march-6-5pm-et,Up,BUY,4.92244,0.47,0.52,0.53,0.01,0.525,0.5240322581,0.619984932,2476.97,1518.24,79.1666666667,0.0120833333,0.0041485112,142.264663,0.5091792025,0,PASSIVE,,TRADE,,0.055,0.055,0.085,0.08,76,,OPEN
0x06e9f09ddbe46441117d019548abf993200e65e6aee870bd3bfc66a1645502a9,2026-03-06T22:26:19Z,bitcoin-up-or-down-march-6-5pm-et,Down,SELL,18,0.45,0.41,0.42,0.01,0.415,0.4170170455,0.4320033294,2221.4,2920.69,84.2105263158,0.0115789474,0.0037463432,251.371973,0.4566545789,40,PASSIVE,,TRADE,,0.035,0.035,0.035,-0.055,,-0.69567501,REDUCE
0xf790da2a30cb4e19b4fb127645ff02ff84e07649da1592f758a83e03cfd13dd4,2026-03-06T22:26:29Z,solana-up-or-down-march-6-5pm-et,Up,BUY,10,0.55,0.54,0.55,0.01,0.545,0.5492026507,0.5933714101,2718.81,1863.16,100,0.01,0,147.187103,0.507868916,32,CROSS,,TRADE,,-0.005,-0.005,0,-0.025,44,,OPEN
0x24e6c861328db3486e73b5edf47f675ec70f276475bfb742cd9482fefb222257,2026-03-06T22:26:29Z,solana-up-or-down-march-6-5pm-et,Up,BUY,29.54058,0.55,0.54,0.55,0.01,0.545,0.5492026507,0.5933714101,2718.81,1863.16,100,0.01,0,157.187103,0.5105492303,0,CROSS,,TRADE,,-0.005,-0.005,0,-0.025,44,,OPEN
0xa569338fd15c1308b2b04977410970ea551a2b887e8090cd3b8855046c063ae7,2026-03-06T22:27:13Z,solana-up-or-down-march-6-5pm-et,Up,SELL,5,0.49,0.52,0.53,0.01,0.525,0.5282640016,0.6252745256,2718.95,1629.46,95.8333333333,0.0104166667,0.0020412415,186.727683,0.5167903971,44,CROSS,,TRADE,,-0.035,-0.035,-0.04,-0.115,,-0.15,REDUCE
0x85a97a5da303adce8fb94a326f80a4fac94ef0a7da15d2b169645b904a2c2c27,2026-03-06T22:27:17Z,xrp-up-or-down-march-6-5pm-et,Up,SELL,20,0.78,0.77,0.78,0.01,0.775,0.771171875,0.5675073866,2120.48,1616,63.6363636364,0.0136363636,0.0049236596,173.393536,0.6937767379,86,PASSIVE,,TRADE,,0.005,0.005,0.01,-0.005,,3.06245551,REDUCE
0xb284429f75fd2705a423c84e1b10d2927c2775d99c28ff778289adfa9348f507,2026-03-06T22:27:19Z,xrp-up-or-down-march-6-5pm-et,Down,BUY,4.9608,0.23,0.22,0.23,0.01,0.225,0.2271518987,0.4324926134,1616,2120.48,63.6363636364,0.0136363636,0.0049236596,283.546664,0.4531847211,506,CROSS,,TRADE,,-0.005,-0.005,0,-0.015,146,,OPEN
0x7de6110e9c7929d97fc0a06888114e9bf929a64a059f7b1c0f04f1e15c516c95,2026-03-06T22:27:25Z,bitcoin-up-or-down-march-6-5pm-et,Down,BUY,18,0.5,0.46,0.47,0.01,0.465,0.4690318146,0.4931707805,2857.54,2936.68,100,0.01,0,233.371973,0.4566545789,66,CROSS,,TRADE,,-0.035,-0.035,-0.01,-0.055,60,,OPEN
0x2d53cadc30ff2ae371a8ab48991667fdf87a1a001d1dcb29cee0a195c07cb20a,2026-03-06T22:27:39Z,xrp-up-or-down-march-6-5pm-et,Up,BUY,2.291665,0.7600002618,0.77,0.78,0.01,0.775,0.7726298488,0.5712990528,2110.95,1584.05,54.5454545455,0.0145454545,0.0050964719,153.393536,0.6937767379,22,PASSIVE,,TRADE,,0.0149997382,0.0149997382,0.0149997382,0.0399997382,40,,OPEN
0x46dd27bc1eb1195d76eece89863e9f259913f82a3c9aa5cfb2413da3f226ff21,2026-03-06T22:28:03Z,xrp-up-or-down-march-6-5pm-et,Up,BUY,34.74235,0.78,0.79,0.81,0.02,0.8,0.8081506824,0.5579812194,2099.94,1663.52,100,0.0125,0.0044426166,155.685201,0.6947515392,24,PASSIVE,,TRADE,,0.015,0.015,0.02,-0.02,16,,OPEN
0xecce6c87790ca7938c32324e35ddd4e038b3ad467e040c7a6699719ade242b54,2026-03-06T22:28:13Z,solana-up-or-down-march-6-5pm-et,Down,BUY,1.803276,0.3900001996,0.37,0.38,0.01,0.375,0.375862069,0.4993691188,2386.5,2392.53,83.3333333333,0.0116666667,0.0038348249,309.487723,0.5280487251,272,CROSS,,TRADE,,-0.0150001996,-0.0150001996,-0.0200001996,0.0549998004,,,OPEN
0x7bcf1e5626d5f721a0668c336cac90dce904e2203619f288762c1eba1e764450,2026-03-06T22:28:13Z,ethereum-up-or-down-march-6-5pm-et,Down,BUY,1.724135,0.420000174,0.45,0.46,0.01,0.455,0.4525462963,0.4835143627,4559.7,4870.63,94.4444444444,0.0105555556,0.0023570226,104.174898,0.5050284799,188,PASSIVE,,TRADE,,0.034999826,0.034999826,0.034999826,0.104999826,316,,OPEN
0xb1c039518b9bcafcfb000477bf0d2298d8a785ea7a36da7be26d04e43028504d,2026-03-06T22:28:13Z,solana-up-or-down-march-6-5pm-et,Down,BUY,1.803276,0.3900001996,0.37,0.38,0.01,0.375,0.375862069,0.4993691188,2386.5,2392.53,84.2105263158,0.0115789474,0.0037463432,311.290999,0.5272490245,0,CROSS,,TRADE,,-0.0150001996,-0.0150001996,-0.0200001996,0.0549998004,,,OPEN
0x79ec91fd88949a33f82a7d941f03ed2673f064b4564f1d1d2ca5fad1dc41128a,2026-03-06T22:28:13Z,ethereum-up-or-down-march-6-5pm-et,Down,BUY,9.63793,0.4200000415,0.45,0.46,0.01,0.455,0.4525462963,0.4835143627,4559.7,4870.63,94.7368421053,0.0105263158,0.0022941573,105.899033,0.5036441398,0,PASSIVE,,TRADE,,0.0349999585,0.0349999585,0.0349999585,0.1049999585,316,,OPEN
0x7525de2917cc3ead02a9eda736a4a665f50866fd6f9b278e34578349e90e9d54,2026-03-06T22:28:19Z,xrp-up-or-down-march-6-5pm-et,Up,SELL,1.25,0.8,0.79,0.8,0.01,0.795,0.799726776,0.5921040375,2097.57,1445,76.1904761905,0.0123809524,0.0043643578,190.427551,0.710304603,16,PASSIVE,,TRADE,,0,0,0.025,0.035,,0.2249998958,REDUCE
0xe3aeaaeb9334bcb334d0816883c30241241a890254c4edb4d4f516f4323250d6,2026-03-06T22:28:25Z,bitcoin-up-or-down-march-6-5pm-et,Down,SELL,13,0.45,0.46,0.47,0.01,0.465,0.4698940173,0.4602315674,2258.95,2649.34,88.2352941176,0.0111764706,0.0033210558,251.371973,0.4597584157,60,CROSS,,TRADE,,-0.015,-0.015,-0.015,-0.045,,-0.39810833,REDUCE
0x52da20b932d2be8118f46ad999e5dbab0642c8600ebd37d36e9417c1e6549764,2026-03-06T22:28:27Z,solana-up-or-down-march-6-5pm-et,Up,SELL,1.803277,0.6099994621,0.62,0.63,0.01,0.625,0.625,0.5571917626,2612.31,2076.04,94.1176470588,0.0105882353,0.0024253563,181.727683,0.5167903971,74,CROSS,,TRADE,,-0.0150005379,-0.0150005379,0.0349994621,0.0549994621,,0.16229396,REDUCE
0x700b49e03fff09667bac8762288076c38298ea0a116cca9f4d11293f4e91df3f,2026-03-06T22:28:27Z,solana-up-or-down-march-6-5pm-et,Up,SELL,6.79,0.61,0.62,0.63,0.01,0.625,0.625,0.5571917626,2612.31,2076.04,94.4444444444,0.0105555556,0.0023570226,179.924406,0.5167903971,0,CROSS,,TRADE,,-0.015,0.005,0.035,0.055,,0.6111,REDUCE
0x3d1e290931e88ba110abd2276275f0ed233712e7398c2dfb3efe5766ed30ea38,2026-03-06T22:28:27Z,solana-up-or-down-march-6-5pm-et,Up,SELL,4.131146,0.6099999855,0.62,0.63,0.01,0.625,0.625,0.5571917626,2612.31,2076.04,94.7368421053,0.0105263158,0.0022941573,173.134406,0.5167903971,0,CROSS,,TRADE,,-0.0150000145,0.0049999855,0.0349999855,0.0549999855,,0.3718030801,REDUCE
0xfcaeb9924c5b7632e4a4268d7b1ca7b828f0f84d58311befbecb3fb6201654d4,2026-03-06T22:28:27Z,solana-up-or-down-march-6-5pm-et,Up,SELL,1.77,0.61,0.62,0.63,0.01,0.625,0.625,0.5571917626,2612.31,2076.04,95,0.0105,0.002236068,169.00326,0.5167903971,0,CROSS,,TRADE,,-0.015,0.005,0.035,0.055,,0.1593,REDUCE
0x69e598d1701d935488d1b2317e93171efdf3a8f7e73256aabc5fbb45b74be339,2026-03-06T22:28:27Z,solana-up-or-down-march-6-5pm-et,Up,SELL,4.091638,0.609999956,0.62,0.63,0.01,0.625,0.625,0.5571917626,2612.31,2076.04,95.2380952381,0.0104761905,0.0021821789,167.23326,0.5167903971,0,CROSS,,TRADE,,-0.015000044,0.004999956,0.034999956,0.054999956,,0.36824724,REDUCE
0x52f8644a10b0d3ad321d4289bdcc6e0224284e5623587097f10f5aeea897bad9,2026-03-06T22:28:27Z,solana-up-or-down-march-6-5pm-et,Up,SELL,8.19672,0.6099999756,0.62,0.63,0.01,0.625,0.625,0.5571917626,2612.31,2076.04,95.4545454545,0.0104545455,0.0021320072,163.141622,0.5167903971,0,CROSS,,TRADE,,-0.0150000244,0.0049999756,0.0349999756,0.0549999756,,0.7377046,REDUCE
0x4a927867e495fa16c49525d690aedf9e1f2e8791bf6f6cb3d986b122e2a3ca78,2026-03-06T22:28:29Z,solana-up-or-down-march-6-5pm-et,Up,SELL,1.803277,0.6099994621,0.62,0.63,0.01,0.625,0.625,0.5571917626,2612.31,2076.04,95.652173913,0.0104347826,0.0020851441,154.944902,0.5167903971,2,CROSS,,TRADE,,-0.0150005379,0.0049994621,0.0349994621,0.0549994621,,0.16229396,REDUCE
0x8c81f0faa1d27a17e4381413fe5047e59f324d862a0450f02ec3a93e2548f553,2026-03-06T22:29:07Z,ethereum-up-or-down-march-6-5pm-et,Up,BUY,1.923075,0.48,0.47,0.48,0.01,0.475,0.4710868553,0.5019143631,4615.74,4580.53,88.8888888889,0.0111111111,0.0032338083,49.06,0.5019730942,368,CROSS,,TRADE,,0.005,0.005,-0.015,-0.01,358,,OPEN
0xfce4ddca6ecc21d9c0b1dc0354e469bdf639d94dff120341ed45d7246d275674,2026-03-06T22:29:07Z,ethereum-up-or-down-march-6-5pm-et,Up,BUY,9.596152,0.4800000042,0.47,0.48,0.01,0.475,0.4710868553,0.5019143631,4615.74,4580.53,89.4736842105,0.0110526316,0.0031530177,50.983075,0.5011442719,0,CROSS,,TRADE,,0.0049999958,0.0049999958,-0.0150000042,-0.0100000042,358,,OPEN
0x73f7f92b3c983b2608d254bbe4e6b8ea3a4ca75ac00ff5600e913c80ecdf1714,2026-03-06T22:29:09Z,ethereum-up-or-down-march-6-5pm-et,Up,BUY,9.78846,0.4800000204,0.47,0.48,0.01,0.475,0.4710868553,0.5019143631,4615.74,4580.53,90,0.011,0.0030779351,60.579227,0.4977948794,2,CROSS,,TRADE,,0.0049999796,-0.0150000204,-0.0150000204,-0.0050000204,356,,OPEN
0x235c448c43de8efe8ecd94b05ed80cded72ea6d64612e873691f03a0fd563f13,2026-03-06T22:29:11Z,xrp-up-or-down-march-6-5pm-et,Down,BUY,34.72557,0.23,0.23,0.25,0.02,0.24,0.2316289298,0.414549381,1528,2157.93,100,0.0138888889,0.0050163133,288.507464,0.4493471262,112,PASSIVE,,TRADE,,0.005,0.005,-0.01,-0.025,34,,OPEN
0x5cf578588028ab32f51365348b69506c1bbbd55242ee411a4e86e785d869c3e0,2026-03-06T22:29:11Z,ethereum-up-or-down-march-6-5pm-et,Up,BUY,4.85185,0.46,0.47,0.48,0.01,0.475,0.4709271084,0.5007417419,4631.11,4617.39,90.4761904762,0.010952381,0.003007926,70.367687,0.4953195349,2,PASSIVE,,TRADE,,0.025,0.005,0.01,0.015,354,,OPEN
0xee95fae626c7075beef2916c685572bfafd0bc7fbed9296dce1feaa5c26ee1b9,2026-03-06T22:29:11Z,ethereum-up-or-down-march-6-5pm-et,Up,BUY,1.62,0.46,0.47,0.48,0.01,0.475,0.4709271084,0.5007417419,4631.11,4617.39,90.9090909091,0.0109090909,0.0029424494,75.219537,0.4930413358,0,PASSIVE,,TRADE,,0.025,0.005,0.01,0.015,354,,OPEN
0xddca867ad96428099483fd37933b87b20243d44d8b7648add9c18dfcc8855883,2026-03-06T22:29:11Z,ethereum-up-or-down-march-6-5pm-et,Up,BUY,18.518517,0.4600000097,0.47,0.48,0.01,0.475,0.4710889986,0.5009828525,4661.42,4643.13,91.3043478261,0.0108695652,0.0028810407,76.839537,0.4923447287,0,PASSIVE,,TRADE,,0.0249999903,0.0049999903,0.0099999903,0.0149999903,354,,OPEN
0xca75cf23de08934ac5f9d820d8c120bf2032e761654adc42c8c20af0529e297a,2026-03-06T22:29:11Z,xrp-up-or-down-march-6-5pm-et,Up,SELL,20,0.77,0.76,0.77,0.01,0.765,0.7694444444,0.5736527223,1981.93,1473,75,0.0125,0.0044426166,189.177551,0.710304603,52,PASSIVE,,TRADE,,0.005,0.005,-0.005,-0.025,,3.1549545809,REDUCE
0x2793f2a9d77316723507b7c0d9581d6c75c81e7a46a7b7baf2b4ac51837381e9,2026-03-06T22:29:43Z,xrp-up-or-down-march-6-5pm-et,Up,BUY,0.836665,0.7600007171,0.79,0.8,0.01,0.795,0.795,0.5990379174,2117,1417,80.9523809524,0.0119047619,0.0040237391,169.177551,0.710304603,32,PASSIVE,,TRADE,,0.0349992829,0.0249992829,0.0299992829,0.0199992829,130,,OPEN
0xe49ec3bfffe529b762e62fcc2398bd893db37b437d27ff8b53cdefd9ff211991,2026-03-06T22:29:45Z,xrp-up-or-down-march-6-5pm-et,Down,SELL,5,0.23,0.2,0.21,0.01,0.205,0.2056497175,0.4509827428,1580,1923.46,90.4761904762,0.010952381,0.003007926,323.233034,0.4257822266,34,PASSIVE,,TRADE,,0.025,0.025,0.01,0.01,,-1.1,REDUCE
0x5f5e3c051146fd319078aa8a12717884ffc7364a3e9ce9e2c4c4c24f7a1d8ce4,2026-03-06T22:30:01Z,bitcoin-up-or-down-march-6-5pm-et,Down,BUY,18,0.47,0.45,0.46,0.01,0.455,0.4521226415,0.453916583,2526.94,3040.03,100,0.01,0,238.371973,0.4597584157,96,CROSS,,TRADE,,-0.015,-0.015,0.035,0.025,24,,OPEN
0x83dbadb2ab6ce5e347eec082e292461adf91a29bd7756d5655698e4275189e8c,2026-03-06T22:30:09Z,bitcoin-up-or-down-march-6-5pm-et,Down,BUY,18,0.41,0.51,0.52,0.01,0.515,0.5158498874,0.3030729777,2248.95,5171.54,100,0.01,0,256.371973,0.4604774823,8,PASSIVE,,TRADE,,0.105,0.095,0.105,0.085,16,,OPEN
0x0280614151bedfeb2c4722422fc56dd4641d80ba4f6f2a36b107b9f2c44d5060,2026-03-06T22:30:25Z,bitcoin-up-or-down-march-6-5pm-et,Down,SELL,20,0.46,0.51,0.52,0.01,0.515,0.5144642947,0.3219021348,2574.29,5422.83,100,0.01,0,274.371973,0.4571659389,16,CROSS,,TRADE,,-0.055,-0.055,-0.055,-0.035,,-0.68378334,REDUCE
0x5a51d14fde2c91d63afecf9e28159ebdd033b969111c304039487e2568cdd92f,2026-03-06T22:30:25Z,bitcoin-up-or-down-march-6-5pm-et,Down,SELL,30,0.48,0.51,0.52,0.01,0.515,0.5144642947,0.3219021348,2574.29,5422.83,100,0.01,0,254.371973,0.4571659389,0,CROSS,,TRADE,,-0.035,-0.035,-0.035,-0.015,,0.00567501,REDUCE
0x1cfb2ac362543ba1b2562df6fefbab8abec19156ef681762c4df1cd3017613cc,2026-03-06T22:30:27Z,solana-up-or-down-march-6-5pm-et,Down,BUY,2,0.45,0.47,0.48,0.01,0.475,0.47875,0.5563348958,2439,1945.05,94.1176470588,0.0105882353,0.0024253563,313.094275,0.5264585358,134,PASSIVE,,TRADE,,0.025,0.025,0.015,0.035,,,OPEN
0x86ab5c0f48a2a92f733a66787944dc565fdb19143d14f6aef0d33836bc4e00b4,2026-03-06T22:30:55Z,bitcoin-up-or-down-march-6-5pm-et,Down,SELL,10,0.52,0.49,0.5,0.01,0.495,0.4902143661,0.3543707913,2035.52,3708.52,100,0.01,0,224.371973,0.4571659389,30,PASSIVE,,TRADE,,0.025,0.025,0.025,-0.005,,0.48486664,REDUCE
0x8048a5fbd2f6069eb479c8f5d49bf6dbf703ab24d4e12a01e56b045045caca2e,2026-03-06T22:30:59Z,ethereum-up-or-down-march-6-5pm-et,Down,BUY,4.933332,0.5500000811,0.54,0.55,0.01,0.545,0.544,0.5566093965,4930.78,3927.82,94.7368421053,0.0110526316,0.0045883147,115.536963,0.4966666674,166,CROSS,,TRADE,,-0.0050000811,-0.0050000811,-0.0050000811,0.0749999189,150,,OPEN
0xee1984fd908d9f46758cd194945a2c99743ca74d77ba572bcfd6be3be4ba0594,2026-03-06T22:31:01Z,ethereum-up-or-down-march-6-5pm-et,Down,BUY,20.06,0.55,0.54,0.55,0.01,0.545,0.544,0.5566093965,4930.78,3927.82,95,0.011,0.004472136,120.470295,0.4988507032,2,CROSS,,TRADE,,-0.005,-0.005,0.025,0.075,148,,OPEN
0x3e4249db00c0c59991a1db0d24a2a92ed384fd566004df6cf0d8b7a27c6c7517,2026-03-06T22:31:39Z,solana-up-or-down-march-6-5pm-et,Down,BUY,25,0.5,0.55,0.56,0.01,0.555,0.5593797574,0.6040654786,2613,1712.69,84.2105263158,0.0115789474,0.0037463432,315.094275,0.52597323,72,PASSIVE,,TRADE,,0.055,0.055,0.04,0.135,,,OPEN
0xbd50dddfb9a57cf635220af243e3478372867bbbe23582714583901e2001b7b7,2026-03-06T22:31:53Z,xrp-up-or-down-march-6-5pm-et,Up,SELL,17.99,0.79,0.73,0.75,0.02,0.74,0.7397465887,0.4869113902,1805,1902.04,100,0.0110526316,0.0031530177,170.014216,0.7105491649,130,PASSIVE,,TRADE,,0.05,0.06,0.125,0.075,,1.7129573838,REDUCE
0x54d061bbdf2519d89943726d8c2cc61334857c67b706002a5b815c071d3a354c,2026-03-06T22:31:55Z,xrp-up-or-down-march-6-5pm-et,Down,BUY,33.70118,0.25,0.28,0.3,0.02,0.29,0.2830769231,0.451840356,1511.04,1833.15,100,0.0127777778,0.004608886,318.233034,0.4257822266,130,PASSIVE,,TRADE,,0.04,0.04,0.085,0.035,12,,OPEN
0xf5cbce55d8d94452ed004369d624bab0dafd8a3a20963f46972f73b4153ca276,2026-03-06T22:31:55Z,bitcoin-up-or-down-march-6-5pm-et,Down,BUY,29.53275,0.52,0.53,0.54,0.01,0.535,0.5328548488,0.3128548135,2461.72,5406.85,94.7368421053,0.0105263158,0.0022941573,214.371973,0.4571659389,60,PASSIVE,,TRADE,,0.015,0.015,0.075,0.065,96,,OPEN
0x67bacc732936a35e89656b98b4158aa6225dd5b5b1bf8c2e60068bf852d5c926,2026-03-06T22:32:03Z,bitcoin-up-or-down-march-6-5pm-et,Down,BUY,8.24,0.52,0.53,0.54,0.01,0.535,0.5328548488,0.3128548135,2461.72,5406.85,95,0.0105,0.002236068,243.904723,0.4647740844,8,PASSIVE,,TRADE,,0.015,0.015,0.075,0.065,88,,OPEN
0x9e83dbc24d96984350ee975e7b0e1d73331362f0dd11b04cbc35380c59409c23,2026-03-06T22:32:07Z,xrp-up-or-down-march-6-5pm-et,Down,SELL,20,0.28,0.28,0.3,0.02,0.29,0.2847058824,0.4895132624,1753.04,1828.15,100,0.0131578947,0.0047756693,351.934214,0.4089493407,12,CROSS,,TRADE,,-0.01,-0.01,-0.055,-0.005,,-3.34,REDUCE
0x439f8436b99d230d08058c18b5833f8ac95432203b2952b54117b1fa528d267d,2026-03-06T22:32:07Z,xrp-up-or-down-march-6-5pm-et,Up,BUY,4.95144,0.73,0.7,0.72,0.02,0.71,0.7144444444,0.5104575364,1833.15,1758.04,89.4736842105,0.0147368421,0.0069669227,152.024216,0.7105491649,14,CROSS,,TRADE,,-0.02,-0.02,-0.065,-0.015,164,,OPEN
0xf7fc4460445697bcd8fda9eee777afb187e2bbc6555bea82ad83145e8d9816eb,2026-03-06T22:32:25Z,solana-up-or-down-march-6-5pm-et,Down,BUY,5,0.56,0.62,0.64,0.02,0.63,0.6372259854,0.6090680584,2728.43,1751.25,100,0.0125,0.0045226702,340.094275,0.5240639631,46,PASSIVE,,TRADE,,0.075,0.075,0.075,0.075,,,OPEN
0x1cfe5e761c594ff32b463241f288118fb279cd0d44acf4a58dbe4da6f34d62a8,2026-03-06T22:32:35Z,ethereum-up-or-down-march-6-5pm-et,Up,BUY,25,0.36,0.32,0.33,0.01,0.325,0.3252008532,0.512889914,4998.82,4747.56,90.9090909091,0.0109090909,0.0030151134,95.358054,0.4860633901,204,CROSS,,TRADE,,-0.035,-0.005,-0.005,-0.035,150,,OPEN
0xfcae841a70d1de5b90086e46d06895c6c080d3edf6afb2f74d7b540a975c708c,2026-03-06T22:32:39Z,solana-up-or-down-march-6-5pm-et,Down,BUY,3.14487,0.61,0.62,0.64,0.02,0.63,0.6390879796,0.6082091317,2829.62,1822.76,100,0.0130769231,0.0048038446,345.094275,0.5245846329,14,PASSIVE,,TRADE,,0.025,0.025,0.025,0.015,,,OPEN
0x08daff65bafae636c9c0d4013c34af6fbbe9a5f9053b1af21fa4ddb08c3a1165,2026-03-06T22:32:39Z,bitcoin-up-or-down-march-6-5pm-et,Down,BUY,54.99648,0.6,0.59,0.6,0.01,0.595,0.5955741299,0.4871282425,2625.1,2763.83,92.3076923077,0.0107692308,0.002773501,252.144723,0.4665788477,36,CROSS,,TRADE,,-0.02,-0.02,-0.015,-0.065,52,,OPEN
0x1c0548eaa6d956c850ad4b5764f475e0ffc5ee31401913ab5812edd5e4bbfcbd,2026-03-06T22:32:51Z,solana-up-or-down-march-6-5pm-et,Down,BUY,25,0.63,0.63,0.64,0.01,0.635,0.6370842185,0.5011968617,1191.37,1185.68,63.6363636364,0.0136363636,0.0050452498,348.239145,0.525356,12,PASSIVE,,TRADE,,0.005,0.005,0.005,-0.145,,,OPEN
0xdecb72ce62878bfa593c35f87442071fb2674d9045878763ebc3e9e01f4d7dd5,2026-03-06T22:33:25Z,bitcoin-up-or-down-march-6-5pm-et,Down,BUY,18,0.56,0.53,0.54,0.01,0.535,0.5309148036,0.4156014954,1586.38,2230.69,94.4444444444,0.0111111111,0.0047140452,307.141203,0.490469142,46,CROSS,,TRADE,,-0.025,-0.025,-0.025,-0.125,6,,OPEN
0xe40121d48502eeadb72f1ff1f0fc9d27741d88a07a6d1c1d5baa07d9ca1f28c2,2026-03-06T22:33:29Z,ethereum-up-or-down-march-6-5pm-et,Down,SELL,2.02941,0.6799996058,0.66,0.67,0.01,0.665,0.660806842,0.4177691416,3938.74,5489.29,76.4705882353,0.0123529412,0.0043723732,140.530295,0.5061520107,148,PASSIVE,,TRADE,,0.0449996058,0.0449996058,0.0449996058,0.1649996058,,0.3044107,REDUCE
0x12d103897ec3c2ba1da5430550d7207c617811a9c0465411a1ff84f69e9a3730,2026-03-06T22:33:29Z,ethereum-up-or-down-march-6-5pm-et,Down,SELL,8.867646,0.6799999684,0.66,0.67,0.01,0.665,0.660806842,0.4177691416,3938.74,5489.29,77.7777777778,0.0122222222,0.0042779263,138.500885,0.5061520107,0,PASSIVE,,TRADE,,0.0449999684,0.0449999684,0.0449999684,0.1649999684,,1.3301466198,REDUCE
0x102c2cf33ea433a7f26119faf1edd02e2e399c049d76446ff3e48626f223b891,2026-03-06T22:33:29Z,ethereum-up-or-down-march-6-5pm-et,Down,SELL,1.617646,0.6799998269,0.66,0.67,0.01,0.665,0.660806842,0.4177691416,3938.74,5489.29,78.9473684211,0.0121052632,0.0041885391,129.633239,0.5061520107,0,PASSIVE,,TRADE,,0.0449998269,0.0449998269,0.0449998269,0.1649998269,,0.24264662,REDUCE
0xd033d44ff8d63da12b9687b4a5937e0630ff0c3e4ee51cfdb4f811abe41b4693,2026-03-06T22:33:31Z,bitcoin-up-or-down-march-6-5pm-et,Down,BUY,18,0.54,0.53,0.54,0.01,0.535,0.530599082,0.4145924835,1584.9,2237.89,94.7368421053,0.0110526316,0.0045883147,325.141203,0.4943184095,6,CROSS,,TRADE,,-0.005,-0.005,-0.005,-0.055,2,,OPEN
0x57bf80e88f44d9da06993e132627ca2c723b8f0328eb263dcfa9fe41e7625a5e,2026-03-06T22:33:31Z,bitcoin-up-or-down-march-6-5pm-et,Down,SELL,2,0.56,0.53,0.54,0.01,0.535,0.5305191747,0.4142661216,1582.77,2237.89,95,0.011,0.004472136,343.141203,0.4967147076,0,PASSIVE,,TRADE,,0.025,0.025,0.025,0.075,,0.02,REDUCE
0x4395e13e3ac4a85b582b0f7e862c6ec6f631fc6e0cc78d353615a56fa7dfd573,2026-03-06T22:33:33Z,bitcoin-up-or-down-march-6-5pm-et,Down,SELL,11.196427,0.5599999893,0.53,0.54,0.01,0.535,0.5305191747,0.4142661216,1582.77,2237.89,95.2380952381,0.010952381,0.0043643578,341.141203,0.4967147076,2,PASSIVE,,TRADE,,0.0249999893,0.0249999893,0.0249999893,0.0749999893,,0.1119641502,REDUCE
0x6d99e2a0098b5df0bd2e6e4e7b78e92774ca8d338d23e4d9f7d5eed5f7d70621,2026-03-06T22:33:33Z,ethereum-up-or-down-march-6-5pm-et,Down,SELL,8.735293,0.6799999725,0.63,0.64,0.01,0.635,0.6319933555,0.4488626278,3944.91,4843.77,80,0.012,0.0041039134,128.015593,0.5061520107,4,PASSIVE,,TRADE,,0.0449999725,0.0449999725,0.0449999725,0.1449999725,,1.2723875098,REDUCE
0xf7ddfa5cddab7a4958617b6b8e631cb39f67541335469679b2446baa83305d3f,2026-03-06T22:33:33Z,bitcoin-up-or-down-march-6-5pm-et,Down,SELL,13.91,0.57,0.53,0.54,0.01,0.535,0.5305276178,0.4121833939,1583.25,2257.88,95.4545454545,0.0109090909,0.0042640143,329.944776,0.4967147076,0,PASSIVE,,TRADE,,0.035,0.035,0.035,0.085,,0.37115594,REDUCE
0x2e0c2a7218311cc60dd4eedc484295abc50f111302d66a93a6273f0ddc6789bc,2026-03-06T22:33:33Z,ethereum-up-or-down-march-6-5pm-et,Down,SELL,1.470587,0.6799998912,0.63,0.64,0.01,0.635,0.6322405529,0.423801859,3730.91,5072.52,80.9523809524,0.0119047619,0.0040237391,119.2803,0.5061520107,0,PASSIVE,,TRADE,,0.0449998912,0.0449998912,0.0449998912,0.1449998912,,0.19117615,REDUCE
0x0384c7bb30c30e0dacfe8a1d420dac4a4d89982b4ef93ec1c0c57ef3e4af021e,2026-03-06T22:33:35Z,xrp-up-or-down-march-6-5pm-et,Down,BUY,20,0.27,0.26,0.27,0.01,0.265,0.2623816618,0.3700291486,1169.17,1990.5,70.5882352941,0.0129411765,0.0046966822,331.934214,0.4089493407,88,CROSS,,TRADE,,-0.005,-0.005,-0.01,-0.115,260,,OPEN
0x32c0052b6f90b2048c03ef12c15e45039d9de14bbc92a435dbdde65aa1f9e4ba,2026-03-06T22:33:35Z,bitcoin-up-or-down-march-6-5pm-et,Down,SELL,30,0.55,0.53,0.54,0.01,0.535,0.5305904511,0.4126382115,1567.79,2231.64,95.652173913,0.0108695652,0.0041702883,316.034776,0.4967147076,2,PASSIVE,,TRADE,,0.015,0.015,0.015,0.055,,1.98842722,REDUCE
0xb7f7023b24e97e22a64fde904aec5219a181dea1d0674c22a886f7fe44cec4a3,2026-03-06T22:33:35Z,bitcoin-up-or-down-march-6-5pm-et,Down,BUY,18,0.52,0.53,0.54,0.01,0.535,0.5305904511,0.4126382115,1567.79,2231.64,95.8333333333,0.0108333333,0.0040824829,286.034776,0.4967147076,0,PASSIVE,,TRADE,,0.015,0.015,0.015,-0.025,4,,OPEN
0x74979e4bc6f421a2ab0ddd8e456332b24431c21d61de1d0ec13dac8986d17666,2026-03-06T22:33:37Z,xrp-up-or-down-march-6-5pm-et,Up,BUY,14,0.7,0.73,0.74,0.01,0.735,0.7373526534,0.6282271015,1975.68,1169.17,76.4705882353,0.0123529412,0.0043723732,156.975656,0.7111626973,90,PASSIVE,,TRADE,,0.035,0.035,0.045,0.145,74,,OPEN
0x198726905ec3fb733c713b52cbc8ac35684af0f2a3ad9532471498589be6107b,2026-03-06T22:33:39Z,bitcoin-up-or-down-march-6-5pm-et,Down,SELL,0.81,0.54,0.53,0.54,0.01,0.535,0.5330603642,0.4298758349,1669.44,2214.1,96.1538461538,0.0107692308,0.0039223227,304.034776,0.4980932843,4,PASSIVE,,TRADE,,0.01,0.01,0.005,0.045,,0.1053,REDUCE
0xd22c24329e954b86fa9da0c71d2f0580c7eace571095709517d67a5ecf8b159e,2026-03-06T22:33:39Z,bitcoin-up-or-down-march-6-5pm-et,Down,SELL,17.187776,0.5399999977,0.53,0.54,0.01,0.535,0.5330603642,0.4298758349,1669.44,2214.1,96.2962962963,0.0107407407,0.0038490018,303.224776,0.4980932843,0,PASSIVE,,TRADE,,0.0099999977,0.0099999977,0.0049999977,0.0449999977,,2.2344108405,REDUCE
0xde3fe40a22491494c5e3489cac67e32f640358d9d1a28f3711e8f44dfe1c76d8,2026-03-06T22:33:41Z,bitcoin-up-or-down-march-6-5pm-et,Down,BUY,18,0.51,0.53,0.54,0.01,0.535,0.5330603642,0.4298758349,1669.44,2214.1,96.4285714286,0.0107142857,0.0037796447,286.037,0.4980932843,2,PASSIVE,,TRADE,,0.02,0.025,0.025,-0.005,14,,OPEN
0x35bb4e6a842b2e4b21ec0a63d9b41b507072f3921b694942505227212be2a667,2026-03-06T22:33:45Z,solana-up-or-down-march-6-5pm-et,Up,BUY,3.70306,0.510000108,0.5,0.52,0.02,0.51,0.5174005719,0.5725704981,2475.52,1848,100,0.0115789474,0.0037463432,153.141625,0.5167903971,316,PASSIVE,,TRADE,,-0.005000108,-0.000000108,0.014999892,0.144999892,62,,OPEN
0x66afdbb18aec60445425980c2bd7d5c06ccb50b9f169037a5f1ec3c7c52bbaf2,2026-03-06T22:33:47Z,solana-up-or-down-march-6-5pm-et,Up,BUY,42.33028,0.52,0.5,0.52,0.02,0.51,0.5174005719,0.5725704981,2475.52,1848,100,0.012,0.0041039134,156.844685,0.5166300802,2,CROSS,,TRADE,,-0.015,-0.01,0.005,0.135,60,,OPEN
0xb55b53cdf8e67309a03a0bd7db79f284cdaa96ec2f97650d9c4ac51a7d9e8093,2026-03-06T22:33:49Z,solana-up-or-down-march-6-5pm-et,Up,BUY,1.61,0.51,0.5,0.52,0.02,0.51,0.5174005719,0.5725704981,2475.52,1848,100,0.0123809524,0.0043643578,199.174965,0.5173462829,2,PASSIVE,,TRADE,,-0.005,0,0.015,0.145,58,,OPEN
0xbe7d905aba2db38f9dfbf0051765d1f777e350306bf3239c2026d863f2f0027c,2026-03-06T22:33:51Z,solana-up-or-down-march-6-5pm-et,Up,BUY,25,0.5,0.5,0.52,0.02,0.51,0.5174005719,0.5725704981,2475.52,1848,100,0.0127272727,0.0045584231,200.784965,0.5172873766,2,PASSIVE,,TRADE,,0.005,0.01,0.185,0.155,56,,OPEN
0x65548748645d784b42981f660495bcd8efee079cbdbe6845ea19d1631ce3f0ee,2026-03-06T22:33:51Z,xrp-up-or-down-march-6-5pm-et,Down,BUY,2.306484,0.2600000694,0.25,0.27,0.02,0.26,0.2621350984,0.4180399507,1588,2210.68,100,0.013,0.0047016235,351.934214,0.4010530161,16,PASSIVE,,TRADE,,-0.0050000694,-0.0000000694,-0.1050000694,-0.0950000694,244,,OPEN
0xbe75ae09fb575f3aae7678e8c2c1198e488b4141401f22e9171b93d43adac8da,2026-03-06T22:33:55Z,bitcoin-up-or-down-march-6-5pm-et,Down,SELL,1.85185,0.54,0.53,0.54,0.01,0.535,0.5373890813,0.4303804578,1685.74,2231.12,96.4285714286,0.0107142857,0.0037796447,304.037,0.4987982014,14,PASSIVE,,TRADE,,0.005,0.005,0.105,0.04,,0.2407405,REDUCE
0xa96e15c20bf08bf9520755b5659991a2f539688a7d97e8680c61b91eac49bdbb,2026-03-06T22:33:57Z,bitcoin-up-or-down-march-6-5pm-et,Down,SELL,2,0.54,0.53,0.54,0.01,0.535,0.5373890813,0.4303804578,1685.74,2231.12,96.5517241379,0.0106896552,0.0037139068,302.18515,0.4987982014,2,PASSIVE,,TRADE,,0.005,0.005,0.105,0.04,,0.26,REDUCE
0xaa5a4ee53ad48f31a59d5028abb48a07af854bb3fa9052e9b46a3104abe3e952,2026-03-06T22:33:59Z,bitcoin-up-or-down-march-6-5pm-et,Down,SELL,7.407406,0.5399999676,0.53,0.54,0.01,0.535,0.536640185,0.4278905655,1669.89,2232.72,96.6666666667,0.0106666667,0.0036514837,300.18515,0.4987982014,2,PASSIVE,,TRADE,,0.0049999676,0.0049999676,0.1049999676,0.0399999676,,1.08262198,REDUCE
0x687de6ef9538b66a5c1693be73c15277310e2ac66098f5908f4bc61382e075af,2026-03-06T22:33:59Z,bitcoin-up-or-down-march-6-5pm-et,Down,SELL,6.73,0.54,0.53,0.54,0.01,0.535,0.536640185,0.4278905655,1669.89,2232.72,96.7741935484,0.0106451613,0.003592106,292.777744,0.4987982014,0,PASSIVE,,TRADE,,0.005,0.005,0.055,0.04,,1.1441,REDUCE
0xb53305800f5f20ed1bbd1f6b7e85ca4051cbbc350a24da5464f69ae9b642e292,2026-03-06T22:34:05Z,xrp-up-or-down-march-6-5pm-et,Down,BUY,2,0.25,0.25,0.27,0.02,0.26,0.2594415428,0.4155443998,1586,2230.68,100,0.015,0.0051298918,354.240698,0.4001346113,14,PASSIVE,,TRADE,,0.005,0.005,-0.095,-0.095,230,,OPEN
0xdc4ae294a891388a016f615c85af60c86e934a645bd5a526de0f2b3d80f93cbd,2026-03-06T22:34:23Z,bitcoin-up-or-down-march-6-5pm-et,Down,SELL,7.690908,0.549999948,0.43,0.45,0.02,0.44,0.4345953677,0.4297192121,2050.59,2721.34,100,0.0106666667,0.0025819889,286.047744,0.4987982014,24,PASSIVE,,TRADE,,0.114999948,0.054999948,0.044999948,0.074999948,,1.3843630401,REDUCE
0xdf4fda89f8c237d9f6243649e7bc12446805751b3d30890a72bfaf353bace802,2026-03-06T22:34:27Z,bitcoin-up-or-down-march-6-5pm-et,Down,SELL,8.55018,0.55,0.43,0.45,0.02,0.44,0.4345953677,0.4297192121,2050.59,2721.34,100,0.01125,0.0034156503,278.356836,0.4987982014,4,PASSIVE,,TRADE,,0.065,0.055,0.05,0.075,,1.30015518,REDUCE
0xfcb884a209b3dc1237da193a66ecd38ccf01f305ef9b20a44c4a10cc6ae779d8,2026-03-06T22:34:29Z,bitcoin-up-or-down-march-6-5pm-et,Down,SELL,1.74,0.55,0.43,0.45,0.02,0.44,0.4345953677,0.4252403405,2062.59,2787.82,100,0.0117647059,0.0039295262,269.806656,0.4987982014,2,PASSIVE,,TRADE,,0.065,0.045,0.05,0.075,,0.261,REDUCE
0x070362c98485b61fa1cbfafb94a20b1b47fa585f2d792c62957c12f4ad091590,2026-03-06T22:34:29Z,solana-up-or-down-march-6-5pm-et,Up,BUY,25,0.53,0.64,0.65,0.01,0.645,0.6496088628,0.5846847416,2775.44,1971.46,50,0.0166666667,0.0077849894,225.784965,0.5153732349,38,PASSIVE,,TRADE,,0.155,0.125,0.12,0.115,18,,OPEN
0x3b4c60a3906ecd6aed3f083471a73b2441cda08c351895874c5096f4589efaf3,2026-03-06T22:34:33Z,bitcoin-up-or-down-march-6-5pm-et,Down,SELL,18,0.54,0.43,0.44,0.01,0.435,0.4347300771,0.4268582,1993.59,2676.79,83.3333333333,0.0116666667,0.0038348249,268.066656,0.4987982014,4,PASSIVE,,TRADE,,0.045,0.035,0.04,0.065,,2.22892278,REDUCE
0xad3b59265d5090b4fe644ce10e508696503d3fe9bebda870ec8eb5f53b5119ab,2026-03-06T22:34:41Z,solana-up-or-down-march-6-5pm-et,Up,BUY,4.92491,0.57,0.65,0.66,0.01,0.655,0.6597810666,0.6311761892,2744.96,1604,53.8461538462,0.0161538462,0.0076794765,250.784965,0.5168313332,12,PASSIVE,,TRADE,,0.085,0.085,0.085,0.075,6,,OPEN
0x6b90b8306993da49df0e476f5ba3e9b3431d871d8adf8e24e4fd19b87f6eeda3,2026-03-06T22:34:47Z,solana-up-or-down-march-6-5pm-et,Up,BUY,0.01,0.6,0.65,0.66,0.01,0.655,0.6597810666,0.6311761892,2744.96,1604,57.1428571429,0.0157142857,0.0075592895,255.709875,0.5178553488,6,PASSIVE,,TRADE,,0.055,0.045,0.055,0.055,36,,OPEN
0xd1262c78fa4b14dcee546c3bc46598787d4a04768829ceea4803d50c1073ed8d,2026-03-06T22:34:47Z,solana-up-or-down-march-6-5pm-et,Up,SELL,5,0.62,0.66,0.67,0.01,0.665,0.6697961264,0.5927495859,2708.67,1861,60,0.0153333333,0.0074322335,255.719875,0.517858561,0,CROSS,,TRADE,,-0.035,-0.025,-0.035,-0.035,,0.5,REDUCE
0xdb03b59c8f320ee49af0f131b787fe47a8ac50a2219b216255ae07fba4617d98,2026-03-06T22:34:47Z,solana-up-or-down-march-6-5pm-et,Up,SELL,1.92,0.62,0.66,0.67,0.01,0.665,0.6697961264,0.5927495859,2708.67,1861,62.5,0.015,0.0073029674,250.719875,0.517858561,0,CROSS,,TRADE,,-0.035,-0.025,-0.035,-0.035,,0.192,REDUCE
0x75488f48faa8852f46edcb50ae7a448c71c9c6dd6a29ed863967635691787f88,2026-03-06T22:34:49Z,bitcoin-up-or-down-march-6-5pm-et,Down,SELL,18,0.49,0.43,0.44,0.01,0.435,0.4395126706,0.4338706358,2023.59,2640.45,84.2105263158,0.0115789474,0.0037463432,250.066656,0.4987982014,16,PASSIVE,,TRADE,,-0.015,-0.01,0.005,0.015,,1.37107722,REDUCE
0x1990355fb48b182a995aecbb25aa21cdd491892b333cd650041bc7b852658c81,2026-03-06T22:34:49Z,solana-up-or-down-march-6-5pm-et,Up,BUY,0.04,0.6,0.68,0.69,0.01,0.685,0.6893748437,0.5898224107,2548.08,1772,64.7058823529,0.0147058824,0.0071743005,248.799875,0.517858561,2,PASSIVE,,TRADE,,0.05,0.05,0.05,0.055,34,,OPEN
0x829b63358b2fa3de3278bac623642c779cf008d9e028acff72bc72c0deeb7fd4,2026-03-06T22:34:51Z,solana-up-or-down-march-6-5pm-et,Up,BUY,0.03,0.6,0.64,0.65,0.01,0.645,0.6495,0.5453670277,2560.58,2134.57,92.3076923077,0.0107692308,0.002773501,248.839875,0.5178717649,2,PASSIVE,,TRADE,,0.05,0.05,0.05,0.06,32,,OPEN
0x8626106d728471109a8220320340c2bed45102ac1cf2d23fabbd0b50d4c5acee,2026-03-06T22:34:51Z,ethereum-up-or-down-march-6-5pm-et,Down,BUY,2.222221,0.5500002025,0.54,0.55,0.01,0.545,0.5476113549,0.5562963034,5211.89,4157.02,85.7142857143,0.0114285714,0.0037796447,117.809713,0.5061520107,78,CROSS,,TRADE,,-0.0050002025,-0.0050002025,-0.0050002025,-0.0050002025,118,,OPEN
0x4b58f7c56f2afe527b622c6891ffece7704ad5e35d3f4dcc53b61a439b916fc2,2026-03-06T22:34:51Z,xrp-up-or-down-march-6-5pm-et,Up,SELL,5.987803,0.8199999232,0.81,0.83,0.02,0.82,0.8233333333,0.4694786744,1873.68,2117.3,100,0.0142857143,0.0053452248,170.975656,0.7102486621,74,PASSIVE,,TRADE,,-0.0100000768,-0.0250000768,-0.0350000768,-0.0450000768,,0.747951791,REDUCE
0x45085d4a291096210067b8ffbb1c9a1ea53a64d8242868ba4553f2b2f1639fa5,2026-03-06T22:34:55Z,xrp-up-or-down-march-6-5pm-et,Up,SELL,1.341462,0.8199993738,0.81,0.83,0.02,0.82,0.8233333333,0.4694786744,1873.68,2117.3,100,0.015,0.0053452248,164.987853,0.7102486621,4,PASSIVE,,TRADE,,-0.0150006262,-0.0250006262,-0.0350006262,-0.0450006262,,0.174389152,REDUCE
0x0e6bedf3fb7397ab47c9bbe38f06223edf8cc4ac43582517f08e8eb54b6194d8,2026-03-06T22:35:01Z,ethereum-up-or-down-march-6-5pm-et,Down,BUY,25,0.52,0.54,0.55,0.01,0.545,0.5480442593,0.5561285572,5225.89,4171.02,87.5,0.01125,0.0035355339,120.031934,0.5069637978,10,PASSIVE,,TRADE,,0.025,0.025,0.025,0.025,108,,OPEN
0x22fd0c624488b671b0f19ea08a5a52681e5dae105910d81413adf2b0926cccdb,2026-03-06T22:35:03Z,solana-up-or-down-march-6-5pm-et,Up,BUY,20,0.68,0.65,0.66,0.01,0.655,0.6557746479,0.4951334878,2339.58,2385.57,92.8571428571,0.0107142857,0.0026726124,248.869875,0.5178816651,12,CROSS,,TRADE,,-0.025,-0.025,-0.035,-0.03,20,,OPEN
0xcf2d6bfbe34b5209f7b2dda94bfba5017790961d98c7d3c5a270467a6eabc8ec,2026-03-06T22:35:05Z,ethereum-up-or-down-march-6-5pm-et,Up,SELL,8.63,0.49,0.45,0.46,0.01,0.455,0.4543672162,0.4816625681,4503.02,4845.89,85.7142857143,0.0114285714,0.0037796447,120.358054,0.4598783144,150,PASSIVE,,TRADE,,0.035,0.035,0.035,0.035,,0.6041,REDUCE
0x536647e2d1912ae411d9ec270e9f536bbc2b22ca232c89243992313692769c81,2026-03-06T22:35:17Z,xrp-up-or-down-march-6-5pm-et,Up,SELL,5,0.83,0.85,0.86,0.01,0.855,0.8517857143,0.4482987968,1038,1277.42,66.6666666667,0.0133333333,0.0049236596,163.646391,0.7102486621,22,CROSS,,TRADE,,-0.025,-0.025,-0.035,-0.035,,0.6999997465,REDUCE
0x11b867862d9f5dc1b63f267f6551bce384aed45056e2d29517afb41123cc9903,2026-03-06T22:35:23Z,solana-up-or-down-march-6-5pm-et,Up,SELL,41,0.65,0.64,0.66,0.02,0.65,0.6563636364,0.4743966599,2280.42,2526.57,100,0.0116666667,0.0038348249,268.869875,0.5299409064,20,PASSIVE,,TRADE,,0,0.005,-0.01,-0.005,,7.3223664,REDUCE
0xd0129fa28fd6cbc3c0aaad29269c90ff4515c30a01ec83e7c8229e75c0284f2f,2026-03-06T22:35:39Z,bitcoin-up-or-down-march-6-5pm-et,Down,SELL,8.333332,0.4799999568,0.47,0.48,0.01,0.475,0.4722680845,0.3980353291,1911.7,2891.14,61.9047619048,0.0138095238,0.0049761335,232.066656,0.4987982014,50,PASSIVE,,TRADE,,0.0049999568,0.0049999568,0.0149999568,-0.0250000432,,0.6666662,REDUCE
0x5cf3bed0df0156831abc58d2d0f03cee8620943b493d6e326587883bbe76a8bb,2026-03-06T22:35:43Z,xrp-up-or-down-march-6-5pm-et,Up,BUY,22.91665,0.86,0.86,0.87,0.01,0.865,0.8664766839,0.3954073662,1392,2128.42,78.9473684211,0.0121052632,0.0041885391,158.646391,0.7102486621,26,PASSIVE,,TRADE,,0.005,0.005,0.005,-0.005,202,,OPEN
0x6f98d0a985e48e1594a90e42bbac479226f6915260a287f971cc2170fc916e37,2026-03-06T22:36:03Z,solana-up-or-down-march-6-5pm-et,Down,BUY,15.44,0.34,0.34,0.36,0.02,0.35,0.3566533922,0.5355239675,2556.57,2217.39,100,0.014375,0.0051234754,373.239145,0.5323651791,192,PASSIVE,,TRADE,,0.01,0.005,0.005,0.105,,,OPEN
0x405f94a24a47548eafe0847fb7756b1f4253a67efe65da674670c67b96da0787,2026-03-06T22:36:21Z,bitcoin-up-or-down-march-6-5pm-et,Up,SELL,10.045554,0.5399999841,0.54,0.55,0.01,0.545,0.543345321,0.5544630793,2819.04,2265.23,86.6666666667,0.0113333333,0.0035186578,29.037776,0.6182027773,782,CROSS,,TRADE,,-0.0050000159,-0.0050000159,0.0649999841,0.1249999841,,-0.9544777797,REDUCE
0xa75bbea51eb4386c1d1f67b7d5f9f21f78254e617d44edd4507c3a5c65b794dc,2026-03-06T22:36:49Z,ethereum-up-or-down-march-6-5pm-et,Down,SELL,17.81,0.58,0.63,0.64,0.01,0.635,0.6395973557,0.5542053176,4914,3952.75,77.7777777778,0.0122222222,0.0042779263,145.031934,0.509210924,108,CROSS,,TRADE,,-0.055,-0.055,-0.06,-0.055,,0.54605897,REDUCE
0xd3b97a9a037d8f40ee311fa4636753f25d930931d6867b0673525a3d5455c818,2026-03-06T22:36:49Z,bitcoin-up-or-down-march-6-5pm-et,Down,BUY,17.76,0.5,0.58,0.59,0.01,0.585,0.580140056,0.3962944403,1747.71,2662.42,94.4444444444,0.0105555556,0.0023570226,223.733324,0.4987982014,70,PASSIVE,,TRADE,,0.08,0.08,0.085,0.025,18,,OPEN
0x7e612afb4dcfcec7fe16db6d8aa8b4c19b9028c7a81da98e5436bdf477e94c87,2026-03-06T22:36:51Z,bitcoin-up-or-down-march-6-5pm-et,Down,BUY,0.24,0.5,0.58,0.59,0.01,0.585,0.580140056,0.3962944403,1747.71,2662.42,94.7368421053,0.0105263158,0.0022941573,241.493324,0.4988865846,2,PASSIVE,,TRADE,,0.08,0.08,0.085,0.025,16,,OPEN
0xdf7bf7e954525727d17f97fe85c632055dbc1fd055db4b0f798aa07a5db58487,2026-03-06T22:36:55Z,ethereum-up-or-down-march-6-5pm-et,Up,BUY,2.317459,0.3700000734,0.36,0.37,0.01,0.365,0.3603911919,0.4508686156,4017.05,4892.53,77.7777777778,0.0122222222,0.0042779263,111.728054,0.4598783144,110,CROSS,,TRADE,,-0.0050000734,-0.0100000734,-0.0100000734,0.0549999266,144,,OPEN
0x1d2c36b3225051dc26d3a0bae4f4a7663d6731a30972d4de7693e1d6604c7c16,2026-03-06T22:36:55Z,ethereum-up-or-down-march-6-5pm-et,Up,BUY,6.349205,0.3700000236,0.36,0.37,0.01,0.365,0.3603911919,0.4508686156,4017.05,4892.53,78.9473684211,0.0121052632,0.0041885391,114.045513,0.4580519459,0,CROSS,,TRADE,,-0.0050000236,-0.0100000236,-0.0100000236,0.0549999764,144,,OPEN
0x62b1303acd56e1ba9c5e312d126605a5cb7352c5490fd89a42600462829f38f5,2026-03-06T22:36:57Z,ethereum-up-or-down-march-6-5pm-et,Up,BUY,1.746029,0.3700001546,0.36,0.37,0.01,0.365,0.3603911919,0.4508686156,4017.05,4892.53,80,0.012,0.0041039134,120.394718,0.4534083891,2,CROSS,,TRADE,,-0.0050001546,-0.0100001546,-0.0100001546,0.0549998454,142,,OPEN
0xdbaeec790b1d7e7e3b331e66d43ff2db327edf73fb2a0f375d5b02c0f6c36d28,2026-03-06T22:36:57Z,ethereum-up-or-down-march-6-5pm-et,Up,BUY,1.952378,0.3700000717,0.36,0.37,0.01,0.365,0.3603911919,0.4508686156,4017.05,4892.53,80.9523809524,0.0119047619,0.0040237391,122.140747,0.45221605,0,CROSS,,TRADE,,-0.0050000717,-0.0100000717,-0.0100000717,0.0549999283,142,,OPEN
0x88814e8021b4db22516b0d31c1142c261e5f0f162e82b28e321b18da449e032e,2026-03-06T22:36:57Z,ethereum-up-or-down-march-6-5pm-et,Up,BUY,1.5873,0.37,0.36,0.37,0.01,0.365,0.3603939171,0.4510576515,4016.93,4888.65,81.8181818182,0.0118181818,0.0039477102,124.093125,0.4509225321,0,CROSS,,TRADE,,-0.005,-0.01,-0.015,0.055,142,,OPEN
0xd2fa4118d7bc85be0c1660bb0df93746a3c4adeb2ff466eb60df7b565629e9dc,2026-03-06T22:36:57Z,ethereum-up-or-down-march-6-5pm-et,Up,BUY,1.730156,0.3700001618,0.36,0.37,0.01,0.365,0.3603939171,0.4510576515,4016.93,4888.65,82.6086956522,0.0117391304,0.0038755339,125.680425,0.4499005087,0,CROSS,,TRADE,,-0.0100001618,-0.0100001618,-0.0150001618,0.0549998382,142,,OPEN
0x0973b77f903185477abdb5ac7f57e54ef8009805c093af36e7bca8f46e18c29e,2026-03-06T22:36:57Z,ethereum-up-or-down-march-6-5pm-et,Up,BUY,3.174602,0.3700000819,0.36,0.37,0.01,0.365,0.3603939171,0.4510397752,4016.64,4888.65,83.3333333333,0.0116666667,0.0038069349,127.410581,0.448815512,0,CROSS,,TRADE,,-0.0100000819,-0.0100000819,-0.0150000819,0.0549999181,142,,OPEN
0xb794a691d9719066ffd9e268c3197a2506aa2530c72c88873640a9b8afd1e2d4,2026-03-06T22:36:57Z,ethereum-up-or-down-march-6-5pm-et,Up,BUY,3.507935,0.3700000143,0.36,0.37,0.01,0.365,0.3603939171,0.4510397752,4016.64,4888.65,84,0.0116,0.0037416574,130.585183,0.4468994629,0,CROSS,,TRADE,,-0.0100000143,-0.0100000143,-0.0150000143,0.0549999857,142,,OPEN
0xfe1d20d6be868987d4ba26bc6ad6d2f2c606255f16550e91488b03d71f3c1c95,2026-03-06T22:36:57Z,ethereum-up-or-down-march-6-5pm-et,Up,BUY,2.317459,0.3700000734,0.36,0.37,0.01,0.365,0.3604109076,0.451059171,4016.93,4888.62,84.6153846154,0.0115384615,0.0036794648,134.093118,0.4448877395,0,CROSS,,TRADE,,-0.0100000734,-0.0100000734,-0.0150000734,0.0549999266,142,,OPEN
0x80c3a50183c5cad7b0a10588e160b9aa4b37961c25d57eb41c251880613394a9,2026-03-06T22:37:01Z,ethereum-up-or-down-march-6-5pm-et,Up,BUY,0.28,0.37,0.36,0.37,0.01,0.365,0.3604812037,0.4510195823,4012.18,4883.62,85.1851851852,0.0114814815,0.0036201399,136.410577,0.4436154841,4,CROSS,,TRADE,,-0.01,-0.01,-0.005,-0.005,138,,OPEN
0xcadc8966ed927d13f61a393ff6dbfac53a387b09614a12ae42d2a7953f03274b,2026-03-06T22:37:05Z,xrp-up-or-down-march-6-5pm-et,Down,BUY,4.968,0.2,0.19,0.2,0.01,0.195,0.1983333333,0.5359233635,2014,1744,77.7777777778,0.0122222222,0.0042779263,356.240698,0.3992917283,180,CROSS,,TRADE,,-0.015,-0.015,0.065,-0.015,50,,OPEN
0x9a9b0738cec9a6b959212dad71b32cd60b7148f7834762794ccaa6369f66d2c1,2026-03-06T22:37:07Z,xrp-up-or-down-march-6-5pm-et,Down,BUY,20,0.19,0.19,0.2,0.01,0.195,0.1983333333,0.5359233635,2014,1744,78.9473684211,0.0121052632,0.0041885391,361.208698,0.3965507054,2,PASSIVE,,TRADE,,-0.005,-0.005,0.075,-0.005,48,,OPEN
0xc2aad76cea99f5318c10f1d3d8fd8d16e824a9517821e4a26c9c2cf56dbc7aee,2026-03-06T22:37:07Z,bitcoin-up-or-down-march-6-5pm-et,Down,SELL,3.152541,0.5899999397,0.58,0.59,0.01,0.585,0.5886237521,0.4143097696,1980.67,2799.98,85,0.0115,0.0036634755,241.733324,0.49888769,16,PASSIVE,,TRADE,,0.0049999397,0.0049999397,0.0349999397,0.0649999397,,0.5989825999,REDUCE
0x2fb30e9c515a15966aa705c14326f826f3b2b53d853121c9a4fc3eb5aef87af3,2026-03-06T22:37:21Z,bitcoin-up-or-down-march-6-5pm-et,Down,BUY,18,0.59,0.53,0.54,0.01,0.535,0.5372368421,0.5144522676,2144.52,2024.03,86.3636363636,0.0113636364,0.0035125009,238.580783,0.49888769,14,CROSS,,TRADE,,-0.055,-0.055,-0.065,-0.115,26,,OPEN
0x95df616152f77b57ee4c3f7def8e6484ba5684eb206afa1f7e34a3733c585370,2026-03-06T22:37:41Z,bitcoin-up-or-down-march-6-5pm-et,Down,BUY,18,0.53,0.52,0.53,0.01,0.525,0.5212345679,0.2724066531,1041.95,2783.03,91.3043478261,0.0108695652,0.0028810407,256.580783,0.5052795233,20,CROSS,,TRADE,,-0.005,-0.005,0,-0.065,6,,OPEN
0xad9da93f64ef3554c9e6d47d0c888fb6510827855e64145ccb9ee9a83e4401a6,2026-03-06T22:37:47Z,bitcoin-up-or-down-march-6-5pm-et,Up,SELL,18,0.55,0.47,0.48,0.01,0.475,0.479108496,0.7288106919,2800.2,1041.95,94.7368421053,0.0105263158,0.0022941573,18.992222,0.6182027773,86,PASSIVE,,TRADE,,0.075,0.075,0.055,0.015,,-1.23968888,REDUCE
0xc2761ca8eb35b3b61639b72cf6a6de9cf078b9d4ff766fec8b02b6cc13b0fe60,2026-03-06T22:37:47Z,bitcoin-up-or-down-march-6-5pm-et,Down,SELL,42,0.53,0.52,0.53,0.01,0.525,0.5212345679,0.2724066531,1041.95,2783.03,91.6666666667,0.0108333333,0.0028232985,274.580783,0.5069000612,6,PASSIVE,,TRADE,,0.005,0.005,0.025,0.065,,2.35811553,REDUCE
0xd69dfcf05b6584532fb9b089977ca48a31fe134496759918f6431619e3d3388a,2026-03-06T22:37:49Z,bitcoin-up-or-down-march-6-5pm-et,Down,SELL,42,0.53,0.52,0.53,0.01,0.525,0.5212345679,0.2724066531,1041.95,2783.03,92,0.0108,0.0027688746,232.580783,0.5069000612,2,PASSIVE,,TRADE,,0.005,0.005,0.055,0.065,,1.93927083,REDUCE
0xec72669de0725eddb19774355bf3b4c7998e29feaa69e6fa31757064f182895f,2026-03-06T22:37:49Z,bitcoin-up-or-down-march-6-5pm-et,Down,SELL,2.24,0.54,0.52,0.53,0.01,0.525,0.520891504,0.282972803,1061.68,2690.2,92.3076923077,0.0107692308,0.0027174649,190.580783,0.5069000612,0,PASSIVE,,TRADE,,0.015,0.015,0.065,0.075,,0.0448,REDUCE
0x60c9153d364391c68059fe0963437791a8fa67b32d4e39bf2dd3de54503d286d,2026-03-06T22:37:49Z,bitcoin-up-or-down-march-6-5pm-et,Down,SELL,15.76,0.54,0.52,0.53,0.01,0.525,0.520891504,0.282972803,1061.68,2690.2,92.5925925926,0.0107407407,0.0026688026,188.340783,0.5069000612,0,PASSIVE,,TRADE,,0.015,0.015,0.065,0.075,,-0.35805576,REDUCE
0x00932fcbffffca2051a02612efc64870ecc1dd278de2c6373b084b9b39da9f56,2026-03-06T22:37:55Z,xrp-up-or-down-march-6-5pm-et,Down,SELL,22.82,0.21,0.17,0.18,0.01,0.175,0.1722727273,0.5461448598,1870,1554,71.4285714286,0.0128571429,0.0046291005,381.208698,0.3857140846,48,PASSIVE,,TRADE,,0.04,0.025,0.105,0.155,,-5.7132,REDUCE
0x8a6a47e7a5181ec1c8905a5c62f40a9314127dc42fcdd52a0a157ae92cce49e1,2026-03-06T22:37:57Z,solana-up-or-down-march-6-5pm-et,Down,BUY,2.32,0.36,0.37,0.38,0.01,0.375,0.371,0.4824137516,2322.06,2491.36,60,0.014,0.0050262469,388.679145,0.5247236104,114,PASSIVE,,TRADE,,0.01,0.01,-0.055,-0.085,,,OPEN
0xe3fb18eb2f76b5260d64452e2fede422726e0372cccd7f398f0fb3debdd99ec9,2026-03-06T22:37:57Z,xrp-up-or-down-march-6-5pm-et,Down,BUY,1.82,0.16,0.17,0.19,0.02,0.18,0.1823076923,0.4705195563,1612,1814,100,0.0130434783,0.0047047197,358.388698,0.3857140846,2,PASSIVE,,TRADE,,0.01,0.01,-0.055,-0.105,22,,OPEN
0xc29acb054a7f0d97a99b5f77ebbfc7e2d42b3f7683c02f56eb52ec0364bae0b4,2026-03-06T22:37:57Z,xrp-up-or-down-march-6-5pm-et,Down,BUY,0.37,0.16,0.17,0.19,0.02,0.18,0.1823076923,0.4705195563,1612,1814,100,0.0133333333,0.0048154341,360.208698,0.3845736356,0,PASSIVE,,TRADE,,0.01,0.01,-0.055,-0.105,22,,OPEN
0x97c29245ea5409379218e5f679b9d8c95c271410d8f45af13fe05d8523b6bd72,2026-03-06T22:37:57Z,bitcoin-up-or-down-march-6-5pm-et,Down,BUY,14,0.5,0.5,0.51,0.01,0.505,0.5011573847,0.3069079487,1385.45,3128.77,96.2962962963,0.0103703704,0.0019245009,172.580783,0.5069000612,8,PASSIVE,,TRADE,,0.005,0.005,-0.025,-0.045,12,,OPEN
0xfa65ba89cedc17a4fb79fb386ecb9584baa97928c8d98c5a9bd358d42fae2b7e,2026-03-06T22:38:09Z,bitcoin-up-or-down-march-6-5pm-et,Down,SELL,10.45,0.53,0.5,0.51,0.01,0.505,0.5011573847,0.3069079487,1385.45,3128.77,96.4285714286,0.0103571429,0.0018898224,186.580783,0.5063823184,12,PASSIVE,,TRADE,,0.025,0.055,0.065,0.075,,-0.7315,REDUCE
0xc7c5bd9535d49def808d609e0f7e275c659ce788ab90544542f4dfe6ab16a3c7,2026-03-06T22:38:09Z,bitcoin-up-or-down-march-6-5pm-et,Down,SELL,7.547168,0.5299999947,0.5,0.51,0.01,0.505,0.5012266112,0.3057257787,1379.45,3132.6,96.5517241379,0.0103448276,0.0018569534,176.130783,0.5063823184,0,PASSIVE,,TRADE,,0.0249999947,0.0549999947,0.0649999947,0.0749999947,,-0.5283018,REDUCE
0x46f78a218a9d06c7abd83f70f199ace3115c48cd4f0dfd46505597310f5c0a30,2026-03-06T22:38:09Z,ethereum-up-or-down-march-6-5pm-et,Down,BUY,15.71,0.63,0.61,0.62,0.01,0.615,0.6197975709,0.4883207108,4561.77,4779.98,85,0.0115,0.0036634755,127.221934,0.509210924,80,CROSS,,TRADE,,-0.055,-0.055,-0.065,-0.075,,,OPEN
0x538bf7e724957685ee30e905bb713e3f3b72dc7acf628050e5a507ea8f3ad613,2026-03-06T22:38:13Z,ethereum-up-or-down-march-6-5pm-et,Down,BUY,2.702701,0.6300001369,0.61,0.62,0.01,0.615,0.6197975709,0.4883207108,4561.77,4779.98,85.7142857143,0.0114285714,0.0035856858,142.931934,0.522487148,4,CROSS,,TRADE,,-0.0550001369,-0.0550001369,-0.0650001369,-0.0750001369,,,OPEN
0x2f2fe7001f8ac53cd1eaa8295b258d54c05d145727e95aabe2c3bb85fe0f7983,2026-03-06T22:38:13Z,ethereum-up-or-down-march-6-5pm-et,Down,BUY,2.702701,0.6300001369,0.61,0.62,0.01,0.615,0.61984375,0.4883207108,4561.77,4779.98,86.3636363636,0.0113636364,0.0035125009,145.634635,0.524482384,0,CROSS,,TRADE,,-0.0550001369,-0.0550001369,-0.0650001369,-0.0750001369,,,OPEN
0x54128c93ec0a80c35f4c363f334c31d4943507b63522a4490715244b3eb12b80,2026-03-06T22:38:15Z,bitcoin-up-or-down-march-6-5pm-et,Down,BUY,0.05,0.53,0.5,0.51,0.01,0.505,0.501370768,0.3114304807,1426.09,3153.07,96.6666666667,0.0103333333,0.0018257419,168.583615,0.5063823184,6,CROSS,,TRADE,,-0.055,-0.055,-0.065,-0.075,14,,OPEN
0xda86696f2e23256369eb1e1b7c5e8d81caea26c7819bbdaf1ef2ad1ec5e6e9fd,2026-03-06T22:38:15Z,bitcoin-up-or-down-march-6-5pm-et,Down,BUY,0.11,0.53,0.5,0.51,0.01,0.505,0.501370768,0.3114304807,1426.09,3153.07,96.7741935484,0.0103225806,0.001796053,168.633615,0.5063893211,0,CROSS,,TRADE,,-0.055,-0.055,-0.065,-0.075,14,,OPEN
0x2b1b12e13c025938855d811b59af43d49555c15fbcea41ab091a64bcda30631b,2026-03-06T22:38:15Z,bitcoin-up-or-down-march-6-5pm-et,Down,SELL,18,0.55,0.5,0.51,0.01,0.505,0.5005861665,0.2873369558,1280.77,3176.61,96.875,0.0103125,0.001767767,168.743615,0.5064047123,0,PASSIVE,,TRADE,,0.075,0.075,0.085,0.095,,-0.9,REDUCE
0x02430a9c44661d3fe0c9213c7a42322b5ba8e56afbda76f6517857e033efc58f,2026-03-06T22:38:17Z,ethereum-up-or-down-march-6-5pm-et,Down,BUY,2.702701,0.6300001369,0.61,0.62,0.01,0.615,0.61984375,0.4992224563,4561.77,4575.98,86.9565217391,0.0113043478,0.0034435022,148.337336,0.5264049137,4,CROSS,,TRADE,,-0.0550001369,-0.0550001369,-0.0650001369,-0.1650001369,,,OPEN
0xfacf1e659571f129081097dd7626f3a004297382db3d6781b05d0a270eacefc6,2026-03-06T22:38:19Z,xrp-up-or-down-march-6-5pm-et,Down,SELL,20,0.19,0.1,0.11,0.01,0.105,0.1018896999,0.5896875635,2671.78,1859.06,62.5,0.01375,0.005,360.578698,0.3843431943,22,PASSIVE,,TRADE,,0.085,0.085,0.135,0.135,,-5.4236,REDUCE
0x78b356465b51c21c0d241885cab1126eadc66aa958e002ccea3677c88628d8d8,2026-03-06T22:38:19Z,bitcoin-up-or-down-march-6-5pm-et,Down,BUY,17.84,0.53,0.47,0.48,0.01,0.475,0.470269789,0.3141047855,1459.29,3186.58,95.8333333333,0.0104166667,0.0020412415,150.743615,0.5064047123,4,CROSS,,TRADE,,-0.055,-0.055,-0.075,-0.125,10,,OPEN
0x974884b95d57e05b329201d5ea8139e49008fbc6abec15681956fa1b6281b607,2026-03-06T22:38:29Z,bitcoin-up-or-down-march-6-5pm-et,Down,SELL,7.843136,0.5099999541,0.47,0.48,0.01,0.475,0.470269789,0.3141047855,1459.29,3186.58,96,0.0104,0.002,168.583615,0.5089016331,10,PASSIVE,,TRADE,,0.0349999541,0.0449999541,0.0549999541,0.1449999541,,-0.7058826,REDUCE
0x418426a2da92c16801eaf94e30716000f32994d930b389b2dfcc6114628aa9d9,2026-03-06T22:38:29Z,bitcoin-up-or-down-march-6-5pm-et,Down,SELL,8.34,0.51,0.47,0.48,0.01,0.475,0.470269789,0.3257213955,1539.33,3186.58,96.1538461538,0.0103846154,0.0019611614,160.740479,0.5089016331,0,PASSIVE,,TRADE,,0.045,0.045,0.055,0.145,,-0.52661916,REDUCE
0x91393a857efe2140221baeefa9e41ce5e72829167449af41d080ec32fb846d78,2026-03-06T22:38:31Z,bitcoin-up-or-down-march-6-5pm-et,Down,SELL,1.81,0.51,0.47,0.48,0.01,0.475,0.470269789,0.3257213955,1539.33,3186.58,96.2962962963,0.0103703704,0.0019245009,152.400479,0.5089016331,2,PASSIVE,,TRADE,,0.045,0.045,0.055,0.145,,-0.0905,REDUCE
0x418d69006abb976f2cf353201fe644dab2bf06a584a032fb0b2887a0cee66f93,2026-03-06T22:38:45Z,xrp-up-or-down-march-6-5pm-et,Up,BUY,11.96655,0.88,0.94,0.95,0.01,0.945,0.9422219182,0.5383426283,1891.02,1621.65,75,0.0125,0.0045226702,181.563041,0.7291500805,182,PASSIVE,,TRADE,,0.065,0.065,0.065,0.08,20,,OPEN
0x535f9b45f828c2949278732b95b448c1ff8530c137a963904dfa8328770c8190,2026-03-06T22:38:47Z,solana-up-or-down-march-6-5pm-et,Up,BUY,0.56349,0.69,0.72,0.73,0.01,0.725,0.7291433321,0.6280944269,2887.08,1709.49,66.6666666667,0.0133333333,0.0049236596,227.869875,0.5299409064,204,PASSIVE,,TRADE,,0.035,0.045,0.095,0.125,98,,OPEN
0x0713f69ffb45a9a0a5e457bd7595d139c53fe9c68ea25bbba0ea5c41d5881427,2026-03-06T22:38:51Z,bitcoin-up-or-down-march-6-5pm-et,Down,SELL,18,0.47,0.46,0.47,0.01,0.465,0.4607836424,0.2605995511,1135.5,3221.76,95.4545454545,0.0104545455,0.0021320072,150.590479,0.5089016331,20,PASSIVE,,TRADE,,0.015,0.015,0.065,0.165,,-1.47180958,REDUCE
0xc71250cfd3cac7952dad5dd6b6375f4f01cc54555eb6103843f66846c8534351,2026-03-06T22:38:59Z,xrp-up-or-down-march-6-5pm-et,Up,BUY,11.363635,0.8900000748,0.94,0.95,0.01,0.945,0.9420527912,0.5340670727,1907.02,1663.73,76.9230769231,0.0123076923,0.0043852901,193.529591,0.7384776107,14,PASSIVE,,TRADE,,0.0549999252,0.0549999252,0.0549999252,0.0749999252,6,,OPEN
0xe672652c647ff667815027ffc8eb3037bbdabc0792f90bbd5a5ccad41d0c5544,2026-03-06T22:38:59Z,xrp-up-or-down-march-6-5pm-et,Up,BUY,4.98988,0.9,0.94,0.95,0.01,0.945,0.9420527912,0.5340670727,1907.02,1663.73,78.5714285714,0.0121428571,0.0042581531,204.893226,0.7468812364,0,PASSIVE,,TRADE,,0.045,0.045,0.045,0.065,6,,OPEN
0x55ed31c9cfabe863524fea517f1912be2084ab9fe331b142a60324f7c969bfb6,2026-03-06T22:38:59Z,bitcoin-up-or-down-march-6-5pm-et,Down,SELL,8.333332,0.4799999568,0.46,0.47,0.01,0.465,0.4607836424,0.2503130276,1147.5,3436.76,95.652173913,0.0104347826,0.0020851441,132.590479,0.5089016331,8,PASSIVE,,TRADE,,0.0249999568,0.0249999568,0.1149999568,0.1749999568,,-0.50000028,REDUCE
0x9b44ef03532b7fe552416a74e6f66c160a7a722b27cb13a55435d89663e3af33,2026-03-06T22:39:03Z,xrp-up-or-down-march-6-5pm-et,Up,BUY,26.44414,0.92,0.94,0.95,0.01,0.945,0.9451963873,0.5937932526,2196.56,1502.64,92.8571428571,0.0107142857,0.0026726124,209.883106,0.7505215687,4,PASSIVE,,TRADE,,0.025,0.025,0.025,0.045,2,,OPEN
0xa4f68a35ca6a6be587c3250f83a28c506ffe2c06fa97f8802f872fc87706e96b,2026-03-06T22:39:05Z,xrp-up-or-down-march-6-5pm-et,Up,BUY,15.95731,0.94,0.94,0.95,0.01,0.945,0.9451963873,0.5937932526,2196.56,1502.64,93.3333333333,0.0106666667,0.0025819889,236.327246,0.7694855749,2,PASSIVE,,TRADE,,0.005,0.005,0.005,0.025,,,OPEN
0x2aacdb95d24e1876ae56f2991297c71f8bfc2de8346e58439dc5013da780a594,2026-03-06T22:39:05Z,solana-up-or-down-march-6-5pm-et,Up,BUY,37.58105,0.7,0.79,0.8,0.01,0.795,0.794875,0.5027280733,2215.04,2191,91.6666666667,0.0108333333,0.0028867513,228.433365,0.5303357335,18,PASSIVE,,TRADE,,0.095,0.095,0.105,0.155,80,,OPEN
0x08c717a663114c025611dc8cfe2b3ee6221619033fe5bca47c617ece20638f21,2026-03-06T22:39:05Z,xrp-up-or-down-march-6-5pm-et,Up,SELL,20,0.96,0.94,0.95,0.01,0.945,0.9441416914,0.577204827,2171.56,1590.64,93.75,0.010625,0.0025,252.284556,0.7802708231,0,PASSIVE,,TRADE,,0.015,0.015,0.015,-0.005,,4.4684426878,REDUCE
0xe79a8b40116b3e1d2386eab27f7319187ffc07a0ff406cdcd2603eb8e799db79,2026-03-06T22:39:09Z,xrp-up-or-down-march-6-5pm-et,Up,BUY,20,0.94,0.94,0.95,0.01,0.945,0.9441416914,0.577204827,2171.56,1590.64,94.1176470588,0.0105882353,0.0024253563,232.284556,0.7802708231,4,PASSIVE,,TRADE,,0.005,0.005,0.02,0.025,,,OPEN
0x023cb75712bdb7b587ca0bbd28d43547535f405004e2c4afc0c7cbe532dae60f,2026-03-06T22:39:19Z,bitcoin-up-or-down-march-6-5pm-et,Down,SELL,8.695651,0.4599999471,0.36,0.37,0.01,0.365,0.3602469136,0.4197945197,2142.69,2961.45,100,0.01,0,124.257147,0.5089016331,20,PASSIVE,,TRADE,,0.1049999471,0.1049999471,0.1549999471,0.1749999471,,-0.56688246,REDUCE
0x5a6390bdf4147dbc64f44c4befc12dd95b17c8b58390febfeb3cd0bdfd7fc24a,2026-03-06T22:39:19Z,solana-up-or-down-march-6-5pm-et,Up,BUY,16.34507,0.75,0.81,0.82,0.01,0.815,0.8103816794,0.4799313211,2121.57,2299,94.7368421053,0.0105263158,0.0022941573,266.014415,0.5543049657,14,PASSIVE,,TRADE,,0.06,0.06,0.075,0.105,66,,OPEN
0x53e71d1a3aaf0689bce510db0559c474fd9892374f2ce91ca2b62101acaa9da5,2026-03-06T22:39:19Z,ethereum-up-or-down-march-6-5pm-et,Up,SELL,10,0.49,0.56,0.57,0.01,0.565,0.5683109165,0.5251737479,4830.9,4367.77,94.1176470588,0.0105882353,0.0024253563,136.690577,0.4434646885,138,CROSS,,TRADE,,-0.075,-0.085,-0.085,-0.125,,0.7,REDUCE
0x924338ac4449f84a4049e9290bb8626e3bf57264eb30dc82987e58053a0b0074,2026-03-06T22:39:21Z,ethereum-up-or-down-march-6-5pm-et,Up,SELL,15,0.49,0.56,0.57,0.01,0.565,0.5683109165,0.5251737479,4830.9,4367.77,94.4444444444,0.0105555556,0.0023570226,126.690577,0.4434646885,2,CROSS,,TRADE,,-0.075,-0.085,-0.085,-0.125,,-0.4171,REDUCE
0x83185cb5bfa00ede3e0a8b7773433abd2b1531248cab97b5441ac90f6558fce9,2026-03-06T22:39:23Z,bitcoin-up-or-down-march-6-5pm-et,Up,BUY,0.09,0.57,0.64,0.65,0.01,0.645,0.646452019,0.4692813683,2148.83,2430.15,100,0.01,0,0.992222,0.6182027773,96,PASSIVE,,TRADE,,0.075,0.075,0.125,0.145,66,,OPEN
0x88dd74d9a4610886b577a14d77229812a5f45ef95fae9e8cde671bfd2880a449,2026-03-06T22:39:23Z,xrp-up-or-down-march-6-5pm-et,Up,BUY,34.98026,0.95,0.94,0.95,0.01,0.945,0.9455997161,0.589196955,1935.73,1349.64,95.8333333333,0.0104166667,0.0020412415,252.284556,0.7929334434,14,CROSS,,TRADE,,-0.005,0.01,0.015,0.015,,,OPEN
0x4a165dd08435d2b1c0053dfa7301e02a141b9a5fefeeb6dfda5bdc1c932c14d0,2026-03-06T22:39:23Z,ethereum-up-or-down-march-6-5pm-et,Down,BUY,4.85185,0.46,0.43,0.44,0.01,0.435,0.4315596118,0.4739172008,4376.45,4858.18,94.1176470588,0.0105882353,0.0024253563,151.040037,0.5282586402,66,CROSS,,TRADE,,-0.025,-0.035,-0.065,-0.065,,,OPEN
0xa23511f0f6bee3b15cf198f03d9789664f9316a861bb9d6f5296a01ebb5f2672,2026-03-06T22:39:23Z,ethereum-up-or-down-march-6-5pm-et,Down,BUY,1.81,0.46,0.43,0.44,0.01,0.435,0.4315596118,0.4739172008,4376.45,4858.18,94.4444444444,0.0105555556,0.0023570226,155.891887,0.5261342148,0,CROSS,,TRADE,,-0.025,-0.035,-0.065,-0.065,,,OPEN
0x484f39e897062581246d40518bac5cc05521ad1068ea7d57697adbda8153ab89,2026-03-06T22:39:23Z,ethereum-up-or-down-march-6-5pm-et,Down,BUY,1.58,0.46,0.43,0.44,0.01,0.435,0.4317872509,0.4740669023,4377.42,4856.34,94.7368421053,0.0105263158,0.0022941573,157.701887,0.5253751692,0,CROSS,,TRADE,,-0.025,-0.035,-0.065,-0.065,,,OPEN
0x4997988b01cfdf4f2e48f19743de1dcbbcebb66648eea539aa0b5413440523c3,2026-03-06T22:39:25Z,ethereum-up-or-down-march-6-5pm-et,Down,BUY,2.129628,0.4600000563,0.43,0.44,0.01,0.435,0.4317872509,0.4740669023,4377.42,4856.34,95,0.0105,0.002236068,159.281887,0.5247266788,2,CROSS,,TRADE,,-0.0250000563,-0.0350000563,-0.0650000563,-0.0650000563,,,OPEN
0x5e0fc50d7c944f26f2448714670d9242110a3cced6179f7e33a5020069a71b66,2026-03-06T22:39:25Z,ethereum-up-or-down-march-6-5pm-et,Down,BUY,9.44,0.46,0.43,0.44,0.01,0.435,0.4317872509,0.4740669023,4377.42,4856.34,95.2380952381,0.0104761905,0.0021821789,161.411515,0.52387269,0,CROSS,,TRADE,,-0.035,-0.035,-0.05,-0.065,,,OPEN
0x4aba0def30b5aed237b7d81b0b81bf84a4b550f135b995a61e32eb2ff540debd,2026-03-06T22:39:27Z,bitcoin-up-or-down-march-6-5pm-et,Up,BUY,12.82,0.57,0.64,0.65,0.01,0.645,0.6460213538,0.4608697167,2116.24,2475.6,100,0.01,0,1.082222,0.6141941266,4,PASSIVE,,TRADE,,0.075,0.095,0.125,0.145,62,,OPEN
0xafa456a901e65193da302b7538f81cb5a69887dcef382ba16e784e168a0c6707,2026-03-06T22:39:27Z,bitcoin-up-or-down-march-6-5pm-et,Up,BUY,5.09,0.57,0.64,0.65,0.01,0.645,0.6460213538,0.4608697167,2116.24,2475.6,100,0.01,0,13.902222,0.573440303,0,PASSIVE,,TRADE,,0.075,0.095,0.125,0.145,62,,OPEN
0x52c5e160448dd455b66969535c50b7f107365a1dfc79cd44133cb8e37980ab82,2026-03-06T22:39:27Z,xrp-up-or-down-march-6-5pm-et,Up,BUY,9.82,0.94,0.94,0.95,0.01,0.945,0.9455997161,0.5975272636,2003.73,1349.64,96,0.0104,0.002,287.264816,0.8120594507,4,PASSIVE,,TRADE,,0.005,0.02,0.025,0.025,,,OPEN
0x2d7fd132f3cfe4644caf640bb49600df2e208d5cc53b59dfdf6c4cebf5ee54c8,2026-03-06T22:39:29Z,xrp-up-or-down-march-6-5pm-et,Up,BUY,10.18,0.94,0.94,0.95,0.01,0.945,0.9455997161,0.5975272636,2003.73,1349.64,96.1538461538,0.0103846154,0.0019611614,297.084816,0.8162884659,2,PASSIVE,,TRADE,,0.005,0.02,0.025,0.025,,,OPEN
0x2324e13446afabf5eacc25b55693c911ccd53011e9b43e701794eacba26f90ac,2026-03-06T22:39:31Z,bitcoin-up-or-down-march-6-5pm-et,Down,BUY,18,0.36,0.35,0.36,0.01,0.355,0.3531341748,0.5283537808,2464.67,2200.14,100,0.01,0,115.561496,0.5089016331,12,CROSS,,TRADE,,-0.025,-0.055,-0.055,-0.055,54,,OPEN
0xffbb62db0e5505c7a87a0423f2ed62fd1e949891ce3fa10f3a1fe1e37b27eaa0,2026-03-06T22:39:35Z,solana-up-or-down-march-6-5pm-et,Up,BUY,41,0.8,0.8,0.82,0.02,0.81,0.8073840445,0.5025122164,2332.32,2309,100,0.011,0.0030779351,282.359485,0.5656332519,16,PASSIVE,,TRADE,,0.015,0.015,0.055,0.015,50,,OPEN
0x6b8ffd57151408c2e45b610dcf671c2eeb4fdbe1993fcc66be9e925ac0aa95a7,2026-03-06T22:39:37Z,bitcoin-up-or-down-march-6-5pm-et,Up,BUY,18,0.63,0.69,0.7,0.01,0.695,0.6988128331,0.3791942686,1931.9,3162.85,100,0.01,0,18.992222,0.5725182865,10,PASSIVE,,TRADE,,0.065,0.065,0.065,,52,,OPEN
0xe6b3c24c512ac70cbe1f0a2cfa8f3343bb836310eb1deb4452297754c32aa319,2026-03-06T22:39:57Z,bitcoin-up-or-down-march-6-5pm-et,Down,BUY,18,0.32,0.23,0.24,0.01,0.235,0.2315302284,0.7043501338,5122.33,2150.09,100,0.01,0,133.561496,0.4888342524,26,CROSS,,TRADE,,-0.085,-0.085,-0.035,,28,,OPEN
0x8f88bd65a186553ed71a0ed2b24bbbd2111f331697a82b3c2f7f87377643141a,2026-03-06T22:39:59Z,xrp-up-or-down-march-6-5pm-et,Up,BUY,20,0.95,0.96,0.97,0.01,0.965,0.9606027001,0.5493835127,1575.11,1291.94,91.3043478261,0.0108695652,0.0028810407,307.264816,0.8203871565,30,PASSIVE,,TRADE,,0.015,0.015,0.015,,,,OPEN
0x2b8a04e6ee57321eebcbcaa6e43da4540f492892303b8b461856fc5b5982ca3e,2026-03-06T22:40:05Z,ethereum-up-or-down-march-6-5pm-et,Down,BUY,7.81,0.36,0.3,0.31,0.01,0.305,0.3008795904,0.4631253622,4131.37,4789.26,100,0.01,0,170.851515,0.5203435542,40,CROSS,,TRADE,,-0.055,-0.055,0.065,,,,OPEN
0x5cbeac3d7909cf5b5fbc7b02c21fffe2dc07fb3d0119376796491571a24bede2,2026-03-06T22:40:05Z,solana-up-or-down-march-6-5pm-et,Up,BUY,8.41,0.85,0.89,0.91,0.02,0.9,0.8989347079,0.376344086,1900.5,3149.4,100,0.0126315789,0.0045241393,323.359485,0.5953495185,30,PASSIVE,,TRADE,,0.05,0.005,,,20,,OPEN
0xf4686ad5be2066c45be8786066ea06dd608c3d838783b919feca9b2aea5165ea,2026-03-06T22:40:05Z,solana-up-or-down-march-6-5pm-et,Up,BUY,16.585332,0.8500000482,0.89,0.91,0.02,0.9,0.8989347079,0.376344086,1900.5,3149.4,100,0.013,0.0047016235,331.769485,0.6018046346,0,PASSIVE,,TRADE,,0.0499999518,0.0049999518,,,20,,OPEN
0xc5151c8a133808057a39df1be00db2d92867b44b4f3b8c1b3ce48bf1631b6067,2026-03-06T22:40:05Z,ethereum-up-or-down-march-6-5pm-et,Down,BUY,2.12,0.36,0.3,0.31,0.01,0.305,0.3030145643,0.4672477781,4152.16,4734.26,100,0.01,0,178.661515,0.5133343046,0,CROSS,,TRADE,,-0.055,0.025,,,,,OPEN
0xc1833cdaf7bddc20a5569227a689bc853f53969811b831a3be94520307b29a4a,2026-03-06T22:40:07Z,ethereum-up-or-down-march-6-5pm-et,Up,BUY,2.69,0.59,0.69,0.7,0.01,0.695,0.6960993245,0.5303649167,4734.26,4192.16,100,0.01,0,111.690577,0.4434646885,46,PASSIVE,,TRADE,,0.105,0.025,,,,,OPEN
0xeb37792452a3456fb6d26a9e61e33b4e22ea1995db573909a1d8102f20df4e78,2026-03-06T22:40:19Z,ethereum-up-or-down-march-6-5pm-et,Up,BUY,22.14473,0.68,0.58,0.59,0.01,0.585,0.5816461244,0.4276562254,3803.66,5090.54,100,0.01,0,114.380577,0.4469109028,12,CROSS,,TRADE,,-0.105,-0.105,,,,,OPEN
0x5cb66452a8090827b6eae6bd675e71d916fade7fcb6f4036a67161318cf27881,2026-03-06T22:40:25Z,bitcoin-up-or-down-march-6-5pm-et,Down,SELL,18,0.26,0.29,0.3,0.01,0.295,0.2967835834,0.5281875051,2977.15,2659.39,100,0.01,0,151.561496,0.4687828764,28,CROSS,,TRADE,,-0.045,,,,,-4.61561496,REDUCE
0xef3e49a88f92077d8bf76ada776efa20c127ffa64eeef269fa79bb90b698d95f,2026-03-06T22:40:25Z,solana-up-or-down-march-6-5pm-et,Up,SELL,25,0.91,0.81,0.82,0.01,0.815,0.818,0.5004891314,1928.77,1925,64.7058823529,0.0135294118,0.0049259218,348.354817,0.6136213316,20,PASSIVE,,TRADE,,0.095,,,,,9.67725584,REDUCE
0x67b4513183ee988ffb47633cb8807f127622b8845167530bc66daa2c368af965,2026-03-06T22:40:27Z,solana-up-or-down-march-6-5pm-et,Up,SELL,40,0.88,0.81,0.82,0.01,0.815,0.818,0.5004891314,1928.77,1925,66.6666666667,0.0133333333,0.0048507125,323.354817,0.6136213316,2,PASSIVE,,TRADE,,0.065,,,,,15.2343302702,REDUCE
0x13eded5ea0167bbb97dbbba9763ea060d7a775a57d4ea0ab9c2c3f57cc02bdd0,2026-03-06T22:40:29Z,bitcoin-up-or-down-march-6-5pm-et,Up,SELL,0.98,0.73,0.69,0.7,0.01,0.695,0.6940168709,0.5069454124,2655.01,2582.26,100,0.01,0,36.992222,0.6004882431,52,PASSIVE,,TRADE,,0.035,,,,,0.1372,REDUCE
